country_code,year,gdp_growth,inflation,population,gni_per_capita,life_expectancy,literacy_rate,country_name,region,income_level,gdp_per_capita,happiness_score,social_support,life_expectancy_whr,freedom,generosity,corruption,positive_affect,negative_affect,attractivity_score,imputation_notes
ABW,2015,3.61147995361162,-0.661709164713742,107906.0,25430.0,62.27000000000001,90.1499993460519,Aruba,Latin America & Caribbean ,High income,27458.2201537506,5.897461538461538,0.836076923076923,64.17878787878789,0.7756153846153846,-0.007820895522388061,0.8043076923076923,0.7155820895522389,0.28932835820895525,0.5429572544986088,
ABW,2016,1.23433537363427,4.38389195513915,108727.0,25560.0,62.646,91.65631505062707,Aruba,Latin America & Caribbean ,High income,27441.5502144601,5.877888888888888,0.8481111111111111,64.37011494252873,0.7818888888888889,-0.0018764044943820227,0.8141111111111111,0.7212584269662922,0.29167415730337076,0.5247177057793198,
ABW,2017,3.49342985290626,4.975951505538329,108735.0,26460.0,62.406,91.48430033264317,Aruba,Latin America & Caribbean ,High income,28440.0416881491,5.946823529411765,0.8554705882352941,64.38095238095238,0.8186470588235294,-0.024639534883720927,0.7917058823529411,0.7078139534883721,0.30296511627906975,0.5293381154931487,
ABW,2018,3.21247111920076,0.626149149168847,108908.0,27970.0,62.443,91.47924112068334,Aruba,Latin America & Caribbean ,High income,30082.1584226798,6.006805555555555,0.8511388888888889,64.60860215053764,0.841,-0.02255964912280702,0.8042777777777778,0.7131894736842105,0.30396842105263155,0.5611541041072132,
ABW,2019,1.22511225158814,2.30237251516834,109203.0,29320.0,62.940999999999995,91.43314889773366,Aruba,Latin America & Caribbean ,High income,30645.8906024548,6.038588235294118,0.8372745098039216,65.14725274725275,0.8420392156862746,-0.016412186379928313,0.801078431372549,0.707263440860215,0.3015913978494624,0.5606203927901662,
ABW,2020,-23.8979898352395,5.601887914822241,108587.0,22790.0,61.454,91.60306755581077,Aruba,Latin America & Caribbean ,High income,22759.8071750722,5.7795,0.8161372549019609,65.38192771084337,0.8441372549019608,-0.01115294117647059,0.7751568627450981,0.7156823529411764,0.3079294117647059,0.4939664197157363,
ABW,2021,14.7306159219273,5.13320340824963,107700.0,26550.0,60.416999999999994,91.09663171723088,Aruba,Latin America & Caribbean ,High income,26749.3296093118,5.958200000000001,0.8276666666666667,65.29277108433735,0.8393333333333334,-0.028172413793103448,0.7998666666666666,0.7104941176470588,0.30934117647058823,0.4788055354864782,
ABW,2022,10.6364309604414,13.7121023720065,107310.0,30160.0,65.617,91.47427720792334,Aruba,Latin America & Caribbean ,High income,30975.9989121779,5.966866666666666,0.8293333333333333,65.1280487804878,0.8417333333333333,-0.012726190476190476,0.7755333333333333,0.7149642857142857,0.307,0.5503525575540078,
ABW,2023,7.70679839650956,-4.64470870797775,107359.0,31600.0,66.035,91.86376612517199,Aruba,Latin America & Caribbean ,High income,35718.7531191634,5.9801874999999995,0.8335,65.38333333333333,0.843625,-0.030569620253164557,0.7805625,0.7185443037974684,0.3077974683544304,0.6782818910646291,
ABW,2024,6.81077669324542,-6.60118564073726,107995.0,35570.0,66.035,92.12011188823735,Aruba,Latin America & Caribbean ,High income,39498.5941293797,5.945333333333333,0.837388888888889,65.49866666666667,0.8446666666666667,-0.03577922077922078,0.7931666666666666,0.7204675324675325,0.3068441558441558,0.6925879482360683,
AFG,2015,1.45131466066431,-0.661709164713742,33831764.0,590.0,62.27,35.9865546430738,Afghanistan,"Middle East, North Africa, Afghanistan & Pakistan",Low income,565.569730408751,3.983,0.529,53.2,0.389,0.08,0.881,0.554,0.339,0.23937090355782636,
AFG,2016,2.26031420279821,4.38389195513915,34700612.0,560.0,62.646,35.9865546430738,Afghanistan,"Middle East, North Africa, Afghanistan & Pakistan",Low income,522.082215583898,4.22,0.559,53.0,0.523,0.042,0.793,0.565,0.348,0.26530105339190924,
AFG,2017,2.6470032027451,4.97595150553833,35688935.0,530.0,62.406,35.9865546430738,Afghanistan,"Middle East, North Africa, Afghanistan & Pakistan",Low income,525.469770891619,2.662,0.491,52.8,0.427,-0.121,0.954,0.496,0.371,0.1663397232609547,
AFG,2018,1.18922812944517,0.626149149168847,36743039.0,520.0,62.443,35.9865546430738,Afghanistan,"Middle East, North Africa, Afghanistan & Pakistan",Low income,491.337221382603,2.694,0.508,52.6,0.374,-0.094,0.928,0.424,0.405,0.1921919097728722,
AFG,2019,3.91160341625552,2.30237251516834,37856121.0,520.0,62.941,35.9865546430738,Afghanistan,"Middle East, North Africa, Afghanistan & Pakistan",Low income,496.6025042585,2.375,0.42,52.4,0.394,-0.108,0.924,0.351,0.502,0.1704838624197248,
AFG,2020,-2.35110067203466,5.60188791482224,39068979.0,490.0,61.454,35.9865546430738,Afghanistan,"Middle East, North Africa, Afghanistan & Pakistan",Low income,510.787063366811,2.449,0.4415,52.4,0.388,-0.105,0.924,0.351,0.502,0.12243799707797874,
AFG,2021,-20.7388393676343,5.13320340824963,40000412.0,380.0,60.417,37.2700004577637,Afghanistan,"Middle East, North Africa, Afghanistan & Pakistan",Low income,356.496214115892,2.523,0.463,52.4,0.382,-0.102,0.924,0.351,0.502,0.10950998130332394,
AFG,2022,-6.24017199240269,13.7121023720065,40578842.0,370.0,65.617,37.2700004577637,Afghanistan,"Middle East, North Africa, Afghanistan & Pakistan",Low income,357.261152798144,2.523,0.463,52.4,0.382,-0.102,0.924,0.351,0.502,0.17241901247801894,
AFG,2023,2.26694373649188,-4.64470870797775,41454761.0,370.0,66.035,37.2700004577637,Afghanistan,"Middle East, North Africa, Afghanistan & Pakistan",Low income,413.757894705303,2.523,0.463,52.4,0.382,-0.102,0.924,0.351,0.502,0.29472959560029816,
AFG,2024,2.26694373649188,-6.60118564073726,42647492.0,370.0,66.035,37.2700004577637,Afghanistan,"Middle East, North Africa, Afghanistan & Pakistan",Low income,413.757894705303,2.523,0.463,52.4,0.382,-0.102,0.924,0.351,0.502,0.306768986586214,
AGO,2015,0.763177710914789,-0.661709164713742,28157798.0,4450.0,62.27000000000001,59.519709481092974,Angola,Sub-Saharan Africa ,Lower middle income,3641.72893919944,4.215857142857143,0.6736428571428571,64.17878787878789,0.7215714285714286,-0.007820895522388061,0.7941428571428572,0.7155820895522389,0.28932835820895525,0.390197223318626,
AGO,2016,-1.70053036291208,4.38389195513915,29183070.0,2910.0,62.646,64.81778819538694,Angola,Sub-Saharan Africa ,Lower middle income,2051.81462126253,4.41705,0.7253999999999999,64.37011494252873,0.7313500000000001,-0.0018764044943820227,0.8026,0.7212584269662922,0.29167415730337076,0.3913006945935441,
AGO,2017,-0.149396225571834,4.975951505538329,30234839.0,2400.0,62.406,59.349186490700546,Angola,Sub-Saharan Africa ,Lower middle income,2790.71886869768,4.479473684210526,0.6647368421052632,64.38095238095238,0.726421052631579,-0.024639534883720927,0.7684210526315789,0.7078139534883721,0.30296511627906975,0.3659183701265509,
AGO,2018,-0.59441122698307,0.626149149168847,31297155.0,2270.0,62.443,61.011341472902174,Angola,Sub-Saharan Africa ,Lower middle income,2860.0936483682,4.60104347826087,0.6711739130434783,64.60860215053764,0.7309565217391305,-0.02255964912280702,0.7649565217391305,0.7131894736842105,0.30396842105263155,0.4017302999681648,
AGO,2019,-0.204680245744115,2.30237251516834,32375632.0,2440.0,62.940999999999995,64.92468383194814,Angola,Sub-Saharan Africa ,Lower middle income,2493.67884440177,4.560947368421052,0.6793157894736842,65.14725274725275,0.7001578947368422,-0.016412186379928313,0.7908421052631579,0.707263440860215,0.3015913978494624,0.4001696360093298,
AGO,2020,-4.04244724639663,5.601887914822241,33451132.0,2020.0,61.454,63.60724199024109,Angola,Sub-Saharan Africa ,Lower middle income,1759.35619918264,4.52828947368421,0.6715263157894737,65.38192771084337,0.7406315789473684,-0.01115294117647059,0.7249473684210527,0.7156823529411764,0.3079294117647059,0.3579853836035008,
AGO,2021,2.10275251923413,5.13320340824963,34532429.0,1990.0,60.416999999999994,65.86192034519343,Angola,Sub-Saharan Africa ,Lower middle income,2303.90812662776,4.7511,0.7062999999999999,65.29277108433735,0.7177,-0.028172413793103448,0.79815,0.7104941176470588,0.30934117647058823,0.34044073805745445,
AGO,2022,4.21600258475137,13.7121023720065,35635029.0,2340.0,65.617,63.417386779874896,Angola,Sub-Saharan Africa ,Lower middle income,3682.1131513698,4.5692,0.66695,65.1280487804878,0.73625,-0.012726190476190476,0.72595,0.7149642857142857,0.307,0.4010569447494329,
AGO,2023,1.26330814020108,-4.64470870797775,36749906.0,2700.0,66.035,65.52165158374675,Angola,Sub-Saharan Africa ,Lower middle income,2916.13663284275,4.821444444444444,0.7006111111111112,65.38333333333333,0.7288888888888888,-0.030569620253164557,0.7893888888888889,0.7185443037974684,0.3077974683544304,0.5291876449663226,
AGO,2024,4.42390664406875,-6.60118564073726,37885849.0,2840.0,66.035,65.67981786665442,Angola,Sub-Saharan Africa ,Lower middle income,2665.87444776753,4.7535,0.690375,65.49866666666667,0.7152499999999999,-0.03577922077922078,0.7933125,0.7204675324675325,0.3068441558441558,0.5344147264158137,
ALB,2015,2.2277040745779,-0.661709164713742,2731293.0,4660.0,62.27000000000001,98.8199996948242,Albania,Europe & Central Asia,Upper middle income,4199.53912925398,4.607,0.639,67.8,0.704,-0.081,0.885,0.688,0.35,0.43949262806698375,
ALB,2016,3.90893551362245,4.38389195513915,2689469.0,4670.0,62.646,98.8199996948242,Albania,Europe & Central Asia,Upper middle income,4457.63412207495,4.511,0.638,68.1,0.73,-0.017,0.901,0.675,0.322,0.41723461755316477,
ALB,2017,3.28317593330073,4.975951505538329,2648285.0,4700.0,62.406,98.8199996948242,Albania,Europe & Central Asia,Upper middle income,5006.36012951959,4.64,0.638,68.4,0.75,-0.029,0.876,0.669,0.334,0.4187446336537308,
ALB,2018,3.67141928098908,0.626149149168847,2607733.0,5400.0,62.443,98.8199996948242,Albania,Europe & Central Asia,Upper middle income,5897.65452588774,5.004,0.684,68.7,0.824,0.009,0.899,0.713,0.319,0.47600895737789595,
ALB,2019,2.06257790176122,2.30237251516834,2567801.0,5900.0,62.940999999999995,98.8199996948242,Albania,Europe & Central Asia,Upper middle income,6069.43903131027,4.995,0.686,69.0,0.777,-0.099,0.914,0.681,0.274,0.4664769396852362,
ALB,2020,-3.31375636888916,5.601887914822241,2528480.0,5970.0,61.454,98.8199996948242,Albania,Europe & Central Asia,Upper middle income,6027.91350716348,5.365,0.71,69.3,0.754,0.007,0.891,0.679,0.265,0.42565918829847016,
ALB,2021,8.96957619074095,5.13320340824963,2489762.0,6940.0,60.416999999999994,98.8199996948242,Albania,Europe & Central Asia,Upper middle income,7242.45513146613,5.117,0.697,69.3,0.785,-0.03,0.901,0.679,0.265,0.40237024443451735,
ALB,2022,4.8268006234359,13.7121023720065,2451636.0,7720.0,65.617,98.8199996948242,Albania,Europe & Central Asia,Upper middle income,7756.96188744253,5.117,0.697,69.3,0.785,-0.03,0.901,0.679,0.265,0.46572949679969405,
ALB,2023,4.01541716935742,-4.64470870797775,2414095.0,8730.0,66.035,97.6800003051758,Albania,Europe & Central Asia,Upper middle income,9730.86921906893,5.117,0.697,69.3,0.785,-0.03,0.901,0.679,0.265,0.5878862040348514,
ALB,2024,4.04592845095348,-6.60118564073726,2377128.0,9910.0,66.035,97.6800003051758,Albania,Europe & Central Asia,Upper middle income,11377.7757431099,5.117,0.697,69.3,0.785,-0.03,0.901,0.679,0.265,0.6013688729298367,
AND,2015,1.43414039522716,-0.661709164713742,72174.0,46450.0,62.27000000000001,99.48833338419594,Andorra,Europe & Central Asia,High income,38654.95287916,5.923304347826087,0.8491304347826087,64.17878787878789,0.7425217391304347,-0.007820895522388061,0.6769999999999999,0.7155820895522389,0.28932835820895525,0.5825577563836862,
AND,2016,3.70967806978986,4.38389195513915,72181.0,46450.0,62.646,98.98699951171874,Andorra,Europe & Central Asia,High income,40129.8385811474,5.927037037037037,0.8699259259259259,64.37011494252873,0.7541111111111112,-0.0018764044943820227,0.7020740740740741,0.7212584269662922,0.29167415730337076,0.5637550848600029,
AND,2017,0.346071889630295,4.975951505538329,73763.0,46450.0,62.406,99.0114288330078,Andorra,Europe & Central Asia,High income,40672.9717424447,6.0480833333333335,0.8572083333333333,64.38095238095238,0.7631666666666667,-0.024639534883720927,0.67975,0.7078139534883721,0.30296511627906975,0.559928560720474,
AND,2018,1.58876549046354,0.626149149168847,75162.0,46450.0,62.443,99.35333336724173,Andorra,Europe & Central Asia,High income,42819.7577456133,6.2051346153846145,0.8825576923076923,64.60860215053764,0.7892307692307692,-0.02255964912280702,0.6894230769230769,0.7131894736842105,0.30396842105263155,0.6025899739309026,
AND,2019,2.01554763848308,2.30237251516834,76474.0,46450.0,62.940999999999995,99.30023165921833,Andorra,Europe & Central Asia,High income,41257.816459345,6.236365384615384,0.8888653846153847,65.14725274725275,0.8146538461538462,-0.016412186379928313,0.66475,0.707263440860215,0.3015913978494624,0.6120451666853906,
AND,2020,-11.1839399355384,5.601887914822241,77380.0,42450.0,61.454,99.45147404812847,Andorra,Europe & Central Asia,High income,37361.1070081615,6.376291666666667,0.8960625000000001,65.38192771084337,0.8193333333333334,-0.01115294117647059,0.6385,0.7156823529411764,0.3079294117647059,0.5646907621502529,
AND,2021,8.28677879049404,5.13320340824963,78364.0,44720.0,60.416999999999994,99.42232857194668,Andorra,Europe & Central Asia,High income,42425.7066454357,6.213107142857143,0.8877142857142858,65.29277108433735,0.80375,-0.028172413793103448,0.6798214285714286,0.7104941176470588,0.30934117647058823,0.5348435105639173,
AND,2022,9.56461225648184,13.7121023720065,79705.0,47600.0,65.617,99.63800048828124,Andorra,Europe & Central Asia,High income,42414.0479861228,6.286079999999999,0.8908,65.1280487804878,0.81432,-0.012726190476190476,0.66176,0.7149642857142857,0.307,0.6048333340620162,
AND,2023,2.58355480961319,-4.64470870797775,80856.0,47920.0,66.035,99.34666570027669,Andorra,Europe & Central Asia,High income,46812.4261013102,6.292695652173913,0.8890869565217391,65.38333333333333,0.8102173913043478,-0.030569620253164557,0.6615652173913044,0.7185443037974684,0.3077974683544304,0.7295236159311658,
AND,2024,3.37182032638998,-6.60118564073726,81938.0,47570.0,66.035,99.36666615804036,Andorra,Europe & Central Asia,High income,49303.6491674336,6.292695652173913,0.8890869565217391,65.49866666666667,0.8102173913043478,-0.03577922077922078,0.6615652173913044,0.7204675324675325,0.3068441558441558,0.7437783873702306,
ARE,2019,2.9528608151849265,2.30237251516834,49395291.217821784,16256.458333333334,62.941,97.7799987792969,United Arab Emirates,"Middle East, North Africa, Afghanistan & Pakistan",High income,45938.6073581994,6.711,0.862,67.3,0.911,0.129,0.589,0.793,0.284,0.6465650643165355,
ARE,2021,1.5317888243443447,5.13320340824963,50174106.782178216,16642.708333333332,60.417,98.129997253418,United Arab Emirates,"Middle East, North Africa, Afghanistan & Pakistan",High income,44118.5047192771,6.561,0.844,67.3,0.932,0.074,0.589,0.793,0.284,0.5684320984768211,
ARE,2022,4.057436601487247,13.7121023720065,50534444.089108914,17961.25,65.617,98.2900009155273,United Arab Emirates,"Middle East, North Africa, Afghanistan & Pakistan",High income,50759.7589231191,6.561,0.844,67.3,0.932,0.074,0.589,0.793,0.284,0.6374180075706422,
ARE,2023,3.485926254085407,-4.64470870797775,50930514.79207921,18600.0,66.035,98.0599975585938,United Arab Emirates,"Middle East, North Africa, Afghanistan & Pakistan",High income,49850.6872175164,6.561,0.844,67.3,0.932,0.074,0.589,0.793,0.284,0.7585123422183906,
ARE,2024,2.603236165353634,-6.60118564073726,51326998.88118812,19142.916666666668,66.035,98.8099975585938,United Arab Emirates,"Middle East, North Africa, Afghanistan & Pakistan",High income,50273.5060469837,6.561,0.844,67.3,0.932,0.074,0.589,0.793,0.284,0.7721289924094762,
ARG,2015,2.73115982828944,-0.661709164713742,43477012.0,12500.0,62.27000000000001,99.1399993896484,Argentina,Latin America & Caribbean ,Upper middle income,13679.6264980954,6.697,0.926,68.2,0.881,-0.174,0.851,0.859,0.305,0.5963669102188303,
ARG,2016,-2.08032784377811,4.38389195513915,43900313.0,12130.0,62.646,99.1399993896484,Argentina,Latin America & Caribbean ,Upper middle income,12699.9623137756,6.427,0.883,68.4,0.848,-0.192,0.851,0.842,0.312,0.551125458483148,
ARG,2017,2.81850297775918,4.975951505538329,44288894.0,13070.0,62.406,99.1399993896484,Argentina,Latin America & Caribbean ,Upper middle income,14532.5009308511,6.039,0.907,68.6,0.832,-0.186,0.841,0.809,0.292,0.538685530007647,
ARG,2018,-2.61739646282038,0.626149149168847,44654882.0,12390.0,62.443,99.1399993896484,Argentina,Latin America & Caribbean ,Upper middle income,11752.7998922979,5.793,0.9,68.8,0.846,-0.211,0.855,0.82,0.321,0.5573774052741939,
ARG,2019,-2.00086100285785,2.30237251516834,44973465.0,11210.0,62.940999999999995,99.1399993896484,Argentina,Latin America & Caribbean ,Upper middle income,9955.97478680428,6.086,0.896,69.0,0.817,-0.211,0.83,0.826,0.319,0.5604062977830814,
ARG,2020,-9.9004848136464,5.601887914822241,45191965.0,9040.0,61.454,99.1399993896484,Argentina,Latin America & Caribbean ,Upper middle income,8535.59938004389,5.901,0.897,69.2,0.823,-0.122,0.816,0.764,0.342,0.5048127921693972,
ARG,2021,10.4418119882506,5.13320340824963,45312281.0,10070.0,60.416999999999994,99.1399993896484,Argentina,Latin America & Caribbean ,Upper middle income,10738.0179223384,5.929,0.898,69.2,0.828,-0.182,0.834,0.764,0.342,0.4858726122484983,
ARG,2022,6.02074537534855,13.7121023720065,45407904.0,11890.0,65.617,99.1399993896484,Argentina,Latin America & Caribbean ,Upper middle income,13962.1894087223,5.929,0.898,69.2,0.828,-0.182,0.834,0.764,0.342,0.5516064980183601,
ARG,2023,-1.85578803046339,-4.64470870797775,45538401.0,12920.0,66.035,99.1399993896484,Argentina,Latin America & Caribbean ,Upper middle income,14261.8465667948,5.929,0.898,69.2,0.828,-0.182,0.834,0.764,0.342,0.6741301764510828,
ARG,2024,-1.34293072157739,-6.60118564073726,45696159.0,13530.0,66.035,99.1399993896484,Argentina,Latin America & Caribbean ,Upper middle income,13969.7836603737,5.929,0.898,69.2,0.828,-0.182,0.834,0.764,0.342,0.6859136160914043,
ARM,2015,3.19999999896625,-0.661709164713742,3004600.0,3910.0,62.27000000000001,99.7399978637695,Armenia,Europe & Central Asia,Upper middle income,3512.39350276709,4.348,0.723,66.0,0.551,-0.203,0.901,0.594,0.438,0.422774928756298,
ARM,2016,0.199999999825991,4.38389195513915,2992300.0,3690.0,62.646,99.7399978637695,Armenia,Europe & Central Asia,Upper middle income,3524.42476874707,4.325,0.709,66.3,0.611,-0.17,0.921,0.594,0.437,0.4047841993637083,
ARM,2017,7.50000000164144,4.975951505538329,2979400.0,3900.0,62.406,99.7399978637695,Armenia,Europe & Central Asia,Upper middle income,3869.05373867752,4.288,0.698,66.6,0.614,-0.147,0.865,0.625,0.437,0.401023926292298,
ARM,2018,5.19999999965324,0.626149149168847,2969000.0,4220.0,62.443,99.7399978637695,Armenia,Europe & Central Asia,Upper middle income,4196.00562301769,5.062,0.814,66.9,0.808,-0.163,0.677,0.581,0.455,0.5334274249052859,
ARM,2019,7.59999999853918,2.30237251516834,2962500.0,4650.0,62.940999999999995,99.7399978637695,Armenia,Europe & Central Asia,Upper middle income,4597.22887399548,5.488,0.782,67.2,0.844,-0.172,0.583,0.598,0.43,0.5565674228796516,
ARM,2020,-7.19999999920631,5.601887914822241,2961500.0,4230.0,61.454,99.7900009155273,Armenia,Europe & Central Asia,Upper middle income,4268.68093304583,5.3855,0.7905,67.2,0.8345,-0.16999999999999998,0.606,0.598,0.43,0.4976423407342053,
ARM,2021,5.80000000065645,5.13320340824963,2962300.0,4580.0,60.416999999999994,99.7900009155273,Armenia,Europe & Central Asia,Upper middle income,4685.17997128509,5.283,0.799,67.2,0.825,-0.168,0.629,0.598,0.43,0.47249021569488575,
ARM,2022,12.5999999997766,13.7121023720065,2969200.0,5690.0,65.617,99.8199996948242,Armenia,Europe & Central Asia,Upper middle income,6571.97445545099,5.283,0.799,67.2,0.825,-0.168,0.629,0.598,0.43,0.5371003486864037,
ARM,2023,8.29999999959539,-4.64470870797775,2964300.0,6850.0,66.035,99.8399963378906,Armenia,Europe & Central Asia,Upper middle income,8159.08720967996,5.283,0.799,67.2,0.825,-0.168,0.629,0.598,0.43,0.6607844714967301,
ARM,2024,5.90000000046228,-6.60118564073726,3033500.0,7810.0,66.035,99.8399963378906,Armenia,Europe & Central Asia,Upper middle income,8556.21406956719,5.283,0.799,67.2,0.825,-0.168,0.629,0.598,0.43,0.6731718873496353,
ASM,2015,3.14960629921259,-0.661709164713742,52878.0,15169.791666666666,62.27000000000001,93.25999959309895,American Samoa,East Asia & Pacific,High income,12727.4102651386,5.532666666666667,0.8398333333333333,64.17878787878789,0.8611666666666666,-0.007820895522388061,0.6566666666666666,0.7155820895522389,0.28932835820895525,0.5634868497724337,
ASM,2016,-1.67938931297709,4.38389195513915,52245.0,14672.916666666666,62.646,91.57636399702592,American Samoa,East Asia & Pacific,High income,12843.3342903627,5.5694,0.8369,64.37011494252873,0.8804000000000001,-0.0018764044943820227,0.6411,0.7212584269662922,0.29167415730337076,0.5440404311822244,
ASM,2017,-6.98757763975155,4.975951505538329,51586.0,14806.666666666666,62.406,89.47999954223634,American Samoa,East Asia & Pacific,High income,11863.6839452565,5.5169999999999995,0.8210000000000001,64.38095238095238,0.8877777777777778,-0.024639534883720927,0.6233333333333334,0.7078139534883721,0.30296511627906975,0.5299007785720894,
ASM,2018,2.6711185308848,0.626149149168847,50908.0,15612.916666666666,62.443,95.18924851479568,American Samoa,East Asia & Pacific,High income,12552.0546868861,5.6069545454545455,0.8493181818181817,64.60860215053764,0.8634545454545454,-0.02255964912280702,0.6688636363636363,0.7131894736842105,0.30396842105263155,0.5649001418673265,
ASM,2019,-0.487804878048777,2.30237251516834,50209.0,16256.458333333334,62.940999999999995,94.52196506622283,American Samoa,East Asia & Pacific,High income,12886.1359517218,5.68076923076923,0.8563076923076923,65.14725274725275,0.8788461538461539,-0.016412186379928313,0.6725384615384615,0.707263440860215,0.3015913978494624,0.570432481400508,
ASM,2020,4.41176470588236,5.601887914822241,49761.0,15125.833333333334,61.454,95.21292967480102,American Samoa,East Asia & Pacific,High income,14489.2586563775,5.59435,0.83905,65.38192771084337,0.8547,-0.01115294117647059,0.6272,0.7156823529411764,0.3079294117647059,0.5155308081556758,
ASM,2021,-0.782472613458523,5.13320340824963,49225.0,16642.708333333332,60.416999999999994,93.14785707559761,American Samoa,East Asia & Pacific,High income,15236.1604875571,5.771,0.862125,65.29277108433735,0.84975,-0.028172413793103448,0.61075,0.7104941176470588,0.30934117647058823,0.5031182427123834,
ASM,2022,1.73501577287065,13.7121023720065,48342.0,17961.25,65.617,90.60141440229495,American Samoa,East Asia & Pacific,High income,18017.4589383973,5.6708,0.8574999999999999,65.1280487804878,0.8637,-0.012726190476190476,0.7251000000000001,0.7149642857142857,0.307,0.5480319794473933,
ASM,2023,1.73501577287065,-4.64470870797775,47521.0,18600.0,66.035,89.07142748151504,American Samoa,East Asia & Pacific,High income,18017.4589383973,5.55175,0.836125,65.38333333333333,0.8452500000000001,-0.030569620253164557,0.6745,0.7185443037974684,0.3077974683544304,0.6639170488380153,
ASM,2024,1.73501577287065,-6.60118564073726,46765.0,19142.916666666668,66.035,88.22333272298177,American Samoa,East Asia & Pacific,High income,18017.4589383973,5.685666666666667,0.8411666666666666,65.49866666666667,0.8605,-0.03577922077922078,0.658,0.7204675324675325,0.3068441558441558,0.6837980827969984,
ATG,2015,1.42161997595372,-0.661709164713742,89409.0,14550.0,62.27000000000001,90.1499993460519,Antigua and Barbuda,Latin America & Caribbean ,High income,16077.6340769406,5.897461538461538,0.836076923076923,64.17878787878789,0.7756153846153846,-0.007820895522388061,0.8043076923076923,0.7155820895522389,0.28932835820895525,0.5329837992738276,
ATG,2016,4.1203675438061,4.38389195513915,89969.0,15080.0,62.646,91.65631505062707,Antigua and Barbuda,Latin America & Caribbean ,High income,16556.8551801588,5.877888888888888,0.8481111111111111,64.37011494252873,0.7818888888888889,-0.0018764044943820227,0.8141111111111111,0.7212584269662922,0.29167415730337076,0.515178828095225,
ATG,2017,2.71272657973627,4.975951505538329,90468.0,15860.0,62.406,91.48430033264317,Antigua and Barbuda,Latin America & Caribbean ,High income,16965.7288273816,5.946823529411765,0.8554705882352941,64.38095238095238,0.8186470588235294,-0.024639534883720927,0.7917058823529411,0.7078139534883721,0.30296511627906975,0.5192825221537875,
ATG,2018,6.71200487159726,0.626149149168847,90926.0,17460.0,62.443,91.47924112068334,Antigua and Barbuda,Latin America & Caribbean ,High income,18273.4270684912,6.006805555555555,0.8511388888888889,64.60860215053764,0.841,-0.02255964912280702,0.8042777777777778,0.7131894736842105,0.30396842105263155,0.5508054408110006,
ATG,2019,3.1722219373937,2.30237251516834,91364.0,18250.0,62.940999999999995,91.43314889773366,Antigua and Barbuda,Latin America & Caribbean ,High income,18896.3721832248,6.038588235294118,0.8372745098039216,65.14725274725275,0.8420392156862746,-0.016412186379928313,0.801078431372549,0.707263440860215,0.3015913978494624,0.5503236211585437,
ATG,2020,-18.8687765208148,5.601887914822241,91846.0,15460.0,61.454,91.60306755581077,Antigua and Barbuda,Latin America & Caribbean ,High income,15369.6082250401,5.7795,0.8161372549019609,65.38192771084337,0.8441372549019608,-0.01115294117647059,0.7751568627450981,0.7156823529411764,0.3079294117647059,0.48748996781484866,
ATG,2021,8.17286311186622,5.13320340824963,92349.0,16660.0,60.416999999999994,91.09663171723088,Antigua and Barbuda,Latin America & Caribbean ,High income,17348.6006987182,5.958200000000001,0.8276666666666667,65.29277108433735,0.8393333333333334,-0.028172413793103448,0.7998666666666666,0.7104941176470588,0.30934117647058823,0.47056714176603875,
ATG,2022,9.10780623385958,13.7121023720065,92840.0,18820.0,65.617,91.47427720792334,Antigua and Barbuda,Latin America & Caribbean ,High income,20105.1989085164,5.966866666666666,0.8293333333333333,65.1280487804878,0.8417333333333333,-0.012726190476190476,0.7755333333333333,0.7149642857142857,0.307,0.5408258568760002,
ATG,2023,2.42736300110336,-4.64470870797775,93316.0,19970.0,66.035,91.86376612517199,Antigua and Barbuda,Latin America & Caribbean ,High income,21494.5474000727,5.9801874999999995,0.8335,65.38333333333333,0.843625,-0.030569620253164557,0.7805625,0.7185443037974684,0.3077974683544304,0.6658164101227905,
ATG,2024,3.65638765956977,-6.60118564073726,93772.0,21150.0,66.035,92.12011188823735,Antigua and Barbuda,Latin America & Caribbean ,High income,23542.4526945578,5.945333333333333,0.837388888888889,65.49866666666667,0.8446666666666667,-0.03577922077922078,0.7931666666666666,0.7204675324675325,0.3068441558441558,0.6786046734656461,
AUS,2015,2.16434780647852,-0.661709164713742,23815995.0,60780.0,62.27000000000001,93.25999959309895,Australia,East Asia & Pacific,High income,56970.3613028094,7.309,0.952,72.7,0.922,0.332,0.357,0.79,0.21,0.7194197847511938,
AUS,2016,2.75564065529868,4.38389195513915,24190907.0,54330.0,62.646,91.57636399702592,Australia,East Asia & Pacific,High income,50084.4440606385,7.25,0.942,73.0,0.922,0.239,0.399,0.791,0.236,0.6787123465620107,
AUS,2017,2.29331030192918,4.975951505538329,24592588.0,51700.0,62.406,89.47999954223634,Australia,East Asia & Pacific,High income,54117.547718609,7.257,0.95,73.3,0.911,0.317,0.411,0.78,0.225,0.6681595254334083,
AUS,2018,2.87417039499501,0.626149149168847,24963258.0,53280.0,62.443,95.18924851479568,Australia,East Asia & Pacific,High income,57410.1737346009,7.177,0.94,73.6,0.916,0.146,0.405,0.759,0.187,0.7055331495127849,
AUS,2019,2.19401703622717,2.30237251516834,25334826.0,55090.0,62.940999999999995,94.52196506622283,Australia,East Asia & Pacific,High income,55194.7585097428,7.234,0.943,73.9,0.918,0.121,0.43,0.77,0.202,0.7021956159261349,
AUS,2020,-0.133531904304775,5.601887914822241,25649248.0,53770.0,61.454,95.21292967480102,Australia,East Asia & Pacific,High income,51983.4523666382,7.137,0.937,74.2,0.905,0.21,0.491,0.769,0.205,0.6328632355225473,
AUS,2021,2.00694844335034,5.13320340824963,25685412.0,57220.0,60.416999999999994,93.14785707559761,Australia,East Asia & Pacific,High income,60758.9044397144,7.183,0.94,74.2,0.914,0.159,0.442,0.769,0.205,0.6270895998028377,
AUS,2022,4.25304559238732,13.7121023720065,26018721.0,60790.0,65.617,90.60141440229495,Australia,East Asia & Pacific,High income,65169.5191118657,7.183,0.94,74.2,0.914,0.159,0.442,0.769,0.205,0.6897661122353105,
AUS,2023,3.58382100798981,-4.64470870797775,26659922.0,63320.0,66.035,89.07142748151504,Australia,East Asia & Pacific,High income,65058.3773146674,7.183,0.94,74.2,0.914,0.159,0.442,0.769,0.205,0.8094680984432852,
AUS,2024,1.37340773365975,-6.60118564073726,27196812.0,62680.0,66.035,88.22333272298177,Australia,East Asia & Pacific,High income,64603.9856308464,7.183,0.94,74.2,0.914,0.159,0.442,0.769,0.205,0.8197447307227048,
AUT,2015,1.30352331826198,-0.661709164713742,8642699.0,47190.0,62.27000000000001,99.48833338419594,Austria,Europe & Central Asia,High income,43915.228020857,7.076,0.928,72.1,0.9,0.099,0.557,0.798,0.164,0.676071522163757,
AUT,2016,2.11721964494312,4.38389195513915,8736668.0,45980.0,62.646,98.98699951171874,Austria,Europe & Central Asia,High income,45061.4993920192,7.048,0.926,72.4,0.889,0.08,0.524,0.756,0.197,0.6549907480191107,
AUT,2017,2.27224992038207,4.975951505538329,8797566.0,44800.0,62.406,99.0114288330078,Austria,Europe & Central Asia,High income,47163.7425775142,7.294,0.906,72.7,0.89,0.133,0.518,0.748,0.18,0.6500436243183166,
AUT,2018,2.48422114080024,0.626149149168847,8840521.0,48710.0,62.443,99.35333336724173,Austria,Europe & Central Asia,High income,51194.0749841299,7.396,0.912,73.0,0.904,0.053,0.523,0.752,0.226,0.6872469116295952,
AUT,2019,1.75497619649288,2.30237251516834,8879920.0,50900.0,62.940999999999995,99.30023165921833,Austria,Europe & Central Asia,High income,49885.9947355204,7.195,0.964,73.3,0.903,0.06,0.457,0.774,0.205,0.7025513313614299,
AUT,2020,-6.31825509209936,5.601887914822241,8916864.0,49000.0,61.454,99.45147404812847,Austria,Europe & Central Asia,High income,48716.4098900349,7.213,0.925,73.6,0.912,0.011,0.464,0.769,0.206,0.6408590654630979,
AUT,2021,4.92309171717903,5.13320340824963,8955797.0,53440.0,60.416999999999994,99.42232857194668,Austria,Europe & Central Asia,High income,53648.6437976214,7.268,0.934,73.6,0.908,0.042,0.481,0.769,0.206,0.6251283251961881,
AUT,2022,5.33096379400371,13.7121023720065,9041851.0,56310.0,65.617,99.63800048828124,Austria,Europe & Central Asia,High income,52336.7725223758,7.268,0.934,73.6,0.908,0.042,0.481,0.769,0.206,0.6872340257570515,
AUT,2023,-0.786244288594673,-4.64470870797775,9131761.0,55890.0,66.035,99.34666570027669,Austria,Europe & Central Asia,High income,56579.504175468,7.268,0.934,73.6,0.908,0.042,0.481,0.769,0.206,0.8127444991287047,
AUT,2024,-0.659089573171372,-6.60118564073726,9177982.0,54760.0,66.035,99.36666615804036,Austria,Europe & Central Asia,High income,58268.8787651601,7.268,0.934,73.6,0.908,0.042,0.481,0.769,0.206,0.8262965651163303,
AZE,2015,1.04954641215085,-0.661709164713742,9649341.0,6610.0,62.27000000000001,99.7900009155273,Azerbaijan,Europe & Central Asia,Upper middle income,5500.50364628486,5.147,0.786,64.6,0.764,-0.198,0.616,0.607,0.206,0.5346950470461993,
AZE,2016,-3.06359842251706,4.38389195513915,9757812.0,4790.0,62.646,99.7900009155273,Azerbaijan,Europe & Central Asia,Upper middle income,3880.6852276838,5.304,0.777,64.9,0.713,-0.204,0.607,0.598,0.191,0.5040139637230134,
AZE,2017,0.153614661745507,4.975951505538329,9854033.0,4110.0,62.406,99.7900009155273,Azerbaijan,Europe & Central Asia,Upper middle income,4147.1981423222,5.152,0.787,65.2,0.731,-0.225,0.653,0.592,0.198,0.49106238941070646,
AZE,2018,1.50040167167313,0.626149149168847,9939771.0,4080.0,62.443,99.7900009155273,Azerbaijan,Europe & Central Asia,Upper middle income,4739.7943123408,5.168,0.781,65.5,0.772,-0.232,0.561,0.593,0.191,0.538298567279267,
AZE,2019,2.47980879185565,2.30237251516834,10024283.0,4510.0,62.940999999999995,99.8000030517578,Azerbaijan,Europe & Central Asia,Upper middle income,4805.75371765917,5.173,0.887,65.8,0.854,-0.214,0.457,0.643,0.164,0.5919684438311851,
AZE,2020,-4.19896065333343,5.601887914822241,10093121.0,4480.0,61.454,99.8000030517578,Azerbaijan,Europe & Central Asia,Upper middle income,4229.91064904503,5.172000000000001,0.8614999999999999,65.8,0.834,-0.2185,0.48150000000000004,0.643,0.164,0.5253901859625408,
AZE,2021,5.61644027150554,5.13320340824963,10137750.0,4910.0,60.416999999999994,99.8000030517578,Azerbaijan,Europe & Central Asia,Upper middle income,5408.04535175023,5.171,0.836,65.8,0.814,-0.223,0.506,0.643,0.164,0.49354952151303305,
AZE,2022,4.71468033247649,13.7121023720065,10141756.0,5670.0,65.617,99.8000030517578,Azerbaijan,Europe & Central Asia,Upper middle income,7770.594223351,5.171,0.836,65.8,0.814,-0.223,0.506,0.643,0.164,0.5585283183523952,
AZE,2023,1.35447749115767,-4.64470870797775,10153958.0,6680.0,66.035,99.7799987792969,Azerbaijan,Europe & Central Asia,Upper middle income,7133.02838048328,5.171,0.836,65.8,0.814,-0.223,0.506,0.643,0.164,0.6801984688863358,
AZE,2024,4.07140205008956,-6.60118564073726,10202830.0,7330.0,66.035,99.7799987792969,Azerbaijan,Europe & Central Asia,Upper middle income,7283.8499076179,5.171,0.836,65.8,0.814,-0.223,0.506,0.643,0.164,0.6923700333594216,
BDI,2015,-0.404525595204191,-0.661709164713742,11047580.0,240.0,62.27000000000001,65.6900024414062,Burundi,Sub-Saharan Africa ,Low income,254.402585226788,4.215857142857143,0.6736428571428571,64.17878787878789,0.7215714285714286,-0.007820895522388061,0.7941428571428572,0.7155820895522389,0.28932835820895525,0.39715646282925615,
BDI,2016,3.20017470604286,4.38389195513915,11239451.0,240.0,62.646,65.6900024414062,Burundi,Sub-Saharan Africa ,Low income,232.937812100153,4.41705,0.7253999999999999,64.37011494252873,0.7313500000000001,-0.0018764044943820227,0.8026,0.7212584269662922,0.29167415730337076,0.39111006601114706,
BDI,2017,3.83185756925806,4.975951505538329,11506762.0,240.0,62.406,68.379997253418,Burundi,Sub-Saharan Africa ,Low income,246.060725714184,4.479473684210526,0.6647368421052632,64.38095238095238,0.726421052631579,-0.024639534883720927,0.7684210526315789,0.7078139534883721,0.30296511627906975,0.37821854266636695,
BDI,2018,5.3422447312502,0.626149149168847,11859446.0,250.0,62.443,68.379997253418,Burundi,Sub-Saharan Africa ,Low income,245.661678332009,4.60104347826087,0.6711739130434783,64.60860215053764,0.7309565217391305,-0.02255964912280702,0.7649565217391305,0.7131894736842105,0.30396842105263155,0.4112949870616891,
BDI,2019,4.45934202358784,2.30237251516834,12255336.0,250.0,62.940999999999995,68.379997253418,Burundi,Sub-Saharan Africa ,Low income,234.31061590725,4.560947368421052,0.6793157894736842,65.14725274725275,0.7001578947368422,-0.016412186379928313,0.7908421052631579,0.707263440860215,0.3015913978494624,0.40374907954480027,
BDI,2020,0.306443809481593,5.601887914822241,12617036.0,250.0,61.454,71.4078166079164,Burundi,Sub-Saharan Africa ,Low income,255.8324539389,4.52828947368421,0.6715263157894737,65.38192771084337,0.7406315789473684,-0.01115294117647059,0.7249473684210527,0.7156823529411764,0.3079294117647059,0.36921856235207023,
BDI,2021,3.23707479823578,5.13320340824963,12965481.0,260.0,60.416999999999994,71.4078166079164,Burundi,Sub-Saharan Africa ,Low income,264.980379269655,4.7511,0.7062999999999999,65.29277108433735,0.7177,-0.028172413793103448,0.79815,0.7104941176470588,0.30934117647058823,0.3475770275209864,
BDI,2022,2.31770122223331,13.7121023720065,13321097.0,290.0,65.617,71.4078166079164,Burundi,Sub-Saharan Africa ,Low income,302.992505263552,4.5692,0.66695,65.1280487804878,0.73625,-0.012726190476190476,0.72595,0.7149642857142857,0.307,0.41095190038435725,
BDI,2023,3.254768974261,-4.64470870797775,13689450.0,280.0,66.035,71.4078166079164,Burundi,Sub-Saharan Africa ,Low income,250.627253097255,4.821444444444444,0.7006111111111112,65.38333333333333,0.7288888888888888,-0.030569620253164557,0.7893888888888889,0.7185443037974684,0.3077974683544304,0.536322303662085,
BDI,2024,4.11227376264944,-6.60118564073726,14047786.0,260.0,66.035,71.4078166079164,Burundi,Sub-Saharan Africa ,Low income,219.424830882698,4.7535,0.690375,65.49866666666667,0.7152499999999999,-0.03577922077922078,0.7933125,0.7204675324675325,0.3068441558441558,0.5414868766356847,
BEL,2015,1.47416433731927,-0.661709164713742,11274196.0,45520.0,62.27000000000001,99.48833338419594,Belgium,Europe & Central Asia,High income,40893.804537772,6.904,0.885,71.4,0.869,0.062,0.469,0.805,0.24,0.6663214409390755,
BEL,2016,1.19350273007754,4.38389195513915,11331422.0,43240.0,62.646,98.98699951171874,Belgium,Europe & Central Asia,High income,41854.5498296444,6.949,0.929,71.6,0.866,-0.056,0.497,0.765,0.26,0.6500563018022311,
BEL,2017,1.47446761556785,4.975951505538329,11375158.0,42310.0,62.406,99.0114288330078,Belgium,Europe & Central Asia,High income,44035.3239358548,6.928,0.922,71.8,0.857,0.054,0.543,0.786,0.234,0.6330670254927008,
BEL,2018,1.87796847383565,0.626149149168847,11427054.0,45980.0,62.443,99.35333336724173,Belgium,Europe & Central Asia,High income,47487.2100392561,6.892,0.93,72.0,0.808,-0.125,0.63,0.75,0.25,0.6443066261463185,
BEL,2019,2.4428900448156,2.30237251516834,11488980.0,48070.0,62.940999999999995,99.30023165921833,Belgium,Europe & Central Asia,High income,46716.6227467964,6.772,0.884,72.2,0.776,-0.172,0.672,0.733,0.244,0.6198003799739836,
BEL,2020,-4.7929839083518,5.601887914822241,11538604.0,46330.0,61.454,99.45147404812847,Belgium,Europe & Central Asia,High income,45906.2875805246,6.839,0.904,72.4,0.767,-0.164,0.634,0.647,0.26,0.5754188573739482,
BEL,2021,6.25445686466593,5.13320340824963,11586195.0,51140.0,60.416999999999994,99.42232857194668,Belgium,Europe & Central Asia,High income,51658.238294958,6.834,0.906,72.4,0.783,-0.153,0.646,0.647,0.26,0.5618564199233294,
BEL,2022,3.9562379757933,13.7121023720065,11680210.0,54330.0,65.617,99.63800048828124,Belgium,Europe & Central Asia,High income,50605.7496677086,6.834,0.906,72.4,0.783,-0.153,0.646,0.647,0.26,0.6241894322595631,
BEL,2023,1.71412195515242,-4.64470870797775,11779946.0,55520.0,66.035,99.34666570027669,Belgium,Europe & Central Asia,High income,55291.4754541329,6.834,0.906,72.4,0.783,-0.153,0.646,0.647,0.26,0.7500881266001374,
BEL,2024,1.07045413019414,-6.60118564073726,11858610.0,55290.0,66.035,99.36666615804036,Belgium,Europe & Central Asia,High income,56614.5679499036,6.834,0.906,72.4,0.783,-0.153,0.646,0.647,0.26,0.7633191987445014,
BEN,2015,1.77815106030278,-0.661709164713742,11360681.0,1100.0,62.27000000000001,38.8699989318848,Benin,Sub-Saharan Africa ,Lower middle income,1002.41886879614,3.625,0.434,53.1,0.733,-0.027,0.85,0.592,0.373,0.28272532087907554,
BEN,2016,3.33967342629693,4.38389195513915,11697842.0,1040.0,62.646,38.8699989318848,Benin,Sub-Saharan Africa ,Lower middle income,1010.5338961993,4.007,0.493,53.5,0.78,-0.065,0.838,0.608,0.456,0.2920398834767777,
BEN,2017,5.67156195150444,4.975951505538329,12039780.0,1020.0,62.406,38.8699989318848,Benin,Sub-Saharan Africa ,Lower middle income,1054.97408066814,4.853,0.436,53.9,0.727,-0.065,0.767,0.615,0.458,0.289609601195445,
BEN,2018,6.69725362180888,0.626149149168847,12383347.0,1120.0,62.443,38.8699989318848,Benin,Sub-Saharan Africa ,Lower middle income,1151.7409703472,5.82,0.504,54.3,0.713,0.002,0.747,0.647,0.468,0.35440607495760645,
BEN,2019,6.86568662848335,2.30237251516834,12726755.0,1170.0,62.940999999999995,49.0,Benin,Sub-Saharan Africa ,Lower middle income,1130.82135339795,4.976,0.442,54.7,0.77,-0.016,0.698,0.659,0.441,0.3557668226181328,
BEN,2020,3.84879240030133,5.601887914822241,13070169.0,1190.0,61.454,49.0,Benin,Sub-Saharan Africa ,Lower middle income,1200.19426557789,4.408,0.507,55.1,0.783,-0.083,0.532,0.609,0.305,0.3289848383684693,
BEN,2021,7.1554516457574,5.13320340824963,13413417.0,1280.0,60.416999999999994,43.8300018310547,Benin,Sub-Saharan Africa ,Lower middle income,1318.65158075198,5.045,0.489,55.1,0.757,-0.034,0.661,0.609,0.305,0.2886563692387053,
BEN,2022,6.25294705373625,13.7121023720065,13759501.0,1360.0,65.617,51.3800010681152,Benin,Sub-Saharan Africa ,Lower middle income,1266.42711031904,5.045,0.489,55.1,0.757,-0.034,0.661,0.609,0.305,0.36366659951628605,
BEN,2023,6.3527773854442,-4.64470870797775,14111034.0,1390.0,66.035,51.3800010681152,Benin,Sub-Saharan Africa ,Lower middle income,1394.17784721831,5.045,0.489,55.1,0.757,-0.034,0.661,0.609,0.305,0.4860396265692947,
BEN,2024,7.45311566226201,-6.60118564073726,14462724.0,1430.0,66.035,51.3800010681152,Benin,Sub-Saharan Africa ,Lower middle income,1485.38018885134,5.045,0.489,55.1,0.757,-0.034,0.661,0.609,0.305,0.49815894335732064,
BFA,2015,3.9212287937935,-0.661709164713742,18777487.0,680.0,62.27000000000001,39.3499984741211,Burkina Faso,Sub-Saharan Africa ,Low income,630.124750752312,4.419,0.705,52.4,0.659,0.004,0.693,0.579,0.359,0.36894847859435137,
BFA,2016,5.95797670754024,4.38389195513915,19334856.0,650.0,62.646,39.3499984741211,Burkina Faso,Sub-Saharan Africa ,Low income,663.742364842886,4.206,0.764,52.9,0.645,-0.001,0.721,0.616,0.337,0.348125246801113,
BFA,2017,6.20348941121868,4.975951505538329,19894407.0,650.0,62.406,39.3499984741211,Burkina Faso,Sub-Saharan Africa ,Low income,709.091535894695,4.647,0.785,53.4,0.614,-0.063,0.727,0.585,0.354,0.3473076988198301,
BFA,2018,6.60456906812341,0.626149149168847,20438288.0,730.0,62.443,39.3499984741211,Burkina Faso,Sub-Saharan Africa ,Low income,777.465618514048,4.927,0.665,53.9,0.721,-0.013,0.757,0.711,0.343,0.3703318794782625,
BFA,2019,5.88920497068135,2.30237251516834,20961952.0,760.0,62.940999999999995,29.6599998474121,Burkina Faso,Sub-Saharan Africa ,Low income,764.853077774946,4.741,0.683,54.4,0.678,-0.004,0.729,0.691,0.365,0.3511779643040167,
BFA,2020,2.01077262406221,5.601887914822241,21478690.0,770.0,61.454,29.6599998474121,Burkina Faso,Sub-Saharan Africa ,Low income,825.237038782475,4.7875,0.6775,54.4,0.6865,-0.0065,0.7384999999999999,0.691,0.365,0.2979447654661781,
BFA,2021,6.94252492572348,5.13320340824963,21995243.0,820.0,60.416999999999994,36.9700012207031,Burkina Faso,Sub-Saharan Africa ,Low income,895.535288442991,4.834,0.672,54.4,0.695,-0.009,0.748,0.691,0.365,0.28968222806026755,
BFA,2022,1.62673258211919,13.7121023720065,22509038.0,840.0,65.617,40.9199981689453,Burkina Faso,Sub-Saharan Africa ,Low income,827.330843486661,4.834,0.672,54.4,0.695,-0.009,0.748,0.691,0.365,0.35888619927900145,
BFA,2023,3.00027415814125,-4.64470870797775,23025776.0,840.0,66.035,41.442033530681,Burkina Faso,Sub-Saharan Africa ,Low income,873.482589651003,4.834,0.672,54.4,0.695,-0.009,0.748,0.691,0.365,0.48202764981456986,
BFA,2024,4.79980951667159,-6.60118564073726,23548781.0,850.0,66.035,41.442033530681,Burkina Faso,Sub-Saharan Africa ,Low income,981.992649769081,4.834,0.672,54.4,0.695,-0.009,0.748,0.691,0.365,0.49416213434125084,
BGD,2015,6.55263987816197,-0.661709164713742,159383179.0,1200.0,62.27000000000001,72.7600021362305,Bangladesh,South Asia,Lower middle income,1224.38647668165,4.633,0.601,62.8,0.815,-0.068,0.721,0.635,0.226,0.4299225270128063,
BGD,2016,7.11347821270093,4.38389195513915,160811932.0,1400.0,62.646,72.7600021362305,Bangladesh,South Asia,Lower middle income,1649.28380858601,4.556,0.649,63.3,0.875,-0.089,0.688,0.56,0.235,0.4320188058674692,
BGD,2017,6.59024999794057,4.975951505538329,162186147.0,1640.0,62.406,72.8899993896484,Bangladesh,South Asia,Lower middle income,1811.08221668646,4.31,0.713,63.8,0.896,0.012,0.635,0.569,0.214,0.44306188362577414,
BGD,2018,7.31941263014136,0.626149149168847,163523103.0,2020.0,62.443,73.9100036621094,Bangladesh,South Asia,Lower middle income,1965.24372731467,4.499,0.706,64.3,0.901,-0.043,0.701,0.541,0.361,0.4670767949306101,
BGD,2019,7.88191515117722,2.30237251516834,164913055.0,2220.0,62.940999999999995,74.6800003051758,Bangladesh,South Asia,Lower middle income,2129.79896954606,5.114,0.673,64.8,0.902,-0.051,0.656,0.537,0.369,0.4821910847680596,
BGD,2020,3.44801755122445,5.601887914822241,166298024.0,2320.0,61.454,74.9100036621094,Bangladesh,South Asia,Lower middle income,2248.85078828233,5.28,0.739,65.3,0.777,-0.009,0.742,0.582,0.332,0.41292711164244644,
BGD,2021,6.93867912442445,5.13320340824963,167658854.0,2600.0,60.416999999999994,76.3600006103516,Bangladesh,South Asia,Lower middle income,2482.84917843357,5.025,0.693,65.3,0.877,-0.041,0.682,0.582,0.332,0.40588850044612385,
BGD,2022,7.09982877575158,13.7121023720065,169384897.0,2850.0,65.617,79.0,Bangladesh,South Asia,Lower middle income,2716.48592780431,5.025,0.693,65.3,0.877,-0.041,0.682,0.582,0.332,0.4732492603498741,
BGD,2023,5.77511237007889,-4.64470870797775,171466990.0,2880.0,66.035,79.0,Bangladesh,South Asia,Lower middle income,2551.01773827307,5.025,0.693,65.3,0.877,-0.041,0.682,0.582,0.332,0.5953653229711675,
BGD,2024,4.22325911250161,-6.60118564073726,173562364.0,2820.0,66.035,79.0,Bangladesh,South Asia,Lower middle income,2593.41611680774,5.025,0.693,65.3,0.877,-0.041,0.682,0.582,0.332,0.6074418700689975,
BGR,2015,3.39755336780412,-0.661709164713742,6984225.0,7620.0,62.27000000000001,99.48833338419594,Bulgaria,Europe & Central Asia,High income,7268.65445473873,4.865,0.908,66.2,0.637,-0.2,0.941,0.643,0.214,0.48866151487642423,
BGR,2016,3.02662841229517,4.38389195513915,6894139.0,7630.0,62.646,98.98699951171874,Bulgaria,Europe & Central Asia,High income,7822.49923292968,4.838,0.926,66.4,0.7,-0.17,0.936,0.622,0.172,0.48129099240179607,
BGR,2017,2.74592676054861,4.975951505538329,6803468.0,7900.0,62.406,99.0114288330078,Bulgaria,Europe & Central Asia,High income,8696.68930427924,5.097,0.942,66.6,0.689,-0.154,0.911,0.614,0.189,0.4839138744367313,
BGR,2018,2.33015213407045,0.626149149168847,6710798.0,8860.0,62.443,99.35333336724173,Bulgaria,Europe & Central Asia,High income,9849.38397225174,5.099,0.924,66.8,0.724,-0.176,0.952,0.639,0.189,0.509966263048983,
BGR,2019,3.79331765354152,2.30237251516834,6616726.0,9920.0,62.940999999999995,99.30023165921833,Bulgaria,Europe & Central Asia,High income,10353.7204584127,5.108,0.948,67.0,0.822,-0.109,0.943,0.663,0.2,0.5358450709311937,
BGR,2020,-3.13323303076419,5.601887914822241,6550696.0,10090.0,61.454,99.45147404812847,Bulgaria,Europe & Central Asia,High income,10760.211975413,5.598,0.916,67.2,0.818,-0.004,0.901,0.706,0.221,0.4920796946185976,
BGR,2021,7.82817232822165,5.13320340824963,6507301.0,11720.0,60.416999999999994,99.42232857194668,Bulgaria,Europe & Central Asia,High income,12966.1457543396,5.266,0.931,67.2,0.788,-0.096,0.932,0.706,0.221,0.45982416095535666,
BGR,2022,4.0838640915123,13.7121023720065,6465097.0,13100.0,65.617,99.63800048828124,Bulgaria,Europe & Central Asia,High income,13999.1949530956,5.266,0.931,67.2,0.788,-0.096,0.932,0.706,0.221,0.5239848487721737,
BGR,2023,1.68151074972904,-4.64470870797775,6446596.0,14240.0,66.035,99.34666570027669,Bulgaria,Europe & Central Asia,High income,15853.208636704,5.266,0.931,67.2,0.788,-0.096,0.932,0.706,0.221,0.647401952650157,
BGR,2024,3.38709063847314,-6.60118564073726,6441421.0,15370.0,66.035,99.36666615804036,Bulgaria,Europe & Central Asia,High income,17596.0173663521,5.266,0.931,67.2,0.788,-0.096,0.932,0.706,0.221,0.6610008460154527,
BHR,2015,2.50787205267615,-0.661709164713742,1370322.0,23640.0,62.27,97.870002746582,Bahrain,"Middle East, North Africa, Afghanistan & Pakistan",High income,23734.0551143019,6.007,0.853,67.7,0.85,0.112,0.722,0.716,0.303,0.5832475438056223,
BHR,2016,3.81499327422425,4.38389195513915,1423726.0,22720.0,62.646,97.870002746582,Bahrain,"Middle East, North Africa, Afghanistan & Pakistan",High income,23800.001440631,6.17,0.863,68.1,0.889,0.088,0.722,0.787,0.283,0.5736993010032438,
BHR,2017,4.95383534123657,4.97595150553833,1501116.0,22360.0,62.406,97.870002746582,Bahrain,"Middle East, North Africa, Afghanistan & Pakistan",High income,24784.7693514607,6.227,0.876,68.5,0.906,0.136,0.722,0.814,0.29,0.5728723000693023,
BHR,2018,2.05258864979861,0.626149149168847,1503091.0,24200.0,62.443,97.870002746582,Bahrain,"Middle East, North Africa, Afghanistan & Pakistan",High income,26324.4066549559,6.6625,0.877,68.9,0.9065000000000001,0.092,0.722,0.788,0.3035,0.611997542381452,
BHR,2019,2.05287774418655,2.30237251516834,1483756.0,25800.0,62.941,97.870002746582,Bahrain,"Middle East, North Africa, Afghanistan & Pakistan",High income,27259.7438599327,7.098,0.878,69.3,0.907,0.048,0.722,0.762,0.317,0.6237686144531627,
BHR,2020,-5.9113629524152,5.60188791482224,1472204.0,23870.0,61.454,97.870002746582,Bahrain,"Middle East, North Africa, Afghanistan & Pakistan",High income,24342.8444554718,6.173,0.848,69.7,0.945,0.132,0.722,0.79,0.297,0.5472016046135365,
BHR,2021,4.35004091668986,5.13320340824963,1504365.0,25240.0,60.417,97.870002746582,Bahrain,"Middle East, North Africa, Afghanistan & Pakistan",High income,27147.8083882286,6.647,0.862,69.7,0.925,0.089,0.722,0.79,0.297,0.5396369468386926,
BHR,2022,6.18016125475185,13.7121023720065,1524693.0,28300.0,65.617,97.870002746582,Bahrain,"Middle East, North Africa, Afghanistan & Pakistan",High income,30470.5219276023,6.647,0.862,69.7,0.925,0.089,0.722,0.79,0.297,0.6054571906174144,
BHR,2023,3.87811614845566,-4.64470870797775,1577059.0,28460.0,66.035,97.8499984741211,Bahrain,"Middle East, North Africa, Afghanistan & Pakistan",High income,29290.1284215098,6.647,0.862,69.7,0.925,0.089,0.722,0.79,0.297,0.7266516303788689,
BHR,2024,2.60379670648454,-6.60118564073726,1588670.0,28090.0,66.035,97.8199996948242,Bahrain,"Middle East, North Africa, Afghanistan & Pakistan",High income,29653.5682731534,6.647,0.862,69.7,0.925,0.089,0.722,0.79,0.297,0.7389612575933264,
BHS,2015,0.997411675486745,-0.661709164713742,385346.0,27620.0,62.27000000000001,90.1499993460519,"Bahamas, The",Latin America & Caribbean ,High income,30719.405417469,5.897461538461538,0.836076923076923,64.17878787878789,0.7756153846153846,-0.007820895522388061,0.8043076923076923,0.7155820895522389,0.28932835820895525,0.5458152167325301,
BHS,2016,-1.15650811269629,4.38389195513915,388055.0,27820.0,62.646,91.65631505062707,"Bahamas, The",Latin America & Caribbean ,High income,30616.5363157284,5.877888888888888,0.8481111111111111,64.37011494252873,0.7818888888888889,-0.0018764044943820227,0.8141111111111111,0.7212584269662922,0.29167415730337076,0.5275001267817694,
BHS,2017,3.3713988456489,4.975951505538329,390485.0,29570.0,62.406,91.48430033264317,"Bahamas, The",Latin America & Caribbean ,High income,31875.4881749619,5.946823529411765,0.8554705882352941,64.38095238095238,0.8186470588235294,-0.024639534883720927,0.7917058823529411,0.7078139534883721,0.30296511627906975,0.5323487927537142,
BHS,2018,2.39795510823548,0.626149149168847,392717.0,30650.0,62.443,91.47924112068334,"Bahamas, The",Latin America & Caribbean ,High income,32642.3353203452,6.006805555555555,0.8511388888888889,64.60860215053764,0.841,-0.02255964912280702,0.8042777777777778,0.7131894736842105,0.30396842105263155,0.5633977328170223,
BHS,2019,-0.838585871193203,2.30237251516834,394675.0,31630.0,62.940999999999995,91.43314889773366,"Bahamas, The",Latin America & Caribbean ,High income,33640.3369861278,6.038588235294118,0.8372745098039216,65.14725274725275,0.8420392156862746,-0.016412186379928313,0.801078431372549,0.707263440860215,0.3015913978494624,0.5632445965639442,
BHS,2020,-20.0893664891399,5.601887914822241,395863.0,25180.0,61.454,91.60306755581077,"Bahamas, The",Latin America & Caribbean ,High income,26178.7537607708,5.7795,0.8161372549019609,65.38192771084337,0.8441372549019608,-0.01115294117647059,0.7751568627450981,0.7156823529411764,0.3079294117647059,0.49696263717398004,
BHS,2021,17.5861390037409,5.13320340824963,396373.0,29910.0,60.416999999999994,91.09663171723088,"Bahamas, The",Latin America & Caribbean ,High income,30367.8605757708,5.958200000000001,0.8276666666666667,65.29277108433735,0.8393333333333334,-0.028172413793103448,0.7998666666666666,0.7104941176470588,0.30934117647058823,0.48197666009551765,
BHS,2022,10.8779009410268,13.7121023720065,397538.0,33790.0,65.617,91.47427720792334,"Bahamas, The",Latin America & Caribbean ,High income,34957.1613279737,5.966866666666666,0.8293333333333333,65.1280487804878,0.8417333333333333,-0.012726190476190476,0.7755333333333333,0.7149642857142857,0.307,0.5538414767387086,
BHS,2023,3.04824180553773,-4.64470870797775,399440.0,35180.0,66.035,91.86376612517199,"Bahamas, The",Latin America & Caribbean ,High income,38231.774484278,5.9801874999999995,0.8335,65.38333333333333,0.843625,-0.030569620253164557,0.7805625,0.7185443037974684,0.3077974683544304,0.68048419469774,
BHS,2024,3.37866553336166,-6.60118564073726,401283.0,37020.0,66.035,92.12011188823735,"Bahamas, The",Latin America & Caribbean ,High income,39455.4466548546,5.945333333333333,0.837388888888889,65.49866666666667,0.8446666666666667,-0.03577922077922078,0.7931666666666666,0.7204675324675325,0.3068441558441558,0.6925501356487082,
BIH,2015,4.28413016137854,-0.661709164713742,3518541.0,5140.0,62.27000000000001,99.48833338419594,Bosnia and Herzegovina,Europe & Central Asia,Upper middle income,4662.25869219448,5.117,0.656,66.9,0.631,-0.055,0.96,0.534,0.286,0.43264216484902235,
BIH,2016,3.24225822231566,4.38389195513915,3473003.0,5070.0,62.646,98.98699951171874,Bosnia and Herzegovina,Europe & Central Asia,Upper middle income,4928.5665903114,5.181,0.808,67.2,0.633,0.134,0.957,0.641,0.304,0.4452424448058591,
BIH,2017,3.24409895306594,4.975951505538329,3428682.0,5070.0,62.406,99.0114288330078,Bosnia and Herzegovina,Europe & Central Asia,Upper middle income,5345.01978766473,5.09,0.775,67.5,0.564,0.092,0.923,0.597,0.271,0.4192555303076345,
BIH,2018,3.82900399349064,0.626149149168847,3387000.0,5720.0,62.443,99.35333336724173,Bosnia and Herzegovina,Europe & Central Asia,Upper middle income,6047.84707207392,5.887,0.836,67.8,0.659,0.123,0.913,0.643,0.277,0.49840287624372265,
BIH,2019,2.88585242083978,2.30237251516834,3345533.0,6180.0,62.940999999999995,99.30023165921833,Bosnia and Herzegovina,Europe & Central Asia,Upper middle income,6122.37541352353,6.016,0.873,68.1,0.722,0.079,0.963,0.633,0.238,0.5150163396154086,
BIH,2020,-3.01509335460439,5.601887914822241,3299349.0,6160.0,61.454,99.45147404812847,Bosnia and Herzegovina,Europe & Central Asia,Upper middle income,6130.31187968266,5.516,0.899,68.4,0.74,0.138,0.916,0.644,0.325,0.4660171046077296,
BIH,2021,7.39164256472846,5.13320340824963,3244907.0,6970.0,60.416999999999994,99.42232857194668,Bosnia and Herzegovina,Europe & Central Asia,Upper middle income,7295.34378682258,5.813,0.87,68.4,0.706,0.113,0.931,0.644,0.325,0.43882212662583997,
BIH,2022,4.22681333390325,13.7121023720065,3204802.0,7710.0,65.617,99.63800048828124,Bosnia and Herzegovina,Europe & Central Asia,Upper middle income,7655.59421024383,5.813,0.87,68.4,0.706,0.113,0.931,0.644,0.325,0.5023932025882409,
BIH,2023,1.99439414850893,-4.64470870797775,3185073.0,8280.0,66.035,99.34666570027669,Bosnia and Herzegovina,Europe & Central Asia,Upper middle income,8663.02326458629,5.813,0.87,68.4,0.706,0.113,0.931,0.644,0.325,0.6250683961782141,
BIH,2024,2.9715174617652,-6.60118564073726,3164253.0,8790.0,66.035,99.36666615804036,Bosnia and Herzegovina,Europe & Central Asia,Upper middle income,9358.78768951134,5.813,0.87,68.4,0.706,0.113,0.931,0.644,0.325,0.63774970503415,
BLR,2015,-3.82957056812593,-0.661709164713742,9461076.0,6740.0,62.27000000000001,99.870002746582,Belarus,Europe & Central Asia,Upper middle income,5967.05595058777,5.719,0.924,65.2,0.623,-0.091,0.669,0.584,0.184,0.5455789491823789,
BLR,2016,-2.5264464460425,4.38389195513915,9469379.0,5640.0,62.646,99.870002746582,Belarus,Europe & Central Asia,Upper middle income,5039.77560949445,5.178,0.927,65.5,0.658,-0.125,0.664,0.554,0.182,0.5175992569218409,
BLR,2017,2.53218349471909,4.975951505538329,9458989.0,5320.0,62.406,99.870002746582,Belarus,Europe & Central Asia,Upper middle income,5785.54491935194,5.553,0.9,65.8,0.621,-0.122,0.654,0.541,0.233,0.5063603313656627,
BLR,2018,3.14919758275296,0.626149149168847,9438785.0,5730.0,62.443,99.870002746582,Belarus,Europe & Central Asia,Upper middle income,6360.037502312,5.234,0.905,66.1,0.644,-0.174,0.718,0.45,0.236,0.5238229338084064,
BLR,2019,1.44645548204305,2.30237251516834,9419758.0,6370.0,62.940999999999995,99.870002746582,Belarus,Europe & Central Asia,Upper middle income,6837.77339645635,5.821,0.917,66.4,0.657,-0.186,0.546,0.591,0.19,0.5668304615753129,
BLR,2020,-0.672742918585868,5.601887914822241,9379952.0,6410.0,61.454,99.870002746582,Belarus,Europe & Central Asia,Upper middle income,6542.85579976768,5.6775,0.9135,66.4,0.6535,-0.183,0.5865,0.591,0.19,0.502984919950604,
BLR,2021,2.43886210234947,5.13320340824963,9302585.0,7040.0,60.416999999999994,99.870002746582,Belarus,Europe & Central Asia,Upper middle income,7489.71894713888,5.534,0.91,66.4,0.65,-0.18,0.627,0.591,0.19,0.47342810434196797,
BLR,2022,-4.65839591328999,13.7121023720065,9228071.0,7210.0,65.617,99.870002746582,Belarus,Europe & Central Asia,Upper middle income,7994.64806074889,5.534,0.91,66.4,0.65,-0.18,0.627,0.591,0.19,0.5367789632740951,
BLR,2023,4.12654007153881,-4.64470870797775,9178298.0,7850.0,66.035,99.870002746582,Belarus,Europe & Central Asia,Upper middle income,7896.75388295584,5.534,0.91,66.4,0.65,-0.18,0.627,0.591,0.19,0.6589542448473724,
BLR,2024,4.00984852465452,-6.60118564073726,9132629.0,8260.0,66.035,99.870002746582,Belarus,Europe & Central Asia,Upper middle income,8317.63399913792,5.534,0.91,66.4,0.65,-0.18,0.627,0.591,0.19,0.6713624770305175,
BLZ,2015,2.7602602736023,-0.661709164713742,356333.0,5790.0,62.27000000000001,87.879997253418,Belize,Latin America & Caribbean ,Upper middle income,6154.62264230369,5.897461538461538,0.836076923076923,64.17878787878789,0.7756153846153846,-0.007820895522388061,0.8043076923076923,0.7155820895522389,0.28932835820895525,0.5206353601056872,
BLZ,2016,-0.0187414958130319,4.38389195513915,364705.0,5640.0,62.646,87.879997253418,Belize,Latin America & Caribbean ,Upper middle income,6140.86713919469,5.877888888888888,0.8481111111111111,64.37011494252873,0.7818888888888889,-0.0018764044943820227,0.8141111111111111,0.7212584269662922,0.29167415730337076,0.49997476575871863,
BLZ,2017,-1.83323729057784,4.975951505538329,373202.0,5490.0,62.406,87.879997253418,Belize,Latin America & Caribbean ,Upper middle income,6071.85451846453,5.946823529411765,0.8554705882352941,64.38095238095238,0.8186470588235294,-0.024639534883720927,0.7917058823529411,0.7078139534883721,0.30296511627906975,0.5039364254571718,
BLZ,2018,0.822068592512508,0.626149149168847,380226.0,5610.0,62.443,87.879997253418,Belize,Latin America & Caribbean ,Upper middle income,6011.99036888587,6.006805555555555,0.8511388888888889,64.60860215053764,0.841,-0.02255964912280702,0.8042777777777778,0.7131894736842105,0.30396842105263155,0.5342690114292213,
BLZ,2019,4.25658710030072,2.30237251516834,385829.0,5850.0,62.940999999999995,87.879997253418,Belize,Latin America & Caribbean ,Upper middle income,6171.61449761423,6.038588235294118,0.8372745098039216,65.14725274725275,0.8420392156862746,-0.016412186379928313,0.801078431372549,0.707263440860215,0.3015913978494624,0.5334553177118618,
BLZ,2020,-13.5228997055506,5.601887914822241,390812.0,5170.0,61.454,87.879997253418,Belize,Latin America & Caribbean ,Upper middle income,5238.54078175696,5.7795,0.8161372549019609,65.38192771084337,0.8441372549019608,-0.01115294117647059,0.7751568627450981,0.7156823529411764,0.3079294117647059,0.47262127063082093,
BLZ,2021,17.9899244143607,5.13320340824963,395346.0,6120.0,60.416999999999994,87.879997253418,Belize,Latin America & Caribbean ,Upper middle income,6142.98930557031,5.958200000000001,0.8276666666666667,65.29277108433735,0.8393333333333334,-0.028172413793103448,0.7998666666666666,0.7104941176470588,0.30934117647058823,0.4555715949023932,
BLZ,2022,9.25051329530994,13.7121023720065,402733.0,6710.0,65.617,87.879997253418,Belize,Latin America & Caribbean ,Upper middle income,7068.21728043145,5.966866666666666,0.8293333333333333,65.1280487804878,0.8417333333333333,-0.012726190476190476,0.7755333333333333,0.7149642857142857,0.307,0.5236177600692091,
BLZ,2023,0.500127941638667,-4.64470870797775,411106.0,6850.0,66.035,87.879997253418,Belize,Latin America & Caribbean ,Upper middle income,7424.75821321022,5.9801874999999995,0.8335,65.38333333333333,0.843625,-0.030569620253164557,0.7805625,0.7185443037974684,0.3077974683544304,0.6470765337066764,
BLZ,2024,3.50466435023895,-6.60118564073726,417072.0,7150.0,66.035,87.879997253418,Belize,Latin America & Caribbean ,Upper middle income,7681.24400583113,5.945333333333333,0.837388888888889,65.49866666666667,0.8446666666666667,-0.03577922077922078,0.7931666666666666,0.7204675324675325,0.3068441558441558,0.6578824244558331,
BMU,2015,0.775529699568978,-0.661709164713742,63464.0,103940.0,62.27000000000001,84.75926907442654,Bermuda,North America,High income,104855.366822135,7.413,0.939,64.17878787878789,0.931,-0.007820895522388061,0.427,0.7155820895522389,0.28932835820895525,0.7392903549817245,
BMU,2016,-0.657206304259205,4.38389195513915,63449.0,105430.0,62.646,85.93039245432405,Bermuda,North America,High income,108747.356144305,7.245,0.924,64.37011494252873,0.912,-0.0018764044943820227,0.385,0.7212584269662922,0.29167415730337076,0.7170144562654571,
BMU,2017,3.61141983706115,4.975951505538329,63578.0,113460.0,62.406,84.38993996727532,Bermuda,North America,High income,112339.425587467,7.415,0.934,64.38095238095238,0.945,-0.024639534883720927,0.362,0.7078139534883721,0.30296511627906975,0.723971624824941,
BMU,2018,-0.432801300339307,0.626149149168847,63831.0,117160.0,62.443,84.91469787140377,Bermuda,North America,High income,113204.82210838,7.175,0.923,64.60860215053764,0.946,-0.02255964912280702,0.372,0.7131894736842105,0.30396842105263155,0.7441094276018378,
BMU,2019,0.307106461240664,2.30237251516834,64107.0,116920.0,62.940999999999995,86.28643623862709,Bermuda,North America,High income,115798.040775578,7.109,0.925,65.14725274725275,0.912,-0.016412186379928313,0.436,0.707263440860215,0.3015913978494624,0.7333173800665626,
BMU,2020,-6.82757303480177,5.601887914822241,64382.0,110960.0,61.454,86.60170167790152,Bermuda,North America,High income,106976.546239632,7.025,0.931,65.38192771084337,0.887,-0.01115294117647059,0.434,0.7156823529411764,0.3079294117647059,0.6678048387385644,
BMU,2021,4.60742917109469,5.13320340824963,64648.0,120410.0,60.416999999999994,86.56584445860733,Bermuda,North America,High income,112765.08167306,7.103,0.926,65.29277108433735,0.915,-0.028172413793103448,0.415,0.7104941176470588,0.30934117647058823,0.6610327969482594,
BMU,2022,6.47622571186707,13.7121023720065,64749.0,132200.0,65.617,85.97865932167393,Bermuda,North America,High income,121613.939983629,7.103,0.926,65.1280487804878,0.915,-0.012726190476190476,0.415,0.7149642857142857,0.307,0.7307511592539957,
BMU,2023,4.91721557264164,-4.64470870797775,64698.0,134500.0,66.035,86.08744624065197,Bermuda,North America,High income,132604.439086216,7.103,0.926,65.38333333333333,0.915,-0.030569620253164557,0.415,0.7185443037974684,0.3077974683544304,0.8628188645330217,
BMU,2024,5.97253260071749,-6.60118564073726,64636.0,145150.0,66.035,86.53985260800282,Bermuda,North America,High income,142855.374713782,7.103,0.926,65.49866666666667,0.915,-0.03577922077922078,0.415,0.7204675324675325,0.3068441558441558,0.8845696369164806,
BOL,2015,4.8571871797142,-0.661709164713742,11014705.0,2920.0,62.27000000000001,93.8499984741211,Bolivia,Latin America & Caribbean ,Lower middle income,2996.01289811344,5.834,0.829,62.7,0.884,-0.03,0.862,0.786,0.393,0.5365192231862485,
BOL,2016,4.26392086382097,4.38389195513915,11180020.0,3000.0,62.646,93.8499984741211,Bolivia,Latin America & Caribbean ,Lower middle income,3035.87347732132,5.77,0.796,63.0,0.882,-0.047,0.853,0.783,0.376,0.5059802548355687,
BOL,2017,4.19520633360403,4.975951505538329,11344587.0,3250.0,62.406,93.8499984741211,Bolivia,Latin America & Caribbean ,Lower middle income,4048.40119739839,5.651,0.779,63.3,0.884,-0.12,0.819,0.698,0.434,0.4964329542773516,
BOL,2018,2.86808404814794,0.626149149168847,11508368.0,3730.0,62.443,93.8499984741211,Bolivia,Latin America & Caribbean ,Lower middle income,4206.8552936661,5.916,0.827,63.6,0.863,-0.093,0.786,0.742,0.387,0.5414319250527073,
BOL,2019,1.50672102666863,2.30237251516834,11671386.0,4170.0,62.940999999999995,93.8499984741211,Bolivia,Latin America & Caribbean ,Lower middle income,4203.15492855788,5.674,0.784,63.9,0.881,-0.086,0.857,0.751,0.419,0.5208149663529745,
BOL,2020,-12.7194690092717,5.601887914822241,11816299.0,3620.0,61.454,93.8499984741211,Bolivia,Latin America & Caribbean ,Lower middle income,3580.96761778303,5.559,0.805,64.2,0.877,-0.054,0.868,0.79,0.382,0.46668279959158215,
BOL,2021,10.0290488827886,5.13320340824963,11937360.0,3990.0,60.416999999999994,93.8499984741211,Bolivia,Latin America & Caribbean ,Lower middle income,4010.76053686204,5.716,0.81,64.2,0.875,-0.077,0.839,0.79,0.382,0.45512548778535084,
BOL,2022,3.74741781241461,13.7121023720065,12077154.0,4190.0,65.617,93.8499984741211,Bolivia,Latin America & Caribbean ,Lower middle income,4219.46113742445,5.716,0.81,64.2,0.875,-0.077,0.839,0.79,0.382,0.5182167448137409,
BOL,2023,2.51636590154891,-4.64470870797775,12244159.0,4230.0,66.035,95.5500030517578,Bolivia,Latin America & Caribbean ,Lower middle income,4274.70820547613,5.716,0.81,64.2,0.875,-0.077,0.839,0.79,0.382,0.6432614698814298,
BOL,2024,-1.12335595517212,-6.60118564073726,12413315.0,4160.0,66.035,95.5500030517578,Bolivia,Latin America & Caribbean ,Lower middle income,4421.16609889999,5.716,0.81,64.2,0.875,-0.077,0.839,0.79,0.382,0.6554292102539694,
BRA,2015,-3.54576339347278,-0.661709164713742,201675532.0,10330.0,62.27000000000001,92.8099975585938,Brazil,Latin America & Caribbean ,Upper middle income,8936.1955889444,6.547,0.907,65.8,0.799,-0.016,0.771,0.755,0.325,0.5702647865187082,
BRA,2016,-3.2759169063211,4.38389195513915,203218114.0,9050.0,62.646,92.8099975585938,Brazil,Latin America & Caribbean ,Upper middle income,8836.28546025694,6.375,0.912,66.0,0.807,-0.1,0.781,0.763,0.302,0.5448075359388341,
BRA,2017,1.32286905390815,4.975951505538329,204703445.0,8830.0,62.406,93.0800018310547,Brazil,Latin America & Caribbean ,Upper middle income,10080.5078722821,6.333,0.905,66.2,0.765,-0.175,0.794,0.716,0.308,0.525353663732286,
BRA,2018,1.78366676137003,0.626149149168847,206107261.0,9320.0,62.443,93.2300033569336,Brazil,Latin America & Caribbean ,Upper middle income,9300.66072904004,6.191,0.882,66.4,0.751,-0.117,0.763,0.75,0.35,0.5458510540031329,
BRA,2019,1.22077782271943,2.30237251516834,207455459.0,9410.0,62.940999999999995,93.9019248012051,Brazil,Latin America & Caribbean ,Upper middle income,9029.83304401079,6.451,0.899,66.6,0.83,-0.062,0.762,0.761,0.337,0.5717741126758724,
BRA,2020,-3.27675879612903,5.601887914822241,208660842.0,8080.0,61.454,94.7576490611664,Brazil,Latin America & Caribbean ,Upper middle income,7074.19407495707,6.11,0.831,66.8,0.786,-0.053,0.729,0.692,0.389,0.49168802900738573,
BRA,2021,4.7626043797061,5.13320340824963,209550294.0,8060.0,60.416999999999994,94.7848837154757,Brazil,Latin America & Caribbean ,Upper middle income,7972.53696080695,6.33,0.882,66.8,0.804,-0.071,0.756,0.692,0.389,0.48822487678314413,
BRA,2022,3.01669435408112,13.7121023720065,210306415.0,8440.0,65.617,94.3853874531348,Brazil,Latin America & Caribbean ,Upper middle income,9281.33282136864,6.33,0.882,66.8,0.804,-0.071,0.756,0.692,0.389,0.5516374369167452,
BRA,2023,3.24165532813583,-4.64470870797775,211140729.0,9310.0,66.035,94.5839624750993,Brazil,Latin America & Caribbean ,Upper middle income,10377.5897719195,6.33,0.882,66.8,0.804,-0.071,0.756,0.692,0.389,0.6751787200838772,
BRA,2024,3.41931516597739,-6.60118564073726,211998573.0,9930.0,66.035,94.8005123042056,Brazil,Latin America & Caribbean ,Upper middle income,10310.5488778166,6.33,0.882,66.8,0.804,-0.071,0.756,0.692,0.389,0.68750777904435,
BRB,2015,-1.17048018967635,-0.661709164713742,278990.0,19150.0,62.27000000000001,90.1499993460519,Barbados,Latin America & Caribbean ,High income,20424.2087530019,5.897461538461538,0.836076923076923,64.17878787878789,0.7756153846153846,-0.007820895522388061,0.8043076923076923,0.7155820895522389,0.28932835820895525,0.5367929500170567,
BRB,2016,1.49650622520576,4.38389195513915,279598.0,19200.0,62.646,91.65631505062707,Barbados,Latin America & Caribbean ,High income,20295.5672072046,5.877888888888888,0.8481111111111111,64.37011494252873,0.7818888888888889,-0.0018764044943820227,0.8141111111111111,0.7212584269662922,0.29167415730337076,0.5184552742069127,
BRB,2017,0.708386729317951,4.975951505538329,280171.0,19370.0,62.406,91.48430033264317,Barbados,Latin America & Caribbean ,High income,20284.5762052461,5.946823529411765,0.8554705882352941,64.38095238095238,0.8186470588235294,-0.024639534883720927,0.7917058823529411,0.7078139534883721,0.30296511627906975,0.5221910169797668,
BRB,2018,-1.2760241773002,0.626149149168847,280711.0,19910.0,62.443,91.47924112068334,Barbados,Latin America & Caribbean ,High income,21381.2426303209,6.006805555555555,0.8511388888888889,64.60860215053764,0.841,-0.02255964912280702,0.8042777777777778,0.7131894736842105,0.30396842105263155,0.5535289964472034,
BRB,2019,0.227712137486577,2.30237251516834,281207.0,20520.0,62.940999999999995,91.43314889773366,Barbados,Latin America & Caribbean ,High income,21912.1501242857,6.038588235294118,0.8372745098039216,65.14725274725275,0.8420392156862746,-0.016412186379928313,0.801078431372549,0.707263440860215,0.3015913978494624,0.5529665189899958,
BRB,2020,-14.3647119341564,5.601887914822241,281698.0,18740.0,61.454,91.60306755581077,Barbados,Latin America & Caribbean ,High income,19194.4919736739,5.7795,0.8161372549019609,65.38192771084337,0.8441372549019608,-0.01115294117647059,0.7751568627450981,0.7156823529411764,0.3079294117647059,0.49084193111001895,
BRB,2021,-0.0967779613221893,5.13320340824963,282147.0,19880.0,60.416999999999994,91.09663171723088,Barbados,Latin America & Caribbean ,High income,21079.6145271791,5.958200000000001,0.8276666666666667,65.29277108433735,0.8393333333333334,-0.028172413793103448,0.7998666666666666,0.7104941176470588,0.30934117647058823,0.47383684150821803,
BRB,2022,17.2264626793379,13.7121023720065,282318.0,24300.0,65.617,91.47427720792334,Barbados,Latin America & Caribbean ,High income,24387.0387293761,5.966866666666666,0.8293333333333333,65.1280487804878,0.8417333333333333,-0.012726190476190476,0.7755333333333333,0.7149642857142857,0.307,0.5445782767816892,
BRB,2023,2.914357359625,-4.64470870797775,282336.0,24960.0,66.035,91.86376612517199,Barbados,Latin America & Caribbean ,High income,25583.878782727,5.9801874999999995,0.8335,65.38333333333333,0.843625,-0.030569620253164557,0.7805625,0.7185443037974684,0.3077974683544304,0.6694001239288222,
BRB,2024,2.4822621396186,-6.60118564073726,282467.0,25140.0,66.035,92.12011188823735,Barbados,Latin America & Caribbean ,High income,26544.8707282621,5.945333333333333,0.837388888888889,65.49866666666667,0.8446666666666667,-0.03577922077922078,0.7931666666666666,0.7204675324675325,0.3068441558441558,0.6812358632499969,
BRN,2015,-0.392383749502031,-0.661709164713742,422212.0,38180.0,62.27000000000001,93.25999959309895,Brunei Darussalam,East Asia & Pacific,High income,30625.1287744656,5.532666666666667,0.8398333333333333,64.17878787878789,0.8611666666666666,-0.007820895522388061,0.6566666666666666,0.7155820895522389,0.28932835820895525,0.57917163902439,
BRN,2016,-2.47791771833224,4.38389195513915,427564.0,32570.0,62.646,91.57636399702592,Brunei Darussalam,East Asia & Pacific,High income,26663.2972950602,5.5694,0.8369,64.37011494252873,0.8804000000000001,-0.0018764044943820227,0.6411,0.7212584269662922,0.29167415730337076,0.5561516512288216,
BRN,2017,1.32872661057823,4.975951505538329,432772.0,29230.0,62.406,89.47999954223634,Brunei Darussalam,East Asia & Pacific,High income,28024.3824580252,5.5169999999999995,0.8210000000000001,64.38095238095238,0.8877777777777778,-0.024639534883720927,0.6233333333333334,0.7078139534883721,0.30296511627906975,0.5440633183508375,
BRN,2018,0.0523710418528935,0.626149149168847,437810.0,28790.0,62.443,95.18924851479568,Brunei Darussalam,East Asia & Pacific,High income,30988.1190267227,5.6069545454545455,0.8493181818181817,64.60860215053764,0.8634545454545454,-0.02255964912280702,0.6688636363636363,0.7131894736842105,0.30396842105263155,0.5810567142067087,
BRN,2019,3.86884436177075,2.30237251516834,442680.0,31550.0,62.940999999999995,94.52196506622283,Brunei Darussalam,East Asia & Pacific,High income,30426.5730656528,5.68076923076923,0.8563076923076923,65.14725274725275,0.8788461538461539,-0.016412186379928313,0.6725384615384615,0.707263440860215,0.3015913978494624,0.5858041646335317,
BRN,2020,1.1335733495246,5.601887914822241,447404.0,30810.0,61.454,95.21292967480102,Brunei Darussalam,East Asia & Pacific,High income,26834.3592233943,5.59435,0.83905,65.38192771084337,0.8547,-0.01115294117647059,0.6272,0.7156823529411764,0.3079294117647059,0.5263495223167549,
BRN,2021,-1.59076260099606,5.13320340824963,451721.0,29890.0,60.416999999999994,93.14785707559761,Brunei Darussalam,East Asia & Pacific,High income,31006.9636289785,5.771,0.862125,65.29277108433735,0.84975,-0.028172413793103448,0.61075,0.7104941176470588,0.30934117647058823,0.5169390949890788,
BRN,2022,-1.62833154515108,13.7121023720065,455370.0,30970.0,65.617,90.60141440229495,Brunei Darussalam,East Asia & Pacific,High income,36632.9280952155,5.6708,0.8574999999999999,65.1280487804878,0.8637,-0.012726190476190476,0.7251000000000001,0.7149642857142857,0.307,0.5643457744374547,
BRN,2023,1.12764418162719,-4.64470870797775,458949.0,34390.0,66.035,89.07142748151504,Brunei Darussalam,East Asia & Pacific,High income,32890.5491812019,5.55175,0.836125,65.38333333333333,0.8452500000000001,-0.030569620253164557,0.6745,0.7185443037974684,0.3077974683544304,0.6769511842146638,
BRN,2024,4.05251709306727,-6.60118564073726,462721.0,36020.0,66.035,88.22333272298177,Brunei Darussalam,East Asia & Pacific,High income,33153.4738913513,5.685666666666667,0.8411666666666666,65.49866666666667,0.8605,-0.03577922077922078,0.658,0.7204675324675325,0.3068441558441558,0.6970626340596537,
BTN,2015,6.66080128866197,-0.661709164713742,740618.0,2740.0,62.27000000000001,66.5599975585938,Bhutan,South Asia,Lower middle income,2954.04081911097,4.4875,0.6054999999999999,64.17878787878789,0.796,-0.007820895522388061,0.7484999999999999,0.7155820895522389,0.28932835820895525,0.4119145471261805,
BTN,2016,8.47594339232963,4.38389195513915,747866.0,2880.0,62.646,66.5599975585938,Bhutan,South Asia,Lower middle income,3152.30905106786,4.5415,0.73075,64.37011494252873,0.8402499999999999,-0.0018764044943820227,0.7785,0.7212584269662922,0.29167415730337076,0.42238025726453476,
BTN,2017,2.08684522733067,4.975951505538329,754335.0,2960.0,62.406,66.5599975585938,Bhutan,South Asia,Lower middle income,3435.28804735662,4.356,0.7397499999999999,64.38095238095238,0.8634999999999999,-0.024639534883720927,0.7575000000000001,0.7078139534883721,0.30296511627906975,0.4185705302679816,
BTN,2018,3.50187185732737,0.626149149168847,759759.0,3150.0,62.443,66.5599975585938,Bhutan,South Asia,Lower middle income,3400.20417245342,4.250666666666667,0.7256666666666667,64.60860215053764,0.8833333333333333,-0.02255964912280702,0.7873333333333333,0.7131894736842105,0.30396842105263155,0.44020105484028604,
BTN,2019,5.75514851246506,2.30237251516834,764824.0,3370.0,62.940999999999995,66.5599975585938,Bhutan,South Asia,Lower middle income,3576.87987100503,4.50625,0.70525,65.14725274725275,0.848,-0.016412186379928313,0.74575,0.707263440860215,0.3015913978494624,0.4415780066038336,
BTN,2020,-10.2183974208569,5.601887914822241,770006.0,3040.0,61.454,66.5599975585938,Bhutan,South Asia,Lower middle income,3191.66906999331,4.591333333333334,0.7256666666666667,65.38192771084337,0.8385000000000001,-0.01115294117647059,0.7949999999999999,0.7156823529411764,0.3079294117647059,0.3858295279496351,
BTN,2021,4.42136738945015,5.13320340824963,775442.0,3300.0,60.416999999999994,66.5599975585938,Bhutan,South Asia,Lower middle income,3570.61257980872,4.389666666666667,0.7076666666666666,65.29277108433735,0.8703333333333333,-0.028172413793103448,0.773,0.7104941176470588,0.30934117647058823,0.36627246238498673,
BTN,2022,5.21386783786224,13.7121023720065,780914.0,3600.0,65.617,64.9100036621094,Bhutan,South Asia,Lower middle income,3711.32767981591,4.389666666666667,0.7076666666666666,65.1280487804878,0.8703333333333333,-0.012726190476190476,0.773,0.7149642857142857,0.307,0.42664936786367696,
BTN,2023,4.63215704523927,-4.64470870797775,786385.0,3730.0,66.035,64.9100036621094,Bhutan,South Asia,Lower middle income,3831.32535494609,4.389666666666667,0.7076666666666666,65.38333333333333,0.8703333333333333,-0.030569620253164557,0.773,0.7185443037974684,0.3077974683544304,0.5490156004674466,
BTN,2024,4.63215704523927,-6.60118564073726,791524.0,3730.0,66.035,64.9100036621094,Bhutan,South Asia,Lower middle income,3831.32535494609,4.422000000000001,0.6479999999999999,65.49866666666667,0.885,-0.03577922077922078,0.728,0.7204675324675325,0.3068441558441558,0.5574242923192324,
BWA,2015,-4.85132507409779,-0.661709164713742,2203273.0,6140.0,62.27000000000001,59.519709481092974,Botswana,Sub-Saharan Africa ,Upper middle income,6141.20394726616,3.762,0.816,56.8,0.857,-0.116,0.86,0.746,0.261,0.4295017555495864,
BWA,2016,7.20442475914267,4.38389195513915,2234776.0,6060.0,62.646,64.81778819538694,Botswana,Sub-Saharan Africa ,Upper middle income,6749.05994339013,3.499,0.768,57.5,0.852,-0.253,0.729,0.686,0.252,0.41625211644334587,
BWA,2017,4.11437856445083,4.975951505538329,2266747.0,6210.0,62.406,59.349186490700546,Botswana,Sub-Saharan Africa ,Upper middle income,7104.96401088027,3.505,0.768,58.2,0.817,-0.248,0.731,0.656,0.276,0.39221124873055735,
BWA,2018,4.18869237159223,0.626149149168847,2299141.0,6680.0,62.443,61.011341472902174,Botswana,Sub-Saharan Africa ,Upper middle income,7407.95940141786,3.461,0.795,58.9,0.818,-0.254,0.807,0.73,0.267,0.4175299771112935,
BWA,2019,3.0317733945467,2.30237251516834,2332083.0,7520.0,62.940999999999995,64.92468383194814,Botswana,Sub-Saharan Africa ,Upper middle income,7172.08956480028,3.471,0.774,59.6,0.833,-0.239,0.792,0.712,0.273,0.42477028635089553,
BWA,2020,-8.72888243996397,5.601887914822241,2365894.0,6600.0,61.454,63.60724199024109,Botswana,Sub-Saharan Africa ,Upper middle income,6323.2974967659,3.4690000000000003,0.779,59.6,0.8285,-0.2425,0.7965,0.712,0.273,0.36813675865655104,
BWA,2021,11.9162724376008,5.13320340824963,2401441.0,7530.0,60.416999999999994,65.86192034519343,Botswana,Sub-Saharan Africa ,Upper middle income,7807.88794570471,3.467,0.784,59.6,0.824,-0.246,0.801,0.712,0.273,0.3524959834965314,
BWA,2022,5.48601706446772,13.7121023720065,2439892.0,8250.0,65.617,63.417386779874896,Botswana,Sub-Saharan Africa ,Upper middle income,8328.7090572666,3.467,0.784,59.6,0.824,-0.246,0.801,0.712,0.273,0.4119276160146664,
BWA,2023,3.20806812224438,-4.64470870797775,2480244.0,8360.0,66.035,65.52165158374675,Botswana,Sub-Saharan Africa ,Upper middle income,7826.35376483298,3.467,0.784,59.6,0.824,-0.246,0.801,0.712,0.273,0.5371341203981552,
BWA,2024,-2.98986879467928,-6.60118564073726,2521139.0,7750.0,66.035,65.67981786665442,Botswana,Sub-Saharan Africa ,Upper middle income,7695.75319445165,3.467,0.784,59.6,0.824,-0.246,0.801,0.712,0.273,0.5493135416843622,
CAF,2015,4.33712103020231,-0.661709164713742,4629320.0,390.0,62.27000000000001,42.439998626709,Central African Republic,Sub-Saharan Africa ,Low income,366.322853938121,4.215857142857143,0.6736428571428571,64.17878787878789,0.7215714285714286,-0.007820895522388061,0.7941428571428572,0.7155820895522389,0.28932835820895525,0.35984624969421247,
CAF,2016,4.75031684122342,4.38389195513915,4713663.0,400.0,62.646,42.439998626709,Central African Republic,Sub-Saharan Africa ,Low income,387.176203444318,4.41705,0.7253999999999999,64.37011494252873,0.7313500000000001,-0.0018764044943820227,0.8026,0.7212584269662922,0.29167415730337076,0.3538369386552036,
CAF,2017,4.52727821346231,4.975951505538329,4793511.0,420.0,62.406,42.439998626709,Central African Republic,Sub-Saharan Africa ,Low income,432.324025684263,4.479473684210526,0.6647368421052632,64.38095238095238,0.726421052631579,-0.024639534883720927,0.7684210526315789,0.7078139534883721,0.30296511627906975,0.33664539008291333,
CAF,2018,3.78944359275462,0.626149149168847,4878657.0,470.0,62.443,42.439998626709,Central African Republic,Sub-Saharan Africa ,Low income,455.243962859534,4.60104347826087,0.6711739130434783,64.60860215053764,0.7309565217391305,-0.02255964912280702,0.7649565217391305,0.7131894736842105,0.30396842105263155,0.36974227023143846,
CAF,2019,3.09999999999999,2.30237251516834,4944703.0,500.0,62.940999999999995,42.439998626709,Central African Republic,Sub-Saharan Africa ,Low income,449.228467602439,4.560947368421052,0.6793157894736842,65.14725274725275,0.7001578947368422,-0.016412186379928313,0.7908421052631579,0.707263440860215,0.3015913978494624,0.36220103857569474,
CAF,2020,0.899999996857062,5.601887914822241,5026628.0,490.0,61.454,42.439998626709,Central African Republic,Sub-Saharan Africa ,Low income,462.879071294011,4.52828947368421,0.6715263157894737,65.38192771084337,0.7406315789473684,-0.01115294117647059,0.7249473684210527,0.7156823529411764,0.3079294117647059,0.3227919871680962,
CAF,2021,0.982919996264229,5.13320340824963,5112100.0,510.0,60.416999999999994,42.439998626709,Central African Republic,Sub-Saharan Africa ,Low income,492.263142830507,4.7511,0.7062999999999999,65.29277108433735,0.7177,-0.028172413793103448,0.79815,0.7104941176470588,0.30934117647058823,0.3011681864235297,
CAF,2022,0.453901876447787,13.7121023720065,5098039.0,520.0,65.617,42.439998626709,Central African Republic,Sub-Saharan Africa ,Low income,467.359825026238,4.5692,0.66695,65.1280487804878,0.73625,-0.012726190476190476,0.72595,0.7149642857142857,0.307,0.36448792290311216,
CAF,2023,0.69996840076054,-4.64470870797775,5152421.0,530.0,66.035,42.439998626709,Central African Republic,Sub-Saharan Africa ,Low income,495.978897288721,4.821444444444444,0.7006111111111112,65.38333333333333,0.7288888888888888,-0.030569620253164557,0.7893888888888889,0.7185443037974684,0.3077974683544304,0.48992929735298774,
CAF,2024,1.49999999847535,-6.60118564073726,5330690.0,510.0,66.035,42.439998626709,Central African Republic,Sub-Saharan Africa ,Low income,516.160999996036,4.7535,0.690375,65.49866666666667,0.7152499999999999,-0.03577922077922078,0.7933125,0.7204675324675325,0.3068441558441558,0.49513890150996376,
CAN,2015,0.649971001734855,-0.661709164713742,35704498.0,47580.0,62.27000000000001,84.75926907442654,Canada,North America,High income,43594.1941045394,7.413,0.939,73.0,0.931,0.253,0.427,0.845,0.286,0.6856037030823527,
CAN,2016,1.03855092490855,4.38389195513915,36110803.0,43900.0,62.646,85.93039245432405,Canada,North America,High income,42314.0615817218,7.245,0.924,73.2,0.912,0.211,0.385,0.825,0.237,0.6587951796585398,
CAN,2017,3.03383491200222,4.975951505538329,36545075.0,42900.0,62.406,84.38993996727532,Canada,North America,High income,45129.628116623,7.415,0.934,73.4,0.945,0.163,0.362,0.863,0.218,0.6650718545303367,
CAN,2018,2.74296344906655,0.626149149168847,37072620.0,45060.0,62.443,84.91469787140377,Canada,North America,High income,46539.1761570405,7.175,0.923,73.6,0.946,0.106,0.372,0.824,0.259,0.6856865282503153,
CAN,2019,1.90843194590616,2.30237251516834,37618495.0,46580.0,62.940999999999995,86.28643623862709,Canada,North America,High income,46352.8693445211,7.109,0.925,73.8,0.912,0.112,0.436,0.822,0.285,0.6724586243601033,
CAN,2020,-5.03823343468899,5.601887914822241,38028638.0,43900.0,61.454,86.60170167790152,Canada,North America,High income,43537.839298904,7.025,0.931,74.0,0.887,0.05,0.434,0.796,0.307,0.612209889680482,
CAN,2021,5.95052802804381,5.13320340824963,38239864.0,49080.0,60.416999999999994,86.56584445860733,Canada,North America,High income,52886.6616372703,7.103,0.926,74.0,0.915,0.089,0.415,0.796,0.307,0.6085579299135564,
CAN,2022,4.18903628100851,13.7121023720065,38935934.0,53850.0,65.617,85.97865932167393,Canada,North America,High income,56256.8007264015,7.103,0.926,74.0,0.915,0.089,0.415,0.796,0.307,0.6734749787829397,
CAN,2023,1.52874550838358,-4.64470870797775,40083484.0,54660.0,66.035,86.08744624065197,Canada,North America,High income,54220.3285039875,7.103,0.926,74.0,0.915,0.089,0.415,0.796,0.307,0.7941264077518069,
CAN,2024,1.55479521049516,-6.60118564073726,41288599.0,53400.0,66.035,86.53985260800282,Canada,North America,High income,54340.3477224733,7.103,0.926,74.0,0.915,0.089,0.415,0.796,0.307,0.8069988815564386,
CHI,2015,0.374367083829384,-0.661709164713742,163454.0,15169.791666666666,62.27000000000001,99.48833338419594,Channel Islands,Europe & Central Asia,High income,61847.8212238857,5.923304347826087,0.8491304347826087,64.17878787878789,0.7425217391304347,-0.007820895522388061,0.6769999999999999,0.7155820895522389,0.28932835820895525,0.6028829867724544,
CHI,2016,1.21302407657195,4.38389195513915,163883.0,14672.916666666666,62.646,98.98699951171874,Channel Islands,Europe & Central Asia,High income,55947.579811974,5.927037037037037,0.8699259259259259,64.37011494252873,0.7541111111111112,-0.0018764044943820227,0.7020740740740741,0.7212584269662922,0.29167415730337076,0.577617071655594,
CHI,2017,1.80648131383585,4.975951505538329,164319.0,14806.666666666666,62.406,99.0114288330078,Channel Islands,Europe & Central Asia,High income,55806.3554257428,6.0480833333333335,0.8572083333333333,64.38095238095238,0.7631666666666667,-0.024639534883720927,0.67975,0.7078139534883721,0.30296511627906975,0.5731908060517897,
CHI,2018,1.1222435658518,0.626149149168847,164949.0,15612.916666666666,62.443,99.35333336724173,Channel Islands,Europe & Central Asia,High income,60784.8125397162,6.2051346153846145,0.8825576923076923,64.60860215053764,0.7892307692307692,-0.02255964912280702,0.6894230769230769,0.7131894736842105,0.30396842105263155,0.618333773801177,
CHI,2019,1.57335596156342,2.30237251516834,165639.0,16256.458333333334,62.940999999999995,99.30023165921833,Channel Islands,Europe & Central Asia,High income,60564.6293993681,6.236365384615384,0.8888653846153847,65.14725274725275,0.8146538461538462,-0.016412186379928313,0.66475,0.707263440860215,0.3015913978494624,0.6289648255756225,
CHI,2020,-8.89677926591959,5.601887914822241,166235.0,15125.833333333334,61.454,99.45147404812847,Channel Islands,Europe & Central Asia,High income,56785.9402005039,6.376291666666667,0.8960625000000001,65.38192771084337,0.8193333333333334,-0.01115294117647059,0.6385,0.7156823529411764,0.3079294117647059,0.5817138489038812,
CHI,2021,9.93680136985076,5.13320340824963,166741.0,16642.708333333332,60.416999999999994,99.42232857194668,Channel Islands,Europe & Central Asia,High income,66915.3963925722,6.213107142857143,0.8877142857142858,65.29277108433735,0.80375,-0.028172413793103448,0.6798214285714286,0.7104941176470588,0.30934117647058823,0.5563052193470486,
CHI,2022,5.34196140375869,13.7121023720065,167215.0,17961.25,65.617,99.63800048828124,Channel Islands,Europe & Central Asia,High income,67627.1417347907,6.286079999999999,0.8908,65.1280487804878,0.81432,-0.012726190476190476,0.66176,0.7149642857142857,0.307,0.6269290029391184,
CHI,2023,3.71500590367266,-4.64470870797775,167691.0,18600.0,66.035,99.34666570027669,Channel Islands,Europe & Central Asia,High income,74585.5224096294,6.292695652173913,0.8890869565217391,65.38333333333333,0.8102173913043478,-0.030569620253164557,0.6615652173913044,0.7185443037974684,0.3077974683544304,0.7538627607357542,
CHI,2024,3.71500590367266,-6.60118564073726,168126.0,19142.916666666668,66.035,99.36666615804036,Channel Islands,Europe & Central Asia,High income,74585.5224096294,6.292695652173913,0.8890869565217391,65.49866666666667,0.8102173913043478,-0.03577922077922078,0.6615652173913044,0.7204675324675325,0.3068441558441558,0.7659343316316104,
CHL,2015,2.15194249981184,-0.661709164713742,18047625.0,14080.0,62.27000000000001,96.4000015258789,Chile,Latin America & Caribbean ,High income,13433.9202987032,6.533,0.827,69.6,0.769,0.041,0.812,0.803,0.333,0.5508563936000233,
CHL,2016,1.753038749071,4.38389195513915,18267221.0,13310.0,62.646,96.4000015258789,Chile,Latin America & Caribbean ,High income,13649.8520452803,6.579,0.841,69.7,0.652,0.102,0.858,0.869,0.283,0.5047184446448709,
CHL,2017,1.35769537343957,4.975951505538329,18558868.0,13200.0,62.406,96.4000015258789,Chile,Latin America & Caribbean ,High income,14879.9086227187,6.32,0.88,69.8,0.79,-0.02,0.836,0.838,0.291,0.5279398633772999,
CHL,2018,3.99002947789977,0.626149149168847,18893191.0,14460.0,62.443,96.4000015258789,Chile,Latin America & Caribbean ,High income,15659.4808675628,6.436,0.89,69.9,0.789,-0.06,0.816,0.833,0.276,0.563600763120433,
CHL,2019,0.634367533828438,2.30237251516834,19197744.0,14690.0,62.940999999999995,96.4000015258789,Chile,Latin America & Caribbean ,High income,14495.716721687,5.942,0.869,70.0,0.659,-0.103,0.86,0.809,0.337,0.5176003153840006,
CHL,2020,-6.14347479224092,5.601887914822241,19370624.0,12960.0,61.454,96.4000015258789,Chile,Latin America & Caribbean ,High income,13114.815470545,6.151,0.888,70.1,0.781,0.033,0.812,0.815,0.336,0.5009187814456034,
CHL,2021,11.3149204879049,5.13320340824963,19456334.0,14790.0,60.416999999999994,96.4000015258789,Chile,Latin America & Caribbean ,High income,16206.8325493421,6.172,0.882,70.1,0.742,-0.044,0.83,0.815,0.336,0.4729626125083696,
CHL,2022,2.15399356192458,13.7121023720065,19553036.0,15440.0,65.617,96.4000015258789,Chile,Latin America & Caribbean ,High income,15405.6165774073,6.172,0.882,70.1,0.742,-0.044,0.83,0.815,0.336,0.535168822172012,
CHL,2023,0.521367977246825,-4.64470870797775,19658835.0,15950.0,66.035,96.4000015258789,Chile,Latin America & Caribbean ,High income,17067.0364799154,6.172,0.882,70.1,0.742,-0.044,0.83,0.815,0.336,0.6588858907927916,
CHL,2024,2.64431154871538,-6.60118564073726,19764771.0,15750.0,66.035,96.4000015258789,Chile,Latin America & Caribbean ,High income,16709.8893972307,6.172,0.882,70.1,0.742,-0.044,0.83,0.815,0.336,0.670612293465647,
CHN,2015,6.97878002657477,-0.661709164713742,1379860000.0,8040.0,62.27000000000001,96.7399978637695,China,East Asia & Pacific,Upper middle income,8175.33285077393,5.304,0.794,68.4,0.878,-0.244,0.755,0.809,0.171,0.5394483987210908,
CHN,2016,6.77555562837017,4.38389195513915,1387790000.0,8360.0,62.646,96.7399978637695,China,East Asia & Pacific,Upper middle income,8254.86859320357,5.325,0.742,68.7,0.878,-0.228,0.755,0.826,0.146,0.5058070545822946,
CHN,2017,6.8912663621211,4.975951505538329,1396215000.0,8830.0,62.406,96.7399978637695,China,East Asia & Pacific,Upper middle income,8979.67652709856,5.099,0.772,69.0,0.878,-0.175,0.755,0.821,0.214,0.49897281002457067,
CHN,2018,6.75671800166833,0.626149149168847,1402760000.0,9720.0,62.443,96.7399978637695,China,East Asia & Pacific,Upper middle income,10085.6638148819,5.131,0.788,69.3,0.895,-0.159,0.755,0.856,0.19,0.5349225216180477,
CHN,2019,6.06850235053705,2.30237251516834,1407745000.0,10510.0,62.940999999999995,96.7399978637695,China,East Asia & Pacific,Upper middle income,10342.9009524335,5.144,0.822,69.6,0.927,-0.173,0.755,0.891,0.147,0.5496127695066964,
CHN,2020,2.34018843078414,5.601887914822241,1411100000.0,10740.0,61.454,96.7399978637695,China,East Asia & Pacific,Upper middle income,10627.4637989619,5.771,0.808,69.9,0.891,-0.103,0.755,0.789,0.245,0.5009714351710435,
CHN,2021,8.57008513166322,5.13320340824963,1412360000.0,12220.0,60.416999999999994,96.7399978637695,China,East Asia & Pacific,Upper middle income,12887.4357242941,5.339,0.811,69.9,0.904,-0.146,0.755,0.789,0.245,0.476023089093222,
CHN,2022,3.1341888719577,13.7121023720065,1412175000.0,13170.0,65.617,96.7399978637695,China,East Asia & Pacific,Upper middle income,12970.6056414327,5.339,0.811,69.9,0.904,-0.146,0.755,0.789,0.245,0.5390043364400356,
CHN,2023,5.41484330099675,-4.64470870797775,1410710000.0,13750.0,66.035,96.7399978637695,China,East Asia & Pacific,Upper middle income,12951.1782397043,5.339,0.811,69.9,0.904,-0.146,0.755,0.789,0.245,0.6612483829145607,
CHN,2024,4.9773565917572,-6.60118564073726,1408975000.0,13660.0,66.035,96.7399978637695,China,East Asia & Pacific,Upper middle income,13303.1481543868,5.339,0.811,69.9,0.904,-0.146,0.755,0.789,0.245,0.6735962251665943,
CIV,2015,7.19494942728191,-0.661709164713742,25246342.0,1880.0,62.27000000000001,50.0400009155273,Cote d'Ivoire,Sub-Saharan Africa ,Lower middle income,1814.71855088017,4.445,0.704,47.7,0.8,-0.053,0.744,0.664,0.347,0.4065140581737921,
CIV,2016,7.17275963956332,4.38389195513915,25989405.0,1880.0,62.646,50.0400009155273,Cote d'Ivoire,Sub-Saharan Africa ,Lower middle income,1862.59597081287,4.543,0.617,48.3,0.769,-0.043,0.757,0.704,0.378,0.35937461709910923,
CIV,2017,7.41076242592504,4.975951505538329,26733372.0,1870.0,62.406,50.0400009155273,Cote d'Ivoire,Sub-Saharan Africa ,Lower middle income,1964.29930338343,5.038,0.661,48.9,0.732,-0.111,0.771,0.698,0.357,0.362724463510603,
CIV,2018,4.84314605889178,0.626149149168847,27464173.0,2010.0,62.443,50.0400009155273,Cote d'Ivoire,Sub-Saharan Africa ,Lower middle income,2130.86619381144,5.268,0.621,49.5,0.713,-0.05,0.791,0.682,0.386,0.3806031968552235,
CIV,2019,6.72137167584978,2.30237251516834,28193009.0,2120.0,62.940999999999995,56.9804529419494,Cote d'Ivoire,Sub-Saharan Africa ,Lower middle income,2141.76836170115,5.392,0.679,50.1,0.736,-0.017,0.799,0.674,0.425,0.41132440964031336,
CIV,2020,0.699728593494228,5.601887914822241,28915449.0,2120.0,61.454,56.9804529419494,Cote d'Ivoire,Sub-Saharan Africa ,Lower middle income,2179.72934832935,5.257,0.613,50.7,0.77,0.016,0.777,0.693,0.34,0.34955815864838236,
CIV,2021,7.06332910205232,5.13320340824963,29639736.0,2300.0,60.416999999999994,50.0,Cote d'Ivoire,Sub-Saharan Africa ,Lower middle income,2455.98127641148,5.306,0.644,50.7,0.741,-0.016,0.794,0.693,0.34,0.31869840098114555,
CIV,2022,6.39988362720531,13.7121023720065,30395002.0,2440.0,65.617,50.0,Cote d'Ivoire,Sub-Saharan Africa ,Lower middle income,2333.37128301259,5.306,0.644,50.7,0.741,-0.016,0.794,0.693,0.34,0.38149931168184503,
CIV,2023,6.60000045223954,-4.64470870797775,31165654.0,2510.0,66.035,50.0,Cote d'Ivoire,Sub-Saharan Africa ,Lower middle income,2591.9659048119,5.306,0.644,50.7,0.741,-0.016,0.794,0.693,0.34,0.5039870046772471,
CIV,2024,6.01953461940062,-6.60118564073726,31934230.0,2530.0,66.035,50.0,Cote d'Ivoire,Sub-Saharan Africa ,Lower middle income,2727.8935220697,5.306,0.644,50.7,0.741,-0.016,0.794,0.693,0.34,0.5161455167695262,
CMR,2015,5.66695298703932,-0.661709164713742,22763414.0,1530.0,62.27000000000001,72.5500030517578,Cameroon,Sub-Saharan Africa ,Lower middle income,1415.00009710569,5.038,0.646,50.3,0.791,0.049,0.868,0.651,0.346,0.4244168117567815,
CMR,2016,4.53579423678801,4.38389195513915,23454161.0,1470.0,62.646,72.5500030517578,Cameroon,Sub-Saharan Africa ,Lower middle income,1441.7201725688,4.816,0.659,51.1,0.713,-0.003,0.879,0.662,0.367,0.38376168110541414,
CMR,2017,3.54117654926007,4.975951505538329,24128601.0,1410.0,62.406,72.5500030517578,Cameroon,Sub-Saharan Africa ,Lower middle income,1496.08951771242,5.074,0.695,51.9,0.767,-0.028,0.844,0.632,0.377,0.40334206924077326,
CMR,2018,3.95551423892049,0.626149149168847,24806383.0,1520.0,62.443,72.5500030517578,Cameroon,Sub-Saharan Africa ,Lower middle income,1610.69641591017,5.251,0.677,52.7,0.816,0.036,0.884,0.642,0.356,0.4346117789588279,
CMR,2019,3.47505998194981,2.30237251516834,25506095.0,1560.0,62.940999999999995,72.5500030517578,Cameroon,Sub-Saharan Africa ,Lower middle income,1555.22660476477,4.937,0.711,53.5,0.712,-0.008,0.817,0.629,0.326,0.4257580481958091,
CMR,2020,0.259932915907115,5.601887914822241,26210558.0,1540.0,61.454,72.5500030517578,Cameroon,Sub-Saharan Africa ,Lower middle income,1555.60370660749,5.241,0.72,54.3,0.675,0.049,0.837,0.63,0.386,0.3717208095395839,
CMR,2021,3.33885747179505,5.13320340824963,26915758.0,1610.0,60.416999999999994,72.5500030517578,Cameroon,Sub-Saharan Africa ,Lower middle income,1672.32657340872,5.142,0.71,54.3,0.731,0.026,0.848,0.63,0.386,0.3559703924785309,
CMR,2022,3.7367840056412,13.7121023720065,27632771.0,1660.0,65.617,72.5500030517578,Cameroon,Sub-Saharan Africa ,Lower middle income,1604.87726954895,5.142,0.71,54.3,0.731,0.026,0.848,0.63,0.386,0.41881964363055457,
CMR,2023,3.34756290750219,-4.64470870797775,28372687.0,1680.0,66.035,72.5500030517578,Cameroon,Sub-Saharan Africa ,Lower middle income,1720.47510154506,5.142,0.71,54.3,0.731,0.026,0.848,0.63,0.386,0.5411820204013998,
CMR,2024,3.52472308052245,-6.60118564073726,29123744.0,1700.0,66.035,72.5500030517578,Cameroon,Sub-Saharan Africa ,Lower middle income,1830.00833684727,5.142,0.71,54.3,0.731,0.026,0.848,0.63,0.386,0.5533174015947214,
COD,2015,6.35973756164829,-0.661709164713742,81035531.0,460.0,62.27000000000001,77.0400009155273,"Congo, Dem. Rep.",Sub-Saharan Africa ,Low income,495.826633014883,3.903,0.767,52.1,0.574,-0.048,0.866,0.589,0.301,0.39225868002178554,
COD,2016,0.393832798154563,4.38389195513915,83956415.0,460.0,62.646,77.0400009155273,"Congo, Dem. Rep.",Sub-Saharan Africa ,Low income,459.765036590388,4.522,0.864,52.5,0.637,-0.024,0.875,0.646,0.222,0.4153897514266416,
COD,2017,4.24121047272719,4.975951505538329,87083398.0,440.0,62.406,77.0400009155273,"Congo, Dem. Rep.",Sub-Saharan Africa ,Low income,431.052559128788,4.311,0.67,52.9,0.704,0.068,0.809,0.551,0.404,0.38000040214176023,
COD,2018,6.07168870646615,0.626149149168847,90047644.0,460.0,62.443,73.5500030517578,"Congo, Dem. Rep.",Sub-Saharan Africa ,Low income,518.169626875371,4.311,0.67,52.9,0.704,0.068,0.809,0.551,0.404,0.4020517082586148,
COD,2019,0.555384294580819,2.30237251516834,92947442.0,460.0,62.940999999999995,73.5500030517578,"Congo, Dem. Rep.",Sub-Saharan Africa ,Low income,504.00419142286,4.311,0.67,52.9,0.704,0.068,0.809,0.551,0.404,0.40280492940376933,
COD,2020,0.775427992354622,5.601887914822241,95989998.0,480.0,61.454,65.6914486099044,"Congo, Dem. Rep.",Sub-Saharan Africa ,Low income,486.425572682256,4.311,0.67,52.9,0.704,0.068,0.809,0.551,0.404,0.3367558948207334,
COD,2021,6.42961005647355,5.13320340824963,99148932.0,530.0,60.416999999999994,65.6914486099044,"Congo, Dem. Rep.",Sub-Saharan Africa ,Low income,595.743074403567,4.311,0.67,52.9,0.704,0.068,0.809,0.551,0.404,0.31666263872213607,
COD,2022,9.31116944064918,13.7121023720065,102396968.0,610.0,65.617,65.6914486099044,"Congo, Dem. Rep.",Sub-Saharan Africa ,Low income,687.738587554685,4.311,0.67,52.9,0.704,0.068,0.809,0.551,0.404,0.3796516204409819,
COD,2023,8.5334898318451,-4.64470870797775,105789731.0,680.0,66.035,65.6914486099044,"Congo, Dem. Rep.",Sub-Saharan Africa ,Low income,660.21205238997,4.311,0.67,52.9,0.704,0.068,0.809,0.551,0.404,0.5018885691839717,
COD,2024,6.12675551779212,-6.60118564073726,109276265.0,670.0,66.035,65.6914486099044,"Congo, Dem. Rep.",Sub-Saharan Africa ,Low income,649.383338556725,4.311,0.67,52.9,0.704,0.068,0.809,0.551,0.404,0.5139184703517157,
COG,2015,0.415193061293763,-0.661709164713742,5097581.0,3080.0,62.27000000000001,59.519709481092974,"Congo, Rep.",Sub-Saharan Africa ,Lower middle income,2439.35189403696,4.691,0.642,56.1,0.85,-0.104,0.841,0.606,0.261,0.41012809578033066,
COG,2016,-8.68524343913786,4.38389195513915,5222536.0,2260.0,62.646,64.81778819538694,"Congo, Rep.",Sub-Saharan Africa ,Lower middle income,2093.10728558843,4.119,0.615,56.7,0.786,-0.072,0.79,0.61,0.304,0.37192082628777356,
COG,2017,-5.59477371915547,4.975951505538329,5351011.0,1740.0,62.406,59.349186490700546,"Congo, Rep.",Sub-Saharan Africa ,Lower middle income,2211.63309874797,4.884,0.655,57.3,0.778,-0.131,0.763,0.599,0.382,0.3826483492929424,
COG,2018,-2.30431780125842,0.626149149168847,5483118.0,2070.0,62.443,61.011341472902174,"Congo, Rep.",Sub-Saharan Africa ,Lower middle income,2694.43413191427,5.49,0.621,57.9,0.699,-0.092,0.738,0.588,0.448,0.408441164549627,
COG,2019,1.12447391976529,2.30237251516834,5616661.0,2180.0,62.940999999999995,64.92468383194814,"Congo, Rep.",Sub-Saharan Africa ,Lower middle income,2488.42466724916,5.213,0.625,58.5,0.686,-0.046,0.741,0.645,0.405,0.4071290587599349,
COG,2020,-6.26777227963225,5.601887914822241,5752791.0,2230.0,61.454,63.60724199024109,"Congo, Rep.",Sub-Saharan Africa ,Lower middle income,1993.586671931,5.2775,0.6305000000000001,58.5,0.6905,-0.057,0.743,0.645,0.405,0.35441943589797953,
COG,2021,1.01507036990908,5.13320340824963,5892183.0,2040.0,60.416999999999994,65.86192034519343,"Congo, Rep.",Sub-Saharan Africa ,Lower middle income,2516.16255145432,5.342,0.636,58.5,0.695,-0.068,0.745,0.645,0.405,0.3415493073601886,
COG,2022,1.47535613247133,13.7121023720065,6035104.0,2170.0,65.617,63.417386779874896,"Congo, Rep.",Sub-Saharan Africa ,Lower middle income,2620.83804267402,5.342,0.636,58.5,0.695,-0.068,0.745,0.645,0.405,0.4006162477892291,
COG,2023,1.90686426346754,-4.64470870797775,6182885.0,2310.0,66.035,65.52165158374675,"Congo, Rep.",Sub-Saharan Africa ,Lower middle income,2477.97845544866,5.342,0.636,58.5,0.695,-0.068,0.745,0.645,0.405,0.526137798717351,
COG,2024,2.57966943921721,-6.60118564073726,6332961.0,2280.0,66.035,65.67981786665442,"Congo, Rep.",Sub-Saharan Africa ,Lower middle income,2482.2489948456,5.342,0.636,58.5,0.695,-0.068,0.745,0.645,0.405,0.5384354152322931,
COL,2015,2.95590137527523,-0.661709164713742,46969940.0,7420.0,62.27000000000001,94.6500015258789,Colombia,Latin America & Caribbean ,Upper middle income,6248.51490534512,6.388,0.89,66.8,0.791,-0.1,0.843,0.839,0.292,0.5522084702587567,
COL,2016,2.08738250162794,4.38389195513915,47437512.0,6560.0,62.646,94.6500015258789,Colombia,Latin America & Caribbean ,Upper middle income,5959.84250367574,6.234,0.882,67.1,0.835,-0.1,0.898,0.794,0.294,0.5245945599574927,
COL,2017,1.35936086788746,4.975951505538329,48131078.0,6030.0,62.406,94.8927138785262,Colombia,Latin America & Caribbean ,Upper middle income,6479.53231292429,6.157,0.909,67.4,0.838,-0.157,0.875,0.837,0.299,0.5243752386082404,
COL,2018,2.56432428277704,0.626149149168847,49024465.0,6350.0,62.443,95.0899963378906,Colombia,Latin America & Caribbean ,Upper middle income,6816.96818309544,5.984,0.871,67.7,0.851,-0.148,0.855,0.825,0.301,0.5453686435346617,
COL,2019,3.18685539245533,2.30237251516834,49907985.0,6630.0,62.940999999999995,95.25,Colombia,Latin America & Caribbean ,Upper middle income,6472.54544924705,6.35,0.873,68.0,0.822,-0.172,0.854,0.822,0.322,0.5496350011236943,
COL,2020,-7.18591413760859,5.601887914822241,50629997.0,5850.0,61.454,95.6399993896484,Colombia,Latin America & Caribbean ,Upper middle income,5339.68711357943,5.709,0.797,68.3,0.84,-0.085,0.808,0.795,0.34,0.4741209291535853,
COL,2021,10.8011981904878,5.13320340824963,51188173.0,6310.0,60.416999999999994,95.666552016916,Colombia,Latin America & Caribbean ,Upper middle income,6222.62164397614,6.012,0.847,68.3,0.837,-0.135,0.841,0.795,0.34,0.46762444018383104,
COL,2022,7.32827729427979,13.7121023720065,51737944.0,6560.0,65.617,95.3138834471897,Colombia,Latin America & Caribbean ,Upper middle income,6680.44506854481,6.012,0.847,68.3,0.837,-0.135,0.841,0.795,0.34,0.5303665885667554,
COL,2023,0.712380031974334,-4.64470870797775,52321152.0,6720.0,66.035,95.4625553716428,Colombia,Latin America & Caribbean ,Upper middle income,7000.83660501046,6.012,0.847,68.3,0.837,-0.135,0.841,0.795,0.34,0.65314764469718,
COL,2024,1.5983315366523,-6.60118564073726,52886363.0,7040.0,66.035,95.3399963378906,Colombia,Latin America & Caribbean ,Upper middle income,7919.20886825345,6.012,0.847,68.3,0.837,-0.135,0.841,0.795,0.34,0.665794665139996,
COM,2015,1.14747399397193,-0.661709164713742,726682.0,1480.0,62.27000000000001,75.8250571350015,Comoros,Sub-Saharan Africa ,Lower middle income,1329.37048235986,3.973,0.621,57.2,0.56,0.086,0.794,0.748,0.337,0.367572150531317,
COM,2016,3.32039987961315,4.38389195513915,741741.0,1410.0,62.646,75.8250571350015,Comoros,Sub-Saharan Africa ,Lower middle income,1365.48403444497,3.973,0.621,57.2,0.56,0.086,0.794,0.748,0.337,0.34492111689901594,
COM,2017,3.81570211280726,4.975951505538329,756669.0,1380.0,62.406,75.8250571350015,Comoros,Sub-Saharan Africa ,Lower middle income,1423.9248027797,3.973,0.621,57.2,0.56,0.086,0.794,0.748,0.337,0.3359890511828786,
COM,2018,3.64259587408398,0.626149149168847,771590.0,1490.0,62.443,75.8250571350015,Comoros,Sub-Saharan Africa ,Lower middle income,1527.40527125285,3.973,0.621,57.2,0.56,0.086,0.794,0.748,0.337,0.36366995980326444,
COM,2019,1.76070164655727,2.30237251516834,786578.0,1530.0,62.940999999999995,75.8250571350015,Comoros,Sub-Saharan Africa ,Lower middle income,1510.23218151592,4.609,0.632,57.5,0.538,0.077,0.762,0.736,0.336,0.3815947135526316,
COM,2020,-0.195577456821965,5.601887914822241,802163.0,1520.0,61.454,75.8250571350015,Comoros,Sub-Saharan Africa ,Lower middle income,1519.34665556206,4.449,0.629,57.5,0.543,0.0795,0.7715000000000001,0.736,0.336,0.32354503346922164,
COM,2021,2.0001921183449,5.13320340824963,818174.0,1570.0,60.416999999999994,75.8250571350015,Comoros,Sub-Saharan Africa ,Lower middle income,1554.97289190153,4.289,0.626,57.5,0.548,0.082,0.781,0.736,0.336,0.2987190700347123,
COM,2022,2.60301031927843,13.7121023720065,834188.0,1590.0,65.617,75.8250571350015,Comoros,Sub-Saharan Africa ,Lower middle income,1465.479642862,4.289,0.626,57.5,0.548,0.082,0.781,0.736,0.336,0.36154900282309954,
COM,2023,2.99521564038136,-4.64470870797775,850387.0,1580.0,66.035,75.8250571350015,Comoros,Sub-Saharan Africa ,Lower middle income,1560.27378476855,4.289,0.626,57.5,0.548,0.082,0.781,0.736,0.336,0.48389314813642426,
COM,2024,3.3381010943571,-6.60118564073726,866628.0,1590.0,66.035,75.8250571350015,Comoros,Sub-Saharan Africa ,Lower middle income,1662.75663312504,4.289,0.626,57.5,0.548,0.082,0.781,0.736,0.336,0.4960223506744423,
CPV,2015,0.936026507808833,-0.661709164713742,512394.0,3620.0,62.27000000000001,88.4700012207031,Cabo Verde,Sub-Saharan Africa ,Upper middle income,3415.06266730931,4.215857142857143,0.6736428571428571,64.17878787878789,0.7215714285714286,-0.007820895522388061,0.7941428571428572,0.7155820895522389,0.28932835820895525,0.4365784056844311,
CPV,2016,4.28071482662371,4.38389195513915,512554.0,3580.0,62.646,88.4700012207031,Cabo Verde,Sub-Saharan Africa ,Upper middle income,3608.96605234906,4.41705,0.7253999999999999,64.37011494252873,0.7313500000000001,-0.0018764044943820227,0.8026,0.7212584269662922,0.29167415730337076,0.4307207482394809,
CPV,2017,4.5513148102974,4.975951505538329,512893.0,3620.0,62.406,88.4700012207031,Cabo Verde,Sub-Saharan Africa ,Upper middle income,3893.09571382506,4.479473684210526,0.6647368421052632,64.38095238095238,0.726421052631579,-0.024639534883720927,0.7684210526315789,0.7078139534883721,0.30296511627906975,0.4137386330528765,
CPV,2018,3.70696458310842,0.626149149168847,513415.0,4040.0,62.443,88.4700012207031,Cabo Verde,Sub-Saharan Africa ,Upper middle income,4294.96510035729,4.60104347826087,0.6711739130434783,64.60860215053764,0.7309565217391305,-0.02255964912280702,0.7649565217391305,0.7131894736842105,0.30396842105263155,0.4471676081691044,
CPV,2019,6.94782634051859,2.30237251516834,514104.0,4420.0,62.940999999999995,88.4700012207031,Cabo Verde,Sub-Saharan Africa ,Upper middle income,4380.78117331128,4.560947368421052,0.6793157894736842,65.14725274725275,0.7001578947368422,-0.016412186379928313,0.7908421052631579,0.707263440860215,0.3015913978494624,0.43970685374252916,
CPV,2020,-20.8052758990735,5.601887914822241,514679.0,3510.0,61.454,88.4700012207031,Cabo Verde,Sub-Saharan Africa ,Upper middle income,3539.22661248299,4.52828947368421,0.6715263157894737,65.38192771084337,0.7406315789473684,-0.01115294117647059,0.7249473684210527,0.7156823529411764,0.3079294117647059,0.3995483373813004,
CPV,2021,7.03353010694514,5.13320340824963,516649.0,3870.0,60.416999999999994,88.4700012207031,Cabo Verde,Sub-Saharan Africa ,Upper middle income,3971.44409203423,4.7511,0.7062999999999999,65.29277108433735,0.7177,-0.028172413793103448,0.79815,0.7104941176470588,0.30934117647058823,0.3782775624765954,
CPV,2022,15.843675684642,13.7121023720065,519741.0,4550.0,65.617,88.4700012207031,Cabo Verde,Sub-Saharan Africa ,Upper middle income,4323.31362032709,4.5692,0.66695,65.1280487804878,0.73625,-0.012726190476190476,0.72595,0.7149642857142857,0.307,0.441927486442578,
CPV,2023,4.7947613911073,-4.64470870797775,522331.0,4740.0,66.035,88.4700012207031,Cabo Verde,Sub-Saharan Africa ,Upper middle income,4794.90121917259,4.821444444444444,0.7006111111111112,65.38333333333333,0.7288888888888888,-0.030569620253164557,0.7893888888888889,0.7185443037974684,0.3077974683544304,0.5677570594207231,
CPV,2024,7.24388538990945,-6.60118564073726,524877.0,4950.0,66.035,88.4700012207031,Cabo Verde,Sub-Saharan Africa ,Upper middle income,5192.48157325878,4.7535,0.690375,65.49866666666667,0.7152499999999999,-0.03577922077922078,0.7933125,0.7204675324675325,0.3068441558441558,0.5732973991423383,
CRI,2015,3.65208096802883,-0.661709164713742,4818038.0,10770.0,62.27000000000001,90.1499993460519,Costa Rica,Latin America & Caribbean ,High income,11714.7105980732,6.854,0.878,70.7,0.907,-0.059,0.761,0.85,0.286,0.5901811284360846,
CRI,2016,4.20432325175899,4.38389195513915,4866998.0,11170.0,62.646,91.65631505062707,Costa Rica,Latin America & Caribbean ,High income,12091.0301606154,7.136,0.901,70.9,0.873,-0.032,0.781,0.874,0.281,0.5727538926191689,
CRI,2017,4.1576989627609,4.975951505538329,4913177.0,11580.0,62.406,91.48430033264317,Costa Rica,Latin America & Caribbean ,High income,12317.0902771304,7.225,0.922,71.1,0.936,-0.076,0.742,0.874,0.275,0.5872585007435531,
CRI,2018,2.6159044043379,0.626149149168847,4957818.0,12070.0,62.443,91.47924112068334,Costa Rica,Latin America & Caribbean ,High income,12590.2493781614,7.141,0.876,71.3,0.942,-0.107,0.781,0.87,0.326,0.5987796222238418,
CRI,2019,2.41751181762513,2.30237251516834,4999553.0,12240.0,62.940999999999995,91.43314889773366,Costa Rica,Latin America & Caribbean ,High income,12884.6859951989,6.998,0.906,71.5,0.927,-0.146,0.836,0.848,0.303,0.5928617368357443,
CRI,2020,-4.27335432161462,5.601887914822241,5034320.0,11700.0,61.454,91.60306755581077,Costa Rica,Latin America & Caribbean ,High income,12394.0493969492,7.0335,0.8985000000000001,71.5,0.9305000000000001,-0.136,0.8225,0.848,0.303,0.5409467249356019,
CRI,2021,7.93576224743147,5.13320340824963,5059988.0,12630.0,60.416999999999994,91.09663171723088,Costa Rica,Latin America & Caribbean ,High income,12838.1185358931,7.069,0.891,71.5,0.934,-0.126,0.809,0.848,0.303,0.5219631053160252,
CRI,2022,4.55149177958398,13.7121023720065,5081765.0,13210.0,65.617,91.47427720792334,Costa Rica,Latin America & Caribbean ,High income,13625.9008491328,7.069,0.891,71.5,0.934,-0.126,0.809,0.848,0.303,0.5861694605903486,
CRI,2023,5.11192183224598,-4.64470870797775,5105525.0,14260.0,66.035,91.86376612517199,Costa Rica,Latin America & Caribbean ,High income,16942.0268119375,7.069,0.891,71.5,0.934,-0.126,0.809,0.848,0.303,0.711963313868293,
CRI,2024,4.32122429646145,-6.60118564073726,5129910.0,15620.0,66.035,92.12011188823735,Costa Rica,Latin America & Caribbean ,High income,18587.1532203482,7.069,0.891,71.5,0.934,-0.126,0.809,0.848,0.303,0.7258568724848762,
CUB,2015,4.4383335888395,-0.661709164713742,11275065.0,7270.0,62.27000000000001,97.6500015258789,Cuba,Latin America & Caribbean ,Upper middle income,7727.91997207998,5.897461538461538,0.836076923076923,64.17878787878789,0.7756153846153846,-0.007820895522388061,0.8043076923076923,0.7155820895522389,0.28932835820895525,0.5377336631775929,
CUB,2016,0.512843095700745,4.38389195513915,11265612.0,7530.0,62.646,97.6500015258789,Cuba,Latin America & Caribbean ,Upper middle income,8110.55874283616,5.877888888888888,0.8481111111111111,64.37011494252873,0.7818888888888889,-0.0018764044943820227,0.8141111111111111,0.7212584269662922,0.29167415730337076,0.5174204516907925,
CUB,2017,1.80979178380274,4.975951505538329,11247829.0,8010.0,62.406,97.6500015258789,Cuba,Latin America & Caribbean ,Upper middle income,8610.60829605429,5.946823529411765,0.8554705882352941,64.38095238095238,0.8186470588235294,-0.024639534883720927,0.7917058823529411,0.7078139534883721,0.30296511627906975,0.5218808129564309,
CUB,2018,2.24794852913217,0.626149149168847,11227118.0,8710.0,62.443,97.6500015258789,Cuba,Latin America & Caribbean ,Upper middle income,8911.46205998726,6.006805555555555,0.8511388888888889,64.60860215053764,0.841,-0.02255964912280702,0.8042777777777778,0.7131894736842105,0.30396842105263155,0.5525295165638028,
CUB,2019,-0.163087223606624,2.30237251516834,11202846.0,9010.0,62.940999999999995,97.6500015258789,Cuba,Latin America & Caribbean ,Upper middle income,9232.26115935183,6.038588235294118,0.8372745098039216,65.14725274725275,0.8420392156862746,-0.016412186379928313,0.801078431372549,0.707263440860215,0.3015913978494624,0.5518570696453469,
CUB,2020,-10.9494359030206,5.601887914822241,11176354.0,9010.0,61.454,97.6500015258789,Cuba,Latin America & Caribbean ,Upper middle income,9605.27914559614,5.7795,0.8161372549019609,65.38192771084337,0.8441372549019608,-0.01115294117647059,0.7751568627450981,0.7156823529411764,0.3079294117647059,0.4921676250498416,
CUB,2021,1.25448735650322,5.13320340824963,11122168.0,9010.0,60.416999999999994,97.6500015258789,Cuba,Latin America & Caribbean ,Upper middle income,9605.27914559614,5.958200000000001,0.8276666666666667,65.29277108433735,0.8393333333333334,-0.028172413793103448,0.7998666666666666,0.7104941176470588,0.30934117647058823,0.47432532960969687,
CUB,2022,1.77465227724316,13.7121023720065,11059820.0,9010.0,65.617,97.6500015258789,Cuba,Latin America & Caribbean ,Upper middle income,9605.27914559614,5.966866666666666,0.8293333333333333,65.1280487804878,0.8417333333333333,-0.012726190476190476,0.7755333333333333,0.7149642857142857,0.307,0.5415606648493269,
CUB,2023,-1.92937123169681,-4.64470870797775,11019931.0,9010.0,66.035,97.6500015258789,Cuba,Latin America & Caribbean ,Upper middle income,9605.27914559614,5.9801874999999995,0.8335,65.38333333333333,0.843625,-0.030569620253164557,0.7805625,0.7185443037974684,0.3077974683544304,0.6647069813773911,
CUB,2024,-1.06173273220524,-6.60118564073726,10979783.0,9010.0,66.035,97.6500015258789,Cuba,Latin America & Caribbean ,Upper middle income,9605.27914559614,5.945333333333333,0.837388888888889,65.49866666666667,0.8446666666666667,-0.03577922077922078,0.7931666666666666,0.7204675324675325,0.3068441558441558,0.675288099030397,
CUW,2015,0.45815174597594,-0.661709164713742,157980.0,18780.0,62.27000000000001,90.1499993460519,Curacao,Latin America & Caribbean ,High income,19361.8129630226,5.897461538461538,0.836076923076923,64.17878787878789,0.7756153846153846,-0.007820895522388061,0.8043076923076923,0.7155820895522389,0.28932835820895525,0.5358619121275456,
CUW,2016,-1.06770769957464,4.38389195513915,159664.0,18260.0,62.646,91.65631505062707,Curacao,Latin America & Caribbean ,High income,18944.0962772875,5.877888888888888,0.8481111111111111,64.37011494252873,0.7818888888888889,-0.0018764044943820227,0.8141111111111111,0.7212584269662922,0.29167415730337076,0.5172709033216042,
CUW,2017,-1.27620931537493,4.975951505538329,160175.0,18230.0,62.406,91.48430033264317,Curacao,Latin America & Caribbean ,High income,18938.2440965187,5.946823529411765,0.8554705882352941,64.38095238095238,0.8186470588235294,-0.024639534883720927,0.7917058823529411,0.7078139534883721,0.30296511627906975,0.5210111495359065,
CUW,2018,-2.10411142994484,0.626149149168847,159336.0,18820.0,62.443,91.47924112068334,Curacao,Latin America & Caribbean ,High income,19119.1244887029,6.006805555555555,0.8511388888888889,64.60860215053764,0.841,-0.02255964912280702,0.8042777777777778,0.7131894736842105,0.30396842105263155,0.5515465735872275,
CUW,2019,-3.20613171902549,2.30237251516834,157441.0,19140.0,62.940999999999995,91.43314889773366,Curacao,Latin America & Caribbean ,High income,19220.6865793075,6.038588235294118,0.8372745098039216,65.14725274725275,0.8420392156862746,-0.016412186379928313,0.801078431372549,0.707263440860215,0.3015913978494624,0.5506078363198942,
CUW,2020,-18.4384703505393,5.601887914822241,155482.0,16190.0,61.454,91.60306755581077,Curacao,Latin America & Caribbean ,High income,16299.8134349902,5.7795,0.8161372549019609,65.38192771084337,0.8441372549019608,-0.01115294117647059,0.7751568627450981,0.7156823529411764,0.3079294117647059,0.4883051595763872,
CUW,2021,4.18371193053579,5.13320340824963,153948.0,17950.0,60.416999999999994,91.09663171723088,Curacao,Latin America & Caribbean ,High income,17795.5826616182,5.958200000000001,0.8276666666666667,65.29277108433735,0.8393333333333334,-0.028172413793103448,0.7998666666666666,0.7104941176470588,0.30934117647058823,0.4709588574969492,
CUW,2022,6.90599999999999,13.7121023720065,153321.0,20480.0,65.617,91.47427720792334,Curacao,Latin America & Caribbean ,High income,20057.1404747175,5.966866666666666,0.8293333333333333,65.1280487804878,0.8417333333333333,-0.012726190476190476,0.7755333333333333,0.7149642857142857,0.307,0.5407837405355559,
CUW,2023,4.20199999999977,-4.64470870797775,154654.0,21450.0,66.035,91.86376612517199,Curacao,Latin America & Caribbean ,High income,21217.8110321785,5.9801874999999995,0.8335,65.38333333333333,0.843625,-0.030569620253164557,0.7805625,0.7185443037974684,0.3077974683544304,0.665573890295109,
CUW,2024,5.02690000000014,-6.60118564073726,155967.0,22590.0,66.035,92.12011188823735,Curacao,Latin America & Caribbean ,High income,22832.8953958667,5.945333333333333,0.837388888888889,65.49866666666667,0.8446666666666667,-0.03577922077922078,0.7931666666666666,0.7204675324675325,0.3068441558441558,0.6779828480253612,
CYM,2015,2.83312242670048,-0.661709164713742,61642.0,44430.0,62.27000000000001,90.1499993460519,Cayman Islands,Latin America & Caribbean ,High income,76379.2098777987,5.897461538461538,0.836076923076923,64.17878787878789,0.7756153846153846,-0.007820895522388061,0.8043076923076923,0.7155820895522389,0.28932835820895525,0.5858295017863815,
CYM,2016,3.23997361448569,4.38389195513915,63100.0,47830.0,62.646,91.65631505062707,Cayman Islands,Latin America & Caribbean ,High income,77802.2535658023,5.877888888888888,0.8481111111111111,64.37011494252873,0.7818888888888889,-0.0018764044943820227,0.8141111111111111,0.7212584269662922,0.29167415730337076,0.5688516560498225,
CYM,2017,3.18404730726789,4.975951505538329,64535.0,51890.0,62.406,91.48430033264317,Cayman Islands,Latin America & Caribbean ,High income,80053.9442657031,5.946823529411765,0.8554705882352941,64.38095238095238,0.8186470588235294,-0.024639534883720927,0.7917058823529411,0.7078139534883721,0.30296511627906975,0.574570315562563,
CYM,2018,4.26726567162505,0.626149149168847,65941.0,57880.0,62.443,91.47924112068334,Cayman Islands,Latin America & Caribbean ,High income,83865.5540393356,6.006805555555555,0.8511388888888889,64.60860215053764,0.841,-0.02255964912280702,0.8042777777777778,0.7131894736842105,0.30396842105263155,0.6082875543881651,
CYM,2019,3.91563637725301,2.30237251516834,67327.0,64520.0,62.940999999999995,91.43314889773366,Cayman Islands,Latin America & Caribbean ,High income,88254.2902486867,6.038588235294118,0.8372745098039216,65.14725274725275,0.8420392156862746,-0.016412186379928313,0.801078431372549,0.707263440860215,0.3015913978494624,0.6111059117753229,
CYM,2020,-4.95480732200573,5.601887914822241,68684.0,62420.0,61.454,91.60306755581077,Cayman Islands,Latin America & Caribbean ,High income,82338.7977439023,5.7795,0.8161372549019609,65.38192771084337,0.8441372549019608,-0.01115294117647059,0.7751568627450981,0.7156823529411764,0.3079294117647059,0.5461788796686295,
CYM,2021,4.86941655353661,5.13320340824963,70108.0,76260.0,60.416999999999994,91.09663171723088,Cayman Islands,Latin America & Caribbean ,High income,86449.6749037302,5.958200000000001,0.8276666666666667,65.29277108433735,0.8393333333333334,-0.028172413793103448,0.7998666666666666,0.7104941176470588,0.30934117647058823,0.5311243454914515,
CYM,2022,5.77566708028824,13.7121023720065,71591.0,74060.0,65.617,91.47427720792334,Cayman Islands,Latin America & Caribbean ,High income,93030.7051447803,5.966866666666666,0.8293333333333333,65.1280487804878,0.8417333333333333,-0.012726190476190476,0.7755333333333333,0.7149642857142857,0.307,0.604734628030935,
CYM,2023,5.8155918263088,-4.64470870797775,73038.0,75720.0,66.035,91.86376612517199,Cayman Islands,Latin America & Caribbean ,High income,99143.5180243123,5.9801874999999995,0.8335,65.38333333333333,0.843625,-0.030569620253164557,0.7805625,0.7185443037974684,0.3077974683544304,0.7338646219235213,
CYM,2024,5.8155918263088,-6.60118564073726,74457.0,75720.0,66.035,92.12011188823735,Cayman Islands,Latin America & Caribbean ,High income,99143.5180243123,5.945333333333333,0.837388888888889,65.49866666666667,0.8446666666666667,-0.03577922077922078,0.7931666666666666,0.7204675324675325,0.3068441558441558,0.7448581893147547,
CYP,2015,3.41892038889013,-0.661709164713742,1219502.0,15169.791666666666,62.27000000000001,99.48833338419594,Cyprus,Europe & Central Asia,High income,23088.44140625,5.439,0.77,73.1,0.628,0.114,0.893,0.747,0.383,0.489902459823241,
CYP,2016,6.57359080924678,4.38389195513915,1237112.0,14672.916666666666,62.646,98.98699951171874,Cyprus,Europe & Central Asia,High income,24280.056640625,5.795,0.786,73.3,0.756,-0.03,0.898,0.742,0.336,0.5019147192945187,
CYP,2017,5.75083236554525,4.975951505538329,1254275.0,14806.666666666666,62.406,99.0114288330078,Cyprus,Europe & Central Asia,High income,26247.44921875,6.062,0.819,73.5,0.812,0.043,0.851,0.784,0.301,0.5247564152686163,
CYP,2018,6.27166360056404,0.626149149168847,1270737.0,15612.916666666666,62.443,99.35333336724173,Cyprus,Europe & Central Asia,High income,29120.375,6.276,0.826,73.7,0.794,-0.022,0.848,0.75,0.298,0.5589149819997079,
CYP,2019,5.87559583386607,2.30237251516834,1286671.0,16256.458333333334,62.940999999999995,99.30023165921833,Cyprus,Europe & Central Asia,High income,29227.173828125,6.137,0.776,73.9,0.74,-0.008,0.865,0.763,0.29,0.5332294160691488,
CYP,2020,-3.22063018637567,5.601887914822241,1302247.0,15125.833333333334,61.454,99.45147404812847,Cyprus,Europe & Central Asia,High income,28130.341796875,6.26,0.806,74.1,0.763,-0.0115,0.816,0.759,0.284,0.49946214981595116,
CYP,2021,11.3975590801512,5.13320340824963,1317309.0,16642.708333333332,60.416999999999994,99.42232857194668,Cyprus,Europe & Central Asia,High income,32937.83984375,6.223,0.802,74.1,0.763,-0.015,0.844,0.759,0.284,0.47789459234556886,
CYP,2022,8.27372597293814,13.7121023720065,1331370.0,17961.25,65.617,99.63800048828124,Cyprus,Europe & Central Asia,High income,33231.04296875,6.223,0.802,74.1,0.763,-0.015,0.844,0.759,0.284,0.54140691094484,
CYP,2023,3.61945644636856,-4.64470870797775,1344976.0,18600.0,66.035,99.34666570027669,Cyprus,Europe & Central Asia,High income,36623.69140625,6.223,0.802,74.1,0.763,-0.015,0.844,0.759,0.284,0.6661724080181878,
CYP,2024,3.94077381708404,-6.60118564073726,1358282.0,19142.916666666668,66.035,99.36666615804036,Cyprus,Europe & Central Asia,High income,38674.29296875,6.223,0.802,74.1,0.763,-0.015,0.844,0.759,0.284,0.6800410377587668,
CZE,2015,4.95875848915604,-0.661709164713742,10546059.0,15169.791666666666,62.27000000000001,99.48833338419594,Czechia,Europe & Central Asia,High income,17931.5987670768,6.608,0.911,68.8,0.808,-0.146,0.886,0.751,0.206,0.5771221163137235,
CZE,2016,2.58087013921376,4.38389195513915,10566332.0,14672.916666666666,62.646,98.98699951171874,Czechia,Europe & Central Asia,High income,18753.9686718096,6.736,0.931,69.3,0.85,-0.197,0.9,0.756,0.201,0.5674900897848985,
CZE,2017,5.17356529967881,4.975951505538329,10594438.0,14806.666666666666,62.406,99.0114288330078,Czechia,Europe & Central Asia,High income,20913.197632212,6.79,0.901,69.8,0.832,-0.177,0.867,0.739,0.227,0.5562198102115257,
CZE,2018,2.83030588267866,0.626149149168847,10629928.0,15612.916666666666,62.443,99.35333336724173,Czechia,Europe & Central Asia,High income,23705.9329811299,7.034,0.929,70.3,0.79,-0.292,0.851,0.714,0.178,0.5929964590149168,
CZE,2019,3.56577658128261,2.30237251516834,10671870.0,16256.458333333334,62.940999999999995,99.30023165921833,Czechia,Europe & Central Asia,High income,24062.7190013343,6.9655000000000005,0.9465,70.8,0.8480000000000001,-0.2095,0.8674999999999999,0.7729999999999999,0.23399999999999999,0.604718270710967,
CZE,2020,-5.30487955463876,5.601887914822241,10697858.0,15125.833333333334,61.454,99.45147404812847,Czechia,Europe & Central Asia,High income,23472.8915454417,6.897,0.964,71.3,0.906,-0.127,0.884,0.832,0.29,0.5617841171030683,
CZE,2021,4.02901832055149,5.13320340824963,10505772.0,16642.708333333332,60.416999999999994,99.42232857194668,Czechia,Europe & Central Asia,High income,27696.4619527544,6.965,0.947,71.3,0.858,-0.208,0.868,0.832,0.29,0.5363898664967912,
CZE,2022,2.8471706583814,13.7121023720065,10672118.0,17961.25,65.617,99.63800048828124,Czechia,Europe & Central Asia,High income,28282.2236715857,6.965,0.947,71.3,0.858,-0.208,0.868,0.832,0.29,0.6001585708407426,
CZE,2023,0.0475803308973752,-4.64470870797775,10864042.0,18600.0,66.035,99.34666570027669,Czechia,Europe & Central Asia,High income,31761.5944102491,6.965,0.947,71.3,0.858,-0.208,0.868,0.832,0.29,0.7250000676017871,
CZE,2024,1.23308611983484,-6.60118564073726,10905028.0,19142.916666666668,66.035,99.36666615804036,Czechia,Europe & Central Asia,High income,31823.3078290564,6.965,0.947,71.3,0.858,-0.208,0.868,0.832,0.29,0.7371257214785275,
DEU,2015,1.66300602334775,-0.661709164713742,81686611.0,15169.791666666666,62.27000000000001,99.48833338419594,Germany,Europe & Central Asia,High income,41929.7549110722,7.037,0.926,71.3,0.889,0.178,0.412,0.765,0.203,0.6907700071262837,
DEU,2016,2.22222216259371,4.38389195513915,82348669.0,14672.916666666666,62.646,98.98699951171874,Germany,Europe & Central Asia,High income,42948.9381932694,6.874,0.906,71.6,0.871,0.148,0.446,0.738,0.187,0.6521053880355402,
DEU,2017,2.797906720551,4.975951505538329,82657002.0,14806.666666666666,62.406,99.0114288330078,Germany,Europe & Central Asia,High income,45553.9341495339,7.074,0.892,71.9,0.841,0.145,0.414,0.737,0.196,0.6457329942043607,
DEU,2018,1.13569604599849,0.626149149168847,82905782.0,15612.916666666666,62.443,99.35333336724173,Germany,Europe & Central Asia,High income,48916.1686612154,7.118,0.92,72.2,0.877,0.034,0.496,0.78,0.243,0.6794396867075231,
DEU,2019,0.977734697038784,2.30237251516834,83092962.0,16256.458333333334,62.940999999999995,99.30023165921833,Germany,Europe & Central Asia,High income,47656.199739747,7.035,0.886,72.5,0.885,0.057,0.462,0.751,0.226,0.6757223290661405,
DEU,2020,-4.13191443239947,5.601887914822241,83160871.0,15125.833333333334,61.454,99.45147404812847,Germany,Europe & Central Asia,High income,47394.8734504469,7.312,0.905,72.8,0.864,-0.06,0.424,0.76,0.206,0.6341554222549615,
DEU,2021,3.90999994204108,5.13320340824963,83196078.0,16642.708333333332,60.416999999999994,99.42232857194668,Germany,Europe & Central Asia,High income,52349.2459994422,7.155,0.903,72.8,0.875,0.011,0.46,0.76,0.206,0.6113690647074089,
DEU,2022,1.8092581243061,13.7121023720065,83177813.0,17961.25,65.617,99.63800048828124,Germany,Europe & Central Asia,High income,50506.5179638543,7.155,0.903,72.8,0.875,0.011,0.46,0.76,0.206,0.6730095452792214,
DEU,2023,-0.869647578573321,-4.64470870797775,83287273.0,18600.0,66.035,99.34666570027669,Germany,Europe & Central Asia,High income,54776.7668235491,7.155,0.903,72.8,0.875,0.011,0.46,0.76,0.206,0.7985441335449679,
DEU,2024,-0.495851897260366,-6.60118564073726,83516593.0,19142.916666666668,66.035,99.36666615804036,Germany,Europe & Central Asia,High income,56103.7323182554,7.155,0.903,72.8,0.875,0.011,0.46,0.76,0.206,0.8117785998187037,
DJI,2015,7.30898563450799,-0.661709164713742,1020313.0,15169.791666666666,62.27,78.216093305177,Djibouti,"Middle East, North Africa, Afghanistan & Pakistan",Lower middle income,2376.12554719873,5.227625,0.726375,64.17878787878789,0.65425,-0.007820895522388061,0.74275,0.7155820895522389,0.28932835820895525,0.4484105106115177,
DJI,2016,7.1234323372872,4.38389195513915,1037653.0,14672.916666666666,62.646,80.85950872168073,Djibouti,"Middle East, North Africa, Afghanistan & Pakistan",Lower middle income,2510.4300076241,5.187888888888889,0.7547777777777778,64.37011494252873,0.6772222222222223,-0.0018764044943820227,0.7628888888888888,0.7212584269662922,0.29167415730337076,0.43695629746815673,
DJI,2017,5.458091517212,4.97595150553833,1054841.0,14806.666666666666,62.406,83.18211673771958,Djibouti,"Middle East, North Africa, Afghanistan & Pakistan",Lower middle income,2618.95521147369,5.186,0.7632499999999999,64.38095238095238,0.6915833333333333,-0.024639534883720927,0.77044,0.7078139534883721,0.30296511627906975,0.43524613279657637,
DJI,2018,4.77433934943193,0.626149149168847,1071882.0,15612.916666666666,62.443,82.58460844633235,Djibouti,"Middle East, North Africa, Afghanistan & Pakistan",Lower middle income,2718.08338799203,5.012499999999999,0.77,64.60860215053764,0.6771153846153847,-0.02255964912280702,0.8035666666666667,0.7131894736842105,0.30396842105263155,0.4523419440246582,
DJI,2019,5.54508081154978,2.30237251516834,1088709.0,16256.458333333334,62.941,81.74179423809497,Djibouti,"Middle East, North Africa, Afghanistan & Pakistan",Lower middle income,2837.16902340932,4.9345,0.7564615384615384,65.14725274725275,0.6651538461538462,-0.016412186379928313,0.7852461538461538,0.707263440860215,0.3015913978494624,0.4473936840151327,
DJI,2020,1.2021151728969,5.60188791482224,1105188.0,15125.833333333334,61.454,86.24193408380216,Djibouti,"Middle East, North Africa, Afghanistan & Pakistan",Lower middle income,2844.88810647853,5.091181818181818,0.7700454545454545,65.38192771084337,0.7151363636363637,-0.01115294117647059,0.7810111111111111,0.7156823529411764,0.3079294117647059,0.4175745368513515,
DJI,2021,4.40715667561153,5.13320340824963,1121248.0,16642.708333333332,60.417,83.44939966045348,Djibouti,"Middle East, North Africa, Afghanistan & Pakistan",Lower middle income,3025.91126413549,5.0062500000000005,0.75425,65.29277108433735,0.6913333333333332,-0.028172413793103448,0.7755833333333334,0.7104941176470588,0.30934117647058823,0.3839962439345421,
DJI,2022,5.16653702854374,13.7121023720065,1137096.0,17961.25,65.617,86.23882656335815,Djibouti,"Middle East, North Africa, Afghanistan & Pakistan",Lower middle income,3133.25779772463,5.0545,0.7708999999999999,65.1280487804878,0.6914,-0.012726190476190476,0.765,0.7149642857142857,0.307,0.457720673291725,
DJI,2023,6.80733529403308,-4.64470870797775,1152944.0,18600.0,66.035,83.33984642802096,Djibouti,"Middle East, North Africa, Afghanistan & Pakistan",Lower middle income,3381.29779710722,5.0624,0.7574,65.38333333333333,0.6917,-0.030569620253164557,0.7699,0.7185443037974684,0.3077974683544304,0.5721136203083701,
DJI,2024,6.98048467276334,-6.60118564073726,1168722.0,19142.916666666668,66.035,86.34041703504231,Djibouti,"Middle East, North Africa, Afghanistan & Pakistan",Lower middle income,3552.72335079222,5.191363636363636,0.7817272727272727,65.49866666666667,0.7089090909090909,-0.03577922077922078,0.765,0.7204675324675325,0.3068441558441558,0.6012688292652411,
DMA,2015,-3.37338262476895,-0.661709164713742,70410.0,15169.791666666666,62.27000000000001,90.1499993460519,Dominica,Latin America & Caribbean ,Upper middle income,8282.59874702141,5.897461538461538,0.836076923076923,64.17878787878789,0.7756153846153846,-0.007820895522388061,0.8043076923076923,0.7155820895522389,0.28932835820895525,0.5261525662148419,
DMA,2016,1.44724556489263,4.38389195513915,69606.0,14672.916666666666,62.646,91.65631505062707,Dominica,Latin America & Caribbean ,Upper middle income,8802.56172041363,5.877888888888888,0.8481111111111111,64.37011494252873,0.7818888888888889,-0.0018764044943820227,0.8141111111111111,0.7212584269662922,0.29167415730337076,0.5083832994556085,
DMA,2017,-7.5443637547282,4.975951505538329,68496.0,14806.666666666666,62.406,91.48430033264317,Dominica,Latin America & Caribbean ,Upper middle income,8224.64896571414,5.946823529411765,0.8554705882352941,64.38095238095238,0.8186470588235294,-0.024639534883720927,0.7917058823529411,0.7078139534883721,0.30296511627906975,0.5116222164341883,
DMA,2018,2.964010610466,0.626149149168847,68174.0,15612.916666666666,62.443,91.47924112068334,Dominica,Latin America & Caribbean ,Upper middle income,9215.3085405645,6.006805555555555,0.8511388888888889,64.60860215053764,0.841,-0.02255964912280702,0.8042777777777778,0.7131894736842105,0.30396842105263155,0.5428672960661421,
DMA,2019,3.94809757938053,2.30237251516834,67880.0,16256.458333333334,62.940999999999995,91.43314889773366,Dominica,Latin America & Caribbean ,Upper middle income,9491.14995962374,6.038588235294118,0.8372745098039216,65.14725274725275,0.8420392156862746,-0.016412186379928313,0.801078431372549,0.707263440860215,0.3015913978494624,0.5420812896922107,
DMA,2020,-15.7064024545862,5.601887914822241,67573.0,15125.833333333334,61.454,91.60306755581077,Dominica,Latin America & Caribbean ,Upper middle income,7827.74842680426,5.7795,0.8161372549019609,65.38192771084337,0.8441372549019608,-0.01115294117647059,0.7751568627450981,0.7156823529411764,0.3079294117647059,0.4808806068819741,
DMA,2021,5.37983838954712,5.13320340824963,67202.0,16642.708333333332,60.416999999999994,91.09663171723088,Dominica,Latin America & Caribbean ,Upper middle income,8376.40414141113,5.958200000000001,0.8276666666666667,65.29277108433735,0.8393333333333334,-0.028172413793103448,0.7998666666666666,0.7104941176470588,0.30934117647058823,0.4627042953336763,
DMA,2022,10.3968076616121,13.7121023720065,66826.0,17961.25,65.617,91.47427720792334,Dominica,Latin America & Caribbean ,Upper middle income,9323.66089490562,5.966866666666666,0.8293333333333333,65.1280487804878,0.8417333333333333,-0.012726190476190476,0.7755333333333333,0.7149642857142857,0.307,0.5313773815595896,
DMA,2023,3.65221012208734,-4.64470870797775,66510.0,18600.0,66.035,91.86376612517199,Dominica,Latin America & Caribbean ,Upper middle income,9912.96212766668,5.9801874999999995,0.8335,65.38333333333333,0.843625,-0.030569620253164557,0.7805625,0.7185443037974684,0.3077974683544304,0.6556668078644589,
DMA,2024,2.052738472526,-6.60118564073726,66205.0,19142.916666666668,66.035,92.12011188823735,Dominica,Latin America & Caribbean ,Upper middle income,10405.2787777582,5.945333333333333,0.837388888888889,65.49866666666667,0.8446666666666667,-0.03577922077922078,0.7931666666666666,0.7204675324675325,0.3068441558441558,0.6670918203528923,
DNK,2015,2.10441456445301,-0.661709164713742,5683483.0,15169.791666666666,62.27000000000001,99.48833338419594,Denmark,Europe & Central Asia,High income,53094.0133607574,7.514,0.96,71.5,0.941,0.222,0.191,0.829,0.218,0.7586065106202716,
DNK,2016,3.07304549209093,4.38389195513915,5728010.0,14672.916666666666,62.646,98.98699951171874,Denmark,Europe & Central Asia,High income,54500.9260410217,7.558,0.954,71.8,0.948,0.138,0.21,0.836,0.208,0.7347141581182964,
DNK,2017,3.05647723922718,4.975951505538329,5764980.0,14806.666666666666,62.406,99.0114288330078,Denmark,Europe & Central Asia,High income,57521.5514992225,7.594,0.952,72.1,0.955,0.155,0.181,0.824,0.206,0.7340351440579528,
DNK,2018,1.8600074900921,0.626149149168847,5793636.0,15612.916666666666,62.443,99.35333336724173,Denmark,Europe & Central Asia,High income,61324.7665045565,7.649,0.958,72.4,0.935,0.018,0.151,0.821,0.206,0.7685001266256114,
DNK,2019,1.71140093932736,2.30237251516834,5814422.0,16256.458333333334,62.940999999999995,99.30023165921833,Denmark,Europe & Central Asia,High income,59404.2663247723,7.693,0.958,72.7,0.963,0.02,0.174,0.862,0.181,0.7705031532388305,
DNK,2020,-1.78010601831291,5.601887914822241,5831404.0,15125.833333333334,61.454,99.45147404812847,Denmark,Europe & Central Asia,High income,60985.4885601514,7.515,0.947,73.0,0.938,0.052,0.214,0.818,0.227,0.7022197558837339,
DNK,2021,6.50025445756295,5.13320340824963,5856733.0,16642.708333333332,60.416999999999994,99.42232857194668,Denmark,Europe & Central Asia,High income,69340.7334922138,7.62,0.954,73.0,0.946,0.03,0.179,0.818,0.227,0.6994817477384687,
DNK,2022,0.443832614908331,13.7121023720065,5903037.0,17961.25,65.617,99.63800048828124,Denmark,Europe & Central Asia,High income,67781.0940939514,7.62,0.954,73.0,0.946,0.03,0.179,0.818,0.227,0.7613703149931598,
DNK,2023,0.604587766175584,-4.64470870797775,5946952.0,18600.0,66.035,99.34666570027669,Denmark,Europe & Central Asia,High income,68043.5466971243,7.62,0.954,73.0,0.946,0.03,0.179,0.818,0.227,0.8833926433239001,
DNK,2024,3.47783593140312,-6.60118564073726,5976992.0,19142.916666666668,66.035,99.36666615804036,Denmark,Europe & Central Asia,High income,71026.4832271897,7.62,0.954,73.0,0.946,0.03,0.179,0.818,0.227,0.8980783312538161,
DOM,2015,6.98771131236387,-0.661709164713742,10434829.0,15169.791666666666,62.27000000000001,93.7799987792969,Dominican Republic,Latin America & Caribbean ,Upper middle income,6800.95309395474,5.062,0.893,64.9,0.856,-0.065,0.755,0.714,0.295,0.5458539370086274,
DOM,2016,6.71974078681295,4.38389195513915,10551430.0,14672.916666666666,62.646,93.7799987792969,Dominican Republic,Latin America & Caribbean ,Upper middle income,7160.44200982307,5.239,0.895,65.2,0.873,-0.08,0.737,0.76,0.278,0.5335226189658105,
DOM,2017,3.93386176401576,4.975951505538329,10666843.0,14806.666666666666,62.406,93.232235984521,Dominican Republic,Latin America & Caribbean ,Upper middle income,7412.71571571512,5.605,0.894,65.5,0.855,-0.121,0.76,0.739,0.275,0.5255074456535114,
DOM,2018,7.09751640210159,0.626149149168847,10782053.0,15612.916666666666,62.443,93.4355831240379,Dominican Republic,Latin America & Caribbean ,Upper middle income,7882.98221584944,5.433,0.862,65.8,0.867,-0.15,0.762,0.745,0.291,0.5447911117009687,
DOM,2019,4.8940301149584,2.30237251516834,10894043.0,16256.458333333334,62.940999999999995,93.6758208343989,Dominican Republic,Latin America & Caribbean ,Upper middle income,8183.01623600375,6.004,0.884,66.1,0.877,-0.123,0.746,0.784,0.264,0.5680394378415748,
DOM,2020,-7.92905234231061,5.601887914822241,11008300.0,15125.833333333334,61.454,93.7009782823312,Dominican Republic,Latin America & Caribbean ,Upper middle income,7135.22273255899,5.168,0.806,66.4,0.835,-0.128,0.636,0.734,0.314,0.48485406640009165,
DOM,2021,14.0124289062207,5.13320340824963,11123476.0,16642.708333333332,60.416999999999994,93.7368933438107,Dominican Republic,Latin America & Caribbean ,Upper middle income,8527.0754858205,5.545,0.853,66.4,0.86,-0.133,0.714,0.734,0.314,0.4788386955747575,
DOM,2022,5.23795652902595,13.7121023720065,11230734.0,17961.25,65.617,93.7022375646963,Dominican Republic,Latin America & Caribbean ,Upper middle income,10104.2449349081,5.545,0.853,66.4,0.86,-0.133,0.714,0.734,0.314,0.5430734600155468,
DOM,2023,2.19229848237939,-4.64470870797775,11331265.0,18600.0,66.035,94.3123758236054,Dominican Republic,Latin America & Caribbean ,Upper middle income,10630.431743829,5.545,0.853,66.4,0.86,-0.133,0.714,0.734,0.314,0.6667773465147506,
DOM,2024,4.95352204492849,-6.60118564073726,11427557.0,19142.916666666668,66.035,94.0299987792969,Dominican Republic,Latin America & Caribbean ,Upper middle income,10875.6618443092,5.545,0.853,66.4,0.86,-0.133,0.714,0.734,0.314,0.6785773135993585,
DZA,2015,3.20000000089023,-0.661709164713742,40019529.0,5390.0,62.27,78.216093305177,Algeria,"Middle East, North Africa, Afghanistan & Pakistan",Upper middle income,4685.05902729002,5.341,0.749,65.5,0.437,-0.167,0.7,0.661,0.377,0.42390778014922426,
DZA,2016,3.90000000017621,4.38389195513915,40850721.0,4920.0,62.646,80.85950872168073,Algeria,"Middle East, North Africa, Afghanistan & Pakistan",Upper middle income,4424.98529027556,5.341,0.749,65.5,0.437,-0.167,0.7,0.661,0.377,0.4052503268952011,
DZA,2017,1.49999999895587,4.97595150553833,41689299.0,4440.0,62.406,83.18211673771958,Algeria,"Middle East, North Africa, Afghanistan & Pakistan",Upper middle income,4554.66753957828,5.249,0.807,65.7,0.437,-0.167,0.7,0.642,0.289,0.4108639325664136,
DZA,2018,1.40000000088281,0.626149149168847,42505035.0,4450.0,62.443,82.58460844633235,Algeria,"Middle East, North Africa, Afghanistan & Pakistan",Upper middle income,4577.21029180491,5.043,0.799,65.9,0.583,-0.146,0.759,0.591,0.293,0.44985962737521623,
DZA,2019,0.899999999219148,2.30237251516834,43294546.0,4480.0,62.941,81.74179423809497,Algeria,"Middle East, North Africa, Afghanistan & Pakistan",Upper middle income,4468.45341883656,4.745,0.803,66.1,0.385,0.005,0.741,0.585,0.215,0.4093625968641169,
DZA,2020,-4.99999999908597,5.60188791482224,44042091.0,4020.0,61.454,86.24193408380216,Algeria,"Middle East, North Africa, Afghanistan & Pakistan",Upper middle income,3743.5419522929,4.816,0.8025,66.1,0.4325,-0.031000000000000003,0.7464999999999999,0.585,0.215,0.3720583062693072,
DZA,2021,3.79999999900707,5.13320340824963,44761099.0,4120.0,60.417,83.44939966045348,Algeria,"Middle East, North Africa, Afghanistan & Pakistan",Upper middle income,4160.55926736925,4.887,0.802,66.1,0.48,-0.067,0.752,0.585,0.215,0.35722162423440923,
DZA,2022,3.60000000094915,13.7121023720065,45477389.0,4430.0,65.617,86.23882656335815,Algeria,"Middle East, North Africa, Afghanistan & Pakistan",Upper middle income,4960.30334332888,4.887,0.802,66.1,0.48,-0.067,0.752,0.585,0.215,0.42531891889757106,
DZA,2023,4.10000000005964,-4.64470870797775,46164219.0,4950.0,66.035,83.33984642802096,Algeria,"Middle East, North Africa, Afghanistan & Pakistan",Upper middle income,5370.477235078,4.887,0.802,66.1,0.48,-0.067,0.752,0.585,0.215,0.5432751102078319,
DZA,2024,3.69999999907979,-6.60118564073726,46814308.0,5370.0,66.035,86.34041703504231,Algeria,"Middle East, North Africa, Afghanistan & Pakistan",Upper middle income,5752.99076651465,4.887,0.802,66.1,0.48,-0.067,0.752,0.585,0.215,0.5604775136651583,
ECU,2015,0.119692109287612,-0.661709164713742,16266225.0,15169.791666666666,62.27000000000001,94.3499984741211,Ecuador,Latin America & Caribbean ,Upper middle income,5976.1596805651,5.964,0.856,67.6,0.801,-0.114,0.666,0.851,0.323,0.5603452419065271,
ECU,2016,-0.687954245877947,4.38389195513915,16505139.0,14672.916666666666,62.646,94.3499984741211,Ecuador,Latin America & Caribbean ,Upper middle income,5917.63771271481,6.115,0.842,67.9,0.846,-0.015,0.774,0.846,0.365,0.5314711010310891,
ECU,2017,5.97039880954841,4.975951505538329,16759519.0,14806.666666666666,62.406,92.8300018310547,Ecuador,Latin America & Caribbean ,Upper middle income,6233.32244797718,5.84,0.849,68.2,0.879,-0.167,0.734,0.829,0.314,0.5271580940824852,
ECU,2018,1.04429460679607,0.626149149168847,17049547.0,15612.916666666666,62.443,92.8300018310547,Ecuador,Latin America & Caribbean ,Upper middle income,6303.91886658338,6.128,0.851,68.5,0.869,-0.099,0.831,0.876,0.328,0.5467063632482475,
ECU,2019,0.1654044646003,2.30237251516834,17340021.0,16256.458333333334,62.940999999999995,92.8300018310547,Ecuador,Latin America & Caribbean ,Upper middle income,6205.05765246766,5.809,0.808,68.8,0.83,-0.115,0.839,0.811,0.374,0.5223796733121044,
ECU,2020,-9.24509619165865,5.601887914822241,17546065.0,15125.833333333334,61.454,93.629997253418,Ecuador,Latin America & Caribbean ,Upper middle income,5463.64515348598,5.354,0.804,69.1,0.829,-0.157,0.855,0.79,0.416,0.4560607117850486,
ECU,2021,9.42189269033631,5.13320340824963,17682454.0,16642.708333333332,60.416999999999994,94.4800033569336,Ecuador,Latin America & Caribbean ,Upper middle income,6061.32350181711,5.764,0.821,69.1,0.842,-0.124,0.843,0.79,0.416,0.4548459042251865,
ECU,2022,5.86842354862311,13.7121023720065,17823897.0,17961.25,65.617,96.2600021362305,Ecuador,Latin America & Caribbean ,Upper middle income,6515.58528418336,5.764,0.821,69.1,0.842,-0.124,0.843,0.79,0.416,0.5210163049616782,
ECU,2023,1.98823813984235,-4.64470870797775,17980083.0,18600.0,66.035,96.2600021362305,Ecuador,Latin America & Caribbean ,Upper middle income,6737.84748379638,5.764,0.821,69.1,0.842,-0.124,0.843,0.79,0.416,0.6434721577879153,
ECU,2024,-2.00125476341026,-6.60118564073726,18135478.0,19142.916666666668,66.035,96.2600021362305,Ecuador,Latin America & Caribbean ,Upper middle income,6874.705739766,5.764,0.821,69.1,0.842,-0.124,0.843,0.79,0.416,0.6556314854518582,
EGY,2015,4.37201907790141,-0.661709164713742,99597342.0,15169.791666666666,62.27,71.1699981689453,"Egypt, Arab Rep.","Middle East, North Africa, Afghanistan & Pakistan",Lower middle income,3306.98159414141,4.763,0.73,60.8,0.659,-0.089,0.684,0.61,0.344,0.43704889590698254,
EGY,2016,4.34664345555447,4.38389195513915,101644589.0,14672.916666666666,62.646,71.1699981689453,"Egypt, Arab Rep.","Middle East, North Africa, Afghanistan & Pakistan",Lower middle income,3270.6287768197,4.557,0.809,61.1,0.656,-0.141,0.818,0.611,0.37,0.40830480410383246,
EGY,2017,4.18122099994778,4.97595150553833,103696057.0,14806.666666666666,62.406,71.1699981689453,"Egypt, Arab Rep.","Middle East, North Africa, Afghanistan & Pakistan",Lower middle income,2395.10333299491,3.929,0.638,61.4,0.593,-0.152,0.8134,0.539,0.414,0.33553275020626006,
EGY,2018,5.3311086189448,0.626149149168847,105682094.0,15612.916666666666,62.443,71.1699981689453,"Egypt, Arab Rep.","Middle East, North Africa, Afghanistan & Pakistan",Lower middle income,2484.70315630508,4.005,0.759,61.7,0.682,-0.215,0.8088,0.492,0.285,0.4086823165033124,
EGY,2019,5.55209307156956,2.30237251516834,107553158.0,16256.458333333334,62.941,71.1699981689453,"Egypt, Arab Rep.","Middle East, North Africa, Afghanistan & Pakistan",Lower middle income,2962.98892023003,4.328,0.772,62.0,0.774,-0.199,0.8042,0.517,0.313,0.4376049714010458,
EGY,2020,3.55016483786838,5.60188791482224,109315124.0,15125.833333333334,61.454,71.1699981689453,"Egypt, Arab Rep.","Middle East, North Africa, Afghanistan & Pakistan",Lower middle income,3511.11381026379,4.472,0.673,62.3,0.77,-0.112,0.7996,0.599,0.442,0.36594998242379895,
EGY,2021,3.29064601202211,5.13320340824963,110957008.0,16642.708333333332,60.417,82.083331279425,"Egypt, Arab Rep.","Middle East, North Africa, Afghanistan & Pakistan",Lower middle income,3827.35415374308,4.283,0.75,62.3,0.749,-0.182,0.795,0.599,0.442,0.37311545147118735,
EGY,2022,6.58784560886967,13.7121023720065,112618250.0,17961.25,65.617,79.4565788949049,"Egypt, Arab Rep.","Middle East, North Africa, Afghanistan & Pakistan",Lower middle income,4233.30783744856,4.283,0.75,62.3,0.749,-0.182,0.795,0.599,0.442,0.4321532365762714,
EGY,2023,3.76028052279247,-4.64470870797775,114535772.0,18600.0,66.035,79.4565788949049,"Egypt, Arab Rep.","Middle East, North Africa, Afghanistan & Pakistan",Lower middle income,3456.78968456253,4.283,0.75,62.3,0.749,-0.182,0.795,0.599,0.442,0.5537338013410845,
EGY,2024,2.3991692678251,-6.60118564073726,116538258.0,19142.916666666668,66.035,79.4565788949049,"Egypt, Arab Rep.","Middle East, North Africa, Afghanistan & Pakistan",Lower middle income,3338.47371395895,4.283,0.75,62.3,0.749,-0.182,0.795,0.599,0.442,0.5656695053088426,
ERI,2015,2.551082555099929,-0.661709164713742,3105546.0,15169.791666666666,62.27000000000001,59.519709481092974,Eritrea,Sub-Saharan Africa ,Low income,2276.5727359352218,4.215857142857143,0.6736428571428571,64.17878787878789,0.7215714285714286,-0.007820895522388061,0.7941428571428572,0.7155820895522389,0.28932835820895525,0.38900085924948274,
ERI,2016,2.7083617811823544,4.38389195513915,3124698.0,14672.916666666666,62.646,64.81778819538694,Eritrea,Sub-Saharan Africa ,Low income,2499.1816436548097,4.41705,0.7253999999999999,64.37011494252873,0.7313500000000001,-0.0018764044943820227,0.8026,0.7212584269662922,0.29167415730337076,0.39169274777400076,
ERI,2017,3.6358362125808914,4.975951505538329,3150347.0,14806.666666666666,62.406,59.349186490700546,Eritrea,Sub-Saharan Africa ,Low income,2002.306616996956,4.479473684210526,0.6647368421052632,64.38095238095238,0.726421052631579,-0.024639534883720927,0.7684210526315789,0.7078139534883721,0.30296511627906975,0.365227439603471,
ERI,2018,3.653444243750906,0.626149149168847,3192760.0,15612.916666666666,62.443,61.011341472902174,Eritrea,Sub-Saharan Africa ,Low income,2107.02662301617,4.60104347826087,0.6711739130434783,64.60860215053764,0.7309565217391305,-0.02255964912280702,0.7649565217391305,0.7131894736842105,0.30396842105263155,0.4010703444783581,
ERI,2019,4.096102039496224,2.30237251516834,3240194.0,16256.458333333334,62.940999999999995,64.92468383194814,Eritrea,Sub-Saharan Africa ,Low income,2234.986201597615,4.560947368421052,0.6793157894736842,65.14725274725275,0.7001578947368422,-0.016412186379928313,0.7908421052631579,0.707263440860215,0.3015913978494624,0.39994292892477595,
ERI,2020,-1.2596300497298878,5.601887914822241,3291271.0,15125.833333333334,61.454,63.60724199024109,Eritrea,Sub-Saharan Africa ,Low income,1857.7302068518998,4.52828947368421,0.6715263157894737,65.38192771084337,0.7406315789473684,-0.01115294117647059,0.7249473684210527,0.7156823529411764,0.3079294117647059,0.35807159434468316,
ERI,2021,4.413444363995582,5.13320340824963,3350183.0,16642.708333333332,60.416999999999994,65.86192034519343,Eritrea,Sub-Saharan Africa ,Low income,2721.7210860649657,4.7511,0.7062999999999999,65.29277108433735,0.7177,-0.028172413793103448,0.79815,0.7104941176470588,0.30934117647058823,0.34080689133068276,
ERI,2022,4.505807738767093,13.7121023720065,3409447.0,17961.25,65.617,63.417386779874896,Eritrea,Sub-Saharan Africa ,Low income,2194.9919430648447,4.5692,0.66695,65.1280487804878,0.73625,-0.012726190476190476,0.72595,0.7149642857142857,0.307,0.3997536958055955,
ERI,2023,3.706650587063145,-4.64470870797775,3470390.0,18600.0,66.035,65.52165158374675,Eritrea,Sub-Saharan Africa ,Low income,2884.027669722957,4.821444444444444,0.7006111111111112,65.38333333333333,0.7288888888888888,-0.030569620253164557,0.7893888888888889,0.7185443037974684,0.3077974683544304,0.5291595060546859,
ERI,2024,4.183676681047288,-6.60118564073726,3535603.0,19142.916666666668,66.035,65.67981786665442,Eritrea,Sub-Saharan Africa ,Low income,2640.7444303419793,4.7535,0.690375,65.49866666666667,0.7152499999999999,-0.03577922077922078,0.7933125,0.7204675324675325,0.3068441558441558,0.5343927035514462,
ESP,2016,2.3613274307094723,4.38389195513915,47926579.04950495,14672.916666666666,62.646,98.25,Spain,Europe & Central Asia,High income,26755.6061149398,6.319,0.942,73.8,0.768,-0.048,0.819,0.653,0.301,0.562276960623896,
ESP,2018,3.0324929177021214,0.626149149168847,48935325.554455444,15612.916666666666,62.443,98.4400024414062,Spain,Europe & Central Asia,High income,30602.4212881113,6.513,0.91,74.4,0.722,-0.075,0.777,0.659,0.357,0.5791546008013297,
ESP,2020,-4.614243200112922,5.601887914822241,49816889.40594059,15125.833333333334,61.454,98.5899963378906,Spain,Europe & Central Asia,High income,27233.9426461608,6.502,0.935,75.0,0.783,-0.121,0.73,0.686,0.317,0.5467286391995265,
ESP,2021,6.980650021465855,5.13320340824963,50174106.782178216,16642.708333333332,60.416999999999994,99.6999969482422,Spain,Europe & Central Asia,High income,30799.4775937775,6.491,0.932,75.0,0.761,-0.081,0.745,0.686,0.317,0.5244460652969345,
EST,2015,1.83815262882932,-0.661709164713742,1315407.0,15169.791666666666,62.27000000000001,99.48833338419594,Estonia,Europe & Central Asia,High income,17722.1557669523,5.629,0.918,68.0,0.815,-0.164,0.569,0.723,0.183,0.6008392329548351,
EST,2016,3.09301920751959,4.38389195513915,1315790.0,14672.916666666666,62.646,98.98699951171874,Estonia,Europe & Central Asia,High income,18666.3736521706,5.65,0.938,68.2,0.843,-0.149,0.639,0.726,0.177,0.5786728941205405,
EST,2017,5.63467248963991,4.975951505538329,1317384.0,14806.666666666666,62.406,99.0114288330078,Estonia,Europe & Central Asia,High income,20851.5223496861,5.938,0.936,68.4,0.862,-0.101,0.668,0.805,0.16,0.5772654706505161,
EST,2018,3.69969756161726,0.626149149168847,1321977.0,15612.916666666666,62.443,99.35333336724173,Estonia,Europe & Central Asia,High income,23618.1361254581,6.091,0.933,68.6,0.886,-0.141,0.621,0.795,0.163,0.6214605921175442,
EST,2019,3.72664943466884,2.30237251516834,1326898.0,16256.458333333334,62.940999999999995,99.30023165921833,Estonia,Europe & Central Asia,High income,24021.2501413306,6.035,0.934,68.8,0.887,-0.096,0.576,0.804,0.156,0.6277704568718332,
EST,2020,-2.88380751483778,5.601887914822241,1329522.0,15125.833333333334,61.454,99.45147404812847,Estonia,Europe & Central Asia,High income,23933.9939421065,6.453,0.958,69.0,0.954,-0.082,0.398,0.807,0.188,0.6259399754988781,
EST,2021,8.25488044580031,5.13320340824963,1330932.0,16642.708333333332,60.416999999999994,99.42232857194668,Estonia,Europe & Central Asia,High income,27951.1659277744,6.189,0.941,69.0,0.909,-0.106,0.527,0.807,0.188,0.5736029021949997,
EST,2022,-1.22616966587796,13.7121023720065,1348840.0,17961.25,65.617,99.63800048828124,Estonia,Europe & Central Asia,High income,28340.3826549406,6.189,0.941,69.0,0.909,-0.106,0.527,0.807,0.188,0.6371993629777849,
EST,2023,-2.74421914571231,-4.64470870797775,1370286.0,18600.0,66.035,99.34666570027669,Estonia,Europe & Central Asia,High income,30264.0064885057,6.189,0.941,69.0,0.909,-0.106,0.527,0.807,0.188,0.7606774701915454,
EST,2024,-0.0900428648493801,-6.60118564073726,1372341.0,19142.916666666668,66.035,99.36666615804036,Estonia,Europe & Central Asia,High income,31428.3547816104,6.189,0.941,69.0,0.909,-0.106,0.527,0.807,0.188,0.7737694257573082,
ETH,2015,10.3924630141307,-0.661709164713742,103867135.0,15169.791666666666,62.27000000000001,47.4900016784668,Ethiopia,Sub-Saharan Africa ,Not classified,597.912113218663,4.573,0.626,57.0,0.803,0.113,0.567,0.714,0.237,0.4116953263659574,
ETH,2016,9.43348265981905,4.38389195513915,106718162.0,14672.916666666666,62.646,47.4900016784668,Ethiopia,Sub-Saharan Africa ,Not classified,641.651523286233,4.298,0.719,57.5,0.744,0.038,0.703,0.727,0.254,0.3739875254434166,
ETH,2017,9.56418965754014,4.975951505538329,109666481.0,14806.666666666666,62.406,47.4900016784668,Ethiopia,Sub-Saharan Africa ,Not classified,696.348429076216,4.18,0.734,58.0,0.717,0.001,0.757,0.609,0.304,0.35336352284313943,
ETH,2018,6.81614778557282,0.626149149168847,112664152.0,15612.916666666666,62.443,47.4900016784668,Ethiopia,Sub-Saharan Africa ,Not classified,739.702022272086,4.379,0.74,58.5,0.74,0.039,0.799,0.66,0.272,0.38532691672368996,
ETH,2019,8.36408573314054,2.30237251516834,115737383.0,16256.458333333334,62.940999999999995,55.0499992370605,Ethiopia,Sub-Saharan Africa ,Not classified,793.473247210264,4.1,0.748,59.0,0.754,0.053,0.732,0.631,0.283,0.4054650426952169,
ETH,2020,6.05953089054807,5.601887914822241,118917671.0,15125.833333333334,61.454,55.0499992370605,Ethiopia,Sub-Saharan Africa ,Not classified,829.790982547947,4.549,0.823,59.5,0.769,0.188,0.784,0.669,0.252,0.3745401694891282,
ETH,2021,5.64153069257077,5.13320340824963,122138588.0,16642.708333333332,60.416999999999994,54.8861260079206,Ethiopia,Sub-Saharan Africa ,Not classified,893.00983544905,4.275,0.764,59.5,0.752,0.082,0.761,0.669,0.252,0.33489193647754917,
ETH,2022,5.32175988403378,13.7121023720065,125384287.0,17961.25,65.617,60.4599990844727,Ethiopia,Sub-Saharan Africa ,Not classified,982.103161506992,4.275,0.764,59.5,0.752,0.082,0.761,0.669,0.252,0.4068465062615949,
ETH,2023,6.59424599357075,-4.64470870797775,128691692.0,18600.0,66.035,60.4599990844727,Ethiopia,Sub-Saharan Africa ,Not classified,1055.81091592527,4.275,0.764,59.5,0.752,0.082,0.761,0.669,0.252,0.5291721723735809,
ETH,2024,7.61277447511073,-6.60118564073726,132059767.0,19142.916666666668,66.035,60.4599990844727,Ethiopia,Sub-Saharan Africa ,Not classified,1133.88279681719,4.275,0.764,59.5,0.752,0.082,0.761,0.669,0.252,0.541279982191632,
FIN,2015,0.466503766322674,-0.661709164713742,5479531.0,15169.791666666666,62.27000000000001,99.48833338419594,Finland,Europe & Central Asia,High income,42560.3456767103,7.448,0.948,71.6,0.93,0.111,0.223,0.751,0.191,0.7388353283596923,
FIN,2016,2.57193414898754,4.38389195513915,5495303.0,14672.916666666666,62.646,98.98699951171874,Finland,Europe & Central Asia,High income,43451.2562442158,7.66,0.954,71.7,0.948,-0.027,0.25,0.797,0.182,0.7218844843514873,
FIN,2017,3.30337003591039,4.975951505538329,5508214.0,14806.666666666666,62.406,99.0114288330078,Finland,Europe & Central Asia,High income,46085.0174739036,7.788,0.964,71.8,0.962,-0.002,0.192,0.787,0.176,0.7308510949855287,
FIN,2018,1.19297759742292,0.626149149168847,5515525.0,15612.916666666666,62.443,99.35333336724173,Finland,Europe & Central Asia,High income,49654.2497035329,7.858,0.962,71.9,0.938,-0.127,0.199,0.782,0.182,0.757896736397305,
FIN,2019,1.34973845741737,2.30237251516834,5521606.0,16256.458333333334,62.940999999999995,99.30023165921833,Finland,Europe & Central Asia,High income,48358.1807773701,7.78,0.937,72.0,0.948,-0.052,0.195,0.755,0.181,0.7525260011477085,
FIN,2020,-2.49103605535707,5.601887914822241,5529543.0,15125.833333333334,61.454,99.45147404812847,Finland,Europe & Central Asia,High income,48828.6846862799,7.889,0.962,72.1,0.962,-0.116,0.164,0.744,0.193,0.7145979682828271,
FIN,2021,2.67634641498897,5.13320340824963,5541017.0,16642.708333333332,60.416999999999994,99.42232857194668,Finland,Europe & Central Asia,High income,53099.1351400148,7.842,0.954,72.1,0.949,-0.098,0.186,0.744,0.193,0.6898771854186025,
FIN,2022,0.763041912763526,13.7121023720065,5556106.0,17961.25,65.617,99.63800048828124,Finland,Europe & Central Asia,High income,50440.560224974,7.842,0.954,72.1,0.949,-0.098,0.186,0.744,0.193,0.7508026929417877,
FIN,2023,-0.939093459613758,-4.64470870797775,5583911.0,18600.0,66.035,99.34666570027669,Finland,Europe & Central Asia,High income,52834.2916752703,7.842,0.954,72.1,0.949,-0.098,0.186,0.744,0.193,0.8746927822129442,
FIN,2024,0.416171964862073,-6.60118564073726,5619911.0,19142.916666666668,66.035,99.36666615804036,Finland,Europe & Central Asia,High income,53149.7671934051,7.842,0.954,72.1,0.949,-0.098,0.186,0.744,0.193,0.8870408222584028,
FJI,2015,4.50120041028725,-0.661709164713742,918578.0,15169.791666666666,62.27000000000001,93.25999959309895,Fiji,East Asia & Pacific,Upper middle income,5097.53106864695,5.532666666666667,0.8398333333333333,64.17878787878789,0.8611666666666666,-0.007820895522388061,0.6566666666666666,0.7155820895522389,0.28932835820895525,0.5568003524318653,
FJI,2016,2.44565179664245,4.38389195513915,919166.0,14672.916666666666,62.646,91.57636399702592,Fiji,East Asia & Pacific,Upper middle income,5363.79026679243,5.5694,0.8369,64.37011494252873,0.8804000000000001,-0.0018764044943820227,0.6411,0.7212584269662922,0.29167415730337076,0.5374856811089517,
FJI,2017,5.35336455965039,4.975951505538329,918759.0,14806.666666666666,62.406,89.47999954223634,Fiji,East Asia & Pacific,Upper middle income,5826.84814459328,5.5169999999999995,0.8210000000000001,64.38095238095238,0.8877777777777778,-0.024639534883720927,0.6233333333333334,0.7078139534883721,0.30296511627906975,0.5246103558160983,
FJI,2018,3.81235122208561,0.626149149168847,917180.0,15612.916666666666,62.443,95.18924851479568,Fiji,East Asia & Pacific,Upper middle income,6085.41979485376,5.6069545454545455,0.8493181818181817,64.60860215053764,0.8634545454545454,-0.02255964912280702,0.6688636363636363,0.7131894736842105,0.30396842105263155,0.559233061708589,
FJI,2019,-0.581946709343867,2.30237251516834,914899.0,16256.458333333334,62.940999999999995,94.52196506622283,Fiji,East Asia & Pacific,Upper middle income,5842.07344577597,5.68076923076923,0.8563076923076923,65.14725274725275,0.8788461538461539,-0.016412186379928313,0.6725384615384615,0.707263440860215,0.3015913978494624,0.564259368563484,
FJI,2020,-17.1835352599354,5.601887914822241,914963.0,15125.833333333334,61.454,95.21292967480102,Fiji,East Asia & Pacific,Upper middle income,4620.6457238014,5.59435,0.83905,65.38192771084337,0.8547,-0.01115294117647059,0.6272,0.7156823529411764,0.3079294117647059,0.5068823810404587,
FJI,2021,-4.3459619989752,5.13320340824963,916711.0,16642.708333333332,60.416999999999994,93.14785707559761,Fiji,East Asia & Pacific,Upper middle income,4536.73312110335,5.771,0.862125,65.29277108433735,0.84975,-0.028172413793103448,0.61075,0.7104941176470588,0.30934117647058823,0.493741725628824,
FJI,2022,17.7451269773594,13.7121023720065,919422.0,17961.25,65.617,90.60141440229495,Fiji,East Asia & Pacific,Upper middle income,5414.12092119088,5.6708,0.8574999999999999,65.1280487804878,0.8637,-0.012726190476190476,0.7251000000000001,0.7149642857142857,0.307,0.5369869571129526,
FJI,2023,9.44245856738313,-4.64470870797775,924145.0,18600.0,66.035,89.07142748151504,Fiji,East Asia & Pacific,Upper middle income,5926.20586394763,5.55175,0.836125,65.38333333333333,0.8452500000000001,-0.030569620253164557,0.6745,0.7185443037974684,0.3077974683544304,0.6533207956806097,
FJI,2024,3.53085896076352,-6.60118564073726,928784.0,19142.916666666668,66.035,88.22333272298177,Fiji,East Asia & Pacific,Upper middle income,6425.74151715712,5.685666666666667,0.8411666666666666,65.49866666666667,0.8605,-0.03577922077922078,0.658,0.7204675324675325,0.3068441558441558,0.6736396011600437,
FRA,2015,1.06675474783462,-0.661709164713742,66548272.0,15169.791666666666,62.27000000000001,99.48833338419594,France,Europe & Central Asia,High income,36702.4323733379,6.358,0.896,73.2,0.817,-0.139,0.641,0.786,0.215,0.6196739077268938,
FRA,2016,0.860031075424033,4.38389195513915,66724104.0,14672.916666666666,62.646,98.98699951171874,France,Europe & Central Asia,High income,37024.2157133669,6.475,0.885,73.4,0.787,-0.091,0.623,0.773,0.27,0.593626934481766,
FRA,2017,2.08361485997399,4.975951505538329,66918020.0,14806.666666666666,62.406,99.0114288330078,France,Europe & Central Asia,High income,38687.1626407164,6.635,0.931,73.6,0.834,-0.123,0.601,0.762,0.242,0.6115863059685559,
FRA,2018,1.64590872395887,0.626149149168847,67158348.0,15612.916666666666,62.443,99.35333336724173,France,Europe & Central Asia,High income,41418.1766484844,6.666,0.921,73.8,0.816,-0.138,0.582,0.767,0.282,0.6398943204913039,
FRA,2019,2.02744646419237,2.30237251516834,67382061.0,16256.458333333334,62.940999999999995,99.30023165921833,France,Europe & Central Asia,High income,40408.2848574751,6.69,0.958,74.0,0.827,-0.133,0.568,0.735,0.25,0.6523519410345419,
FRA,2020,-7.44064589948231,5.601887914822241,67601110.0,15125.833333333334,61.454,99.45147404812847,France,Europe & Central Asia,High income,39169.8606000707,6.714,0.947,74.2,0.823,-0.169,0.565,0.732,0.231,0.5959049778563594,
FRA,2021,6.88233783360239,5.13320340824963,67842811.0,16642.708333333332,60.416999999999994,99.42232857194668,France,Europe & Central Asia,High income,43725.0999521245,6.69,0.942,74.2,0.822,-0.147,0.571,0.732,0.231,0.5770081770636606,
FRA,2022,2.71676264185913,13.7121023720065,68184457.0,17961.25,65.617,99.63800048828124,France,Europe & Central Asia,High income,40988.6396406579,6.69,0.942,74.2,0.822,-0.147,0.571,0.732,0.231,0.6378654291816607,
FRA,2023,1.43921494437743,-4.64470870797775,68372286.0,18600.0,66.035,99.34666570027669,France,Europe & Central Asia,High income,44700.1384177544,6.69,0.942,74.2,0.822,-0.147,0.571,0.732,0.231,0.7629103529527119,
FRA,2024,1.19046798275883,-6.60118564073726,68551653.0,19142.916666666668,66.035,99.36666615804036,France,Europe & Central Asia,High income,46103.0840855884,6.69,0.942,74.2,0.822,-0.147,0.571,0.732,0.231,0.7762114049760344,
FRO,2015,0.958001934486234,-0.661709164713742,48899.0,15169.791666666666,62.27000000000001,99.48833338419594,Faroe Islands,Europe & Central Asia,High income,52637.1903526574,5.923304347826087,0.8491304347826087,64.17878787878789,0.7425217391304347,-0.007820895522388061,0.6769999999999999,0.7155820895522389,0.28932835820895525,0.594811186781998,
FRO,2016,1.38644795938293,4.38389195513915,49464.0,14672.916666666666,62.646,98.98699951171874,Faroe Islands,Europe & Central Asia,High income,56875.2803813296,5.927037037037037,0.8699259259259259,64.37011494252873,0.7541111111111112,-0.0018764044943820227,0.7020740740740741,0.7212584269662922,0.29167415730337076,0.5784300684580456,
FRO,2017,3.51201367488443,4.975951505538329,50180.0,14806.666666666666,62.406,99.0114288330078,Faroe Islands,Europe & Central Asia,High income,59387.353086482,6.0480833333333335,0.8572083333333333,64.38095238095238,0.7631666666666667,-0.024639534883720927,0.67975,0.7078139534883721,0.30296511627906975,0.5763290380890839,
FRO,2018,2.76370952267429,0.626149149168847,50996.0,15612.916666666666,62.443,99.35333336724173,Faroe Islands,Europe & Central Asia,High income,62526.4908515743,6.2051346153846145,0.8825576923076923,64.60860215053764,0.7892307692307692,-0.02255964912280702,0.6894230769230769,0.7131894736842105,0.30396842105263155,0.6198601056211775,
FRO,2019,4.53851028676189,2.30237251516834,51792.0,16256.458333333334,62.940999999999995,99.30023165921833,Faroe Islands,Europe & Central Asia,High income,63068.2872688483,6.236365384615384,0.8888653846153847,65.14725274725275,0.8146538461538462,-0.016412186379928313,0.66475,0.707263440860215,0.3015913978494624,0.6311589234446517,
FRO,2020,-1.63732118017028,5.601887914822241,52565.0,15125.833333333334,61.454,99.45147404812847,Faroe Islands,Europe & Central Asia,High income,62243.1905561324,6.376291666666667,0.8960625000000001,65.38192771084337,0.8193333333333334,-0.01115294117647059,0.6385,0.7156823529411764,0.3079294117647059,0.5864963479513766,
FRO,2021,5.06636291600633,5.13320340824963,53296.0,16642.708333333332,60.416999999999994,99.42232857194668,Faroe Islands,Europe & Central Asia,High income,69415.1853254579,6.213107142857143,0.8877142857142858,65.29277108433735,0.80375,-0.028172413793103448,0.6798214285714286,0.7104941176470588,0.30934117647058823,0.5584959266467668,
FRO,2022,3.86099981669155,13.7121023720065,53912.0,17961.25,65.617,99.63800048828124,Faroe Islands,Europe & Central Asia,High income,67058.2022648126,6.286079999999999,0.8908,65.1280487804878,0.81432,-0.012726190476190476,0.66176,0.7149642857142857,0.307,0.6264304089044052,
FRO,2023,3.15873872329266,-4.64470870797775,54414.0,18600.0,66.035,99.34666570027669,Faroe Islands,Europe & Central Asia,High income,72465.3769660215,6.292695652173913,0.8890869565217391,65.38333333333333,0.8102173913043478,-0.030569620253164557,0.6615652173913044,0.7185443037974684,0.3077974683544304,0.7520047566304178,
FRO,2024,0.843716851362103,-6.60118564073726,54681.0,19142.916666666668,66.035,99.36666615804036,Faroe Islands,Europe & Central Asia,High income,74119.6607553879,6.292695652173913,0.8890869565217391,65.49866666666667,0.8102173913043478,-0.03577922077922078,0.6615652173913044,0.7204675324675325,0.3068441558441558,0.765526070552773,
GAB,2015,3.8788993950789,-0.661709164713742,2040989.0,15169.791666666666,62.27000000000001,88.8600006103516,Gabon,Sub-Saharan Africa ,Upper middle income,7047.12654634355,4.661,0.756,58.2,0.671,-0.194,0.867,0.626,0.372,0.4494621719333877,
GAB,2016,2.09144220829562,4.38389195513915,2100306.0,14672.916666666666,62.646,88.8600006103516,Gabon,Sub-Saharan Africa ,Upper middle income,6677.07003901644,4.832,0.78,58.7,0.699,-0.204,0.817,0.64,0.432,0.44761162199684335,
GAB,2017,0.472642030911146,4.975951505538329,2156900.0,14806.666666666666,62.406,88.8600006103516,Gabon,Sub-Saharan Africa ,Upper middle income,6921.73373135624,4.782,0.807,59.2,0.652,-0.228,0.868,0.634,0.446,0.4280834140661843,
GAB,2018,0.83791658082157,0.626149149168847,2212318.0,15612.916666666666,62.443,88.8600006103516,Gabon,Sub-Saharan Africa ,Upper middle income,7624.2775233771,4.783,0.785,59.7,0.719,-0.197,0.823,0.641,0.418,0.46990173506456745,
GAB,2019,3.92080879452831,2.30237251516834,2267706.0,16256.458333333334,62.940999999999995,88.8600006103516,Gabon,Sub-Saharan Africa ,Upper middle income,7441.1786472281,4.914,0.763,60.2,0.736,-0.203,0.846,0.693,0.413,0.46859572075326406,
GAB,2020,-1.83776106357656,5.601887914822241,2322539.0,15125.833333333334,61.454,88.8600006103516,Gabon,Sub-Saharan Africa ,Upper middle income,6605.80346077565,4.883,0.7695000000000001,60.2,0.7335,-0.2015,0.843,0.693,0.413,0.4151592201092251,
GAB,2021,1.46795731487489,5.13320340824963,2376722.0,16642.708333333332,60.416999999999994,88.8600006103516,Gabon,Sub-Saharan Africa ,Upper middle income,8181.40914134656,4.852,0.776,60.2,0.731,-0.2,0.84,0.693,0.413,0.39703608208577856,
GAB,2022,3.03761449530657,13.7121023720065,2430747.0,17961.25,65.617,88.8600006103516,Gabon,Sub-Saharan Africa ,Upper middle income,8409.2074145028,4.852,0.776,60.2,0.731,-0.2,0.84,0.693,0.413,0.46014407549147174,
GAB,2023,2.43893665064327,-4.64470870797775,2484789.0,18600.0,66.035,88.8600006103516,Gabon,Sub-Saharan Africa ,Upper middle income,7802.82433276138,4.852,0.776,60.2,0.731,-0.2,0.84,0.693,0.413,0.5818737393011647,
GAB,2024,3.39403899592401,-6.60118564073726,2538952.0,19142.916666666668,66.035,88.8600006103516,Gabon,Sub-Saharan Africa ,Upper middle income,8230.04311451151,4.852,0.776,60.2,0.731,-0.2,0.84,0.693,0.413,0.5942875264176676,
GEO,2015,3.35102350265353,-0.661709164713742,3725276.0,15169.791666666666,62.27000000000001,99.3600006103516,Georgia,Europe & Central Asia,Upper middle income,4086.6223465965,4.122,0.517,65.1,0.64,-0.205,0.502,0.547,0.233,0.4427771986776274,
GEO,2016,3.45021517996871,4.38389195513915,3727505.0,14672.916666666666,62.646,99.3600006103516,Georgia,Europe & Central Asia,Upper middle income,4143.40125686315,4.448,0.533,64.9,0.606,-0.249,0.561,0.564,0.223,0.41677306752898735,
GEO,2017,5.15990261658827,4.975951505538329,3728004.0,14806.666666666666,62.406,99.3600006103516,Georgia,Europe & Central Asia,Upper middle income,4418.75206546679,4.451,0.59,64.7,0.821,-0.244,0.59,0.581,0.21,0.45627435584192466,
GEO,2018,6.062036412677,0.626149149168847,3726549.0,15612.916666666666,62.443,99.6500015258789,Georgia,Europe & Central Asia,Upper middle income,4804.0546040444,4.659,0.617,64.5,0.775,-0.233,0.755,0.573,0.244,0.4643853043177526,
GEO,2019,5.38071926589951,2.30237251516834,3720161.0,16256.458333333334,62.940999999999995,99.9020818812072,Georgia,Europe & Central Asia,Upper middle income,4741.2832715876,4.892,0.675,64.3,0.811,-0.26,0.647,0.604,0.244,0.5049710223855842,
GEO,2020,-6.2904717853839,5.601887914822241,3722716.0,15125.833333333334,61.454,99.9403171161963,Georgia,Europe & Central Asia,Upper middle income,4300.85701291207,5.123,0.718,64.1,0.764,-0.221,0.583,0.611,0.295,0.46610089377683994,
GEO,2021,10.6442336580969,5.13320340824963,3708610.0,16642.708333333332,60.416999999999994,99.9656063568431,Georgia,Europe & Central Asia,Upper middle income,5083.60695484577,4.891,0.671,64.1,0.783,-0.238,0.655,0.611,0.295,0.4246482437895121,
GEO,2022,10.9585321385624,13.7121023720065,3712502.0,17961.25,65.617,99.5699996948242,Georgia,Europe & Central Asia,Upper middle income,6729.84659930283,4.891,0.671,64.1,0.783,-0.238,0.655,0.611,0.295,0.48836278332033456,
GEO,2023,7.83220126555726,-4.64470870797775,3715483.0,18600.0,66.035,99.5599975585938,Georgia,Europe & Central Asia,Upper middle income,8283.66960652261,4.891,0.671,64.1,0.783,-0.238,0.655,0.611,0.295,0.6119694656348404,
GEO,2024,9.67979387500691,-6.60118564073726,3699557.0,19142.916666666668,66.035,99.6800003051758,Georgia,Europe & Central Asia,Upper middle income,9241.49122313713,4.891,0.671,64.1,0.783,-0.238,0.655,0.611,0.295,0.6250413296706901,
GHA,2015,2.12075933817334,-0.661709164713742,28696068.0,15169.791666666666,62.27000000000001,64.4899978637695,Ghana,Sub-Saharan Africa ,Lower middle income,1722.77282833606,3.986,0.687,56.0,0.852,-0.038,0.945,0.69,0.265,0.3976463191874778,
GHA,2016,3.37346574966936,4.38389195513915,29356742.0,14672.916666666666,62.646,64.4899978637695,Ghana,Sub-Saharan Africa ,Lower middle income,1912.47991339951,4.514,0.647,56.4,0.751,0.09,0.894,0.668,0.305,0.36664329340311286,
GHA,2017,8.12889488100956,4.975951505538329,30008354.0,14806.666666666666,62.406,64.4899978637695,Ghana,Sub-Saharan Africa ,Lower middle income,2012.28662641265,5.481,0.669,56.8,0.783,0.079,0.839,0.703,0.248,0.39792401972713765,
GHA,2018,6.20007768127284,0.626149149168847,30637585.0,15612.916666666666,62.443,64.4899978637695,Ghana,Sub-Saharan Africa ,Lower middle income,2195.32166016377,5.004,0.761,57.2,0.817,0.062,0.846,0.747,0.25,0.4405100045534087,
GHA,2019,6.5077747939152,2.30237251516834,31258945.0,16256.458333333334,62.940999999999995,64.4899978637695,Ghana,Sub-Saharan Africa ,Lower middle income,2186.65822682613,4.967,0.746,57.6,0.787,0.116,0.857,0.682,0.27,0.43009489173017545,
GHA,2020,0.513941670628171,5.601887914822241,31887809.0,15125.833333333334,61.454,64.4899978637695,Ghana,Sub-Saharan Africa ,Lower middle income,2195.45481659987,5.319,0.643,58.0,0.824,0.2,0.847,0.713,0.253,0.3700712374095938,
GHA,2021,5.07646643533542,5.13320340824963,32518665.0,16642.708333333332,60.416999999999994,76.4899978637695,Ghana,Sub-Saharan Africa ,Lower middle income,2445.18662529344,5.088,0.727,58.0,0.807,0.123,0.848,0.713,0.253,0.37949447603001996,
GHA,2022,3.80484980952164,13.7121023720065,33149152.0,17961.25,65.617,76.4899978637695,Ghana,Sub-Saharan Africa ,Lower middle income,2229.89122647803,5.088,0.727,58.0,0.807,0.123,0.848,0.713,0.253,0.4422141612354178,
GHA,2023,3.14009099763754,-4.64470870797775,33787914.0,18600.0,66.035,76.4899978637695,Ghana,Sub-Saharan Africa ,Lower middle income,2383.90410483418,5.088,0.727,58.0,0.807,0.123,0.848,0.713,0.253,0.5646102032975094,
GHA,2024,5.59045469593266,-6.60118564073726,34427414.0,19142.916666666668,66.035,76.4899978637695,Ghana,Sub-Saharan Africa ,Lower middle income,2390.77237652715,5.088,0.727,58.0,0.807,0.123,0.848,0.713,0.253,0.576655613340769,
GIB,2015,2.4305590864593087,-0.661709164713742,33193.0,15169.791666666666,62.27000000000001,99.48833338419594,Gibraltar,Europe & Central Asia,High income,29896.569156505022,5.923304347826087,0.8491304347826087,64.17878787878789,0.7425217391304347,-0.007820895522388061,0.6769999999999999,0.7155820895522389,0.28932835820895525,0.5748822863059767,
GIB,2016,2.3613274307094723,4.38389195513915,33658.0,14672.916666666666,62.646,98.98699951171874,Gibraltar,Europe & Central Asia,High income,28118.15417311426,5.927037037037037,0.8699259259259259,64.37011494252873,0.7541111111111112,-0.0018764044943820227,0.7020740740740741,0.7212584269662922,0.29167415730337076,0.5532285622530668,
GIB,2017,3.3178574478394003,4.975951505538329,34245.0,14806.666666666666,62.406,99.0114288330078,Gibraltar,Europe & Central Asia,High income,31703.191935394992,6.0480833333333335,0.8572083333333333,64.38095238095238,0.7631666666666667,-0.024639534883720927,0.67975,0.7078139534883721,0.30296511627906975,0.5520678322238943,
GIB,2018,3.0324929177021214,0.626149149168847,34854.0,15612.916666666666,62.443,99.35333336724173,Gibraltar,Europe & Central Asia,High income,32975.68980671895,6.2051346153846145,0.8825576923076923,64.60860215053764,0.7892307692307692,-0.02255964912280702,0.6894230769230769,0.7131894736842105,0.30396842105263155,0.5939630569904538,
GIB,2019,2.921127028070663,2.30237251516834,35494.0,16256.458333333334,62.940999999999995,99.30023165921833,Gibraltar,Europe & Central Asia,High income,31744.95881887382,6.236365384615384,0.8888653846153847,65.14725274725275,0.8146538461538462,-0.016412186379928313,0.66475,0.707263440860215,0.3015913978494624,0.6037085081779446,
GIB,2020,-4.614243200112922,5.601887914822241,36173.0,15125.833333333334,61.454,99.45147404812847,Gibraltar,Europe & Central Asia,High income,33218.83389454553,6.376291666666667,0.8960625000000001,65.38192771084337,0.8193333333333334,-0.01115294117647059,0.6385,0.7156823529411764,0.3079294117647059,0.5610606524925749,
GIB,2021,6.980650021465855,5.13320340824963,36858.0,16642.708333333332,60.416999999999994,99.42232857194668,Gibraltar,Europe & Central Asia,High income,34626.096790317344,6.213107142857143,0.8877142857142858,65.29277108433735,0.80375,-0.028172413793103448,0.6798214285714286,0.7104941176470588,0.30934117647058823,0.5280082685881728,
GIB,2022,4.271274422437587,13.7121023720065,37609.0,17961.25,65.617,99.63800048828124,Gibraltar,Europe & Central Asia,High income,35653.66837514781,6.286079999999999,0.8908,65.1280487804878,0.81432,-0.012726190476190476,0.66176,0.7149642857142857,0.307,0.5989088286896634,
GIB,2023,1.8340747693566541,-4.64470870797775,38471.0,18600.0,66.035,99.34666570027669,Gibraltar,Europe & Central Asia,High income,40934.22443197578,6.292695652173913,0.8890869565217391,65.38333333333333,0.8102173913043478,-0.030569620253164557,0.6615652173913044,0.7185443037974684,0.3077974683544304,0.7243722132919992,
GIB,2024,2.234840897631725,-6.60118564073726,39329.0,19142.916666666668,66.035,99.36666615804036,Gibraltar,Europe & Central Asia,High income,42328.74867350065,6.292695652173913,0.8890869565217391,65.49866666666667,0.8102173913043478,-0.03577922077922078,0.6615652173913044,0.7204675324675325,0.3068441558441558,0.7376658851402009,
GIN,2015,3.82591056949435,-0.661709164713742,11767070.0,15169.791666666666,62.27000000000001,39.6199989318848,Guinea,Sub-Saharan Africa ,Lower middle income,747.356966759448,3.505,0.579,51.1,0.666,0.007,0.762,0.667,0.268,0.31276036958942965,
GIN,2016,10.82062719659,4.38389195513915,12073030.0,14672.916666666666,62.646,39.6199989318848,Guinea,Sub-Saharan Africa ,Lower middle income,711.996509782316,3.603,0.675,52.2,0.726,-0.056,0.803,0.687,0.374,0.3189416885678123,
GIN,2017,10.3000053427355,4.975951505538329,12385659.0,14806.666666666666,62.406,39.6199989318848,Guinea,Sub-Saharan Africa ,Lower middle income,833.598621691121,4.874,0.634,53.3,0.738,0.038,0.75,0.704,0.422,0.33924561477535903,
GIN,2018,6.35849192736715,0.626149149168847,12704774.0,15612.916666666666,62.443,39.6199989318848,Guinea,Sub-Saharan Africa ,Lower middle income,933.273615633705,5.252,0.63,54.4,0.731,0.092,0.778,0.744,0.44,0.3694996041294634,
GIN,2019,5.61691446889876,2.30237251516834,13034346.0,16256.458333333334,62.940999999999995,39.6199989318848,Guinea,Sub-Saharan Africa ,Lower middle income,1031.34146480732,4.768,0.655,55.5,0.691,0.097,0.756,0.685,0.473,0.3605593262781045,
GIN,2020,4.70459096113575,5.601887914822241,13371183.0,15125.833333333334,61.454,39.6199989318848,Guinea,Sub-Saharan Africa ,Lower middle income,1053.66097696415,4.8759999999999994,0.647,55.5,0.694,0.096,0.761,0.685,0.473,0.3077369040649458,
GIN,2021,5.5823328114905,5.13320340824963,13710513.0,16642.708333333332,60.416999999999994,39.6199989318848,Guinea,Sub-Saharan Africa ,Lower middle income,1244.96550477914,4.984,0.639,55.5,0.697,0.095,0.766,0.685,0.473,0.28826305592047025,
GIN,2022,3.97240784200721,13.7121023720065,14055137.0,17961.25,65.617,39.6199989318848,Guinea,Sub-Saharan Africa ,Lower middle income,1416.59612011764,4.984,0.639,55.5,0.697,0.095,0.766,0.685,0.473,0.3513218264112323,
GIN,2023,5.54172668627702,-4.64470870797775,14405468.0,18600.0,66.035,39.6199989318848,Guinea,Sub-Saharan Africa ,Lower middle income,1555.49375806861,4.984,0.639,55.5,0.697,0.095,0.766,0.685,0.473,0.4737046221279797,
GIN,2024,5.35004659051708,-6.60118564073726,14754785.0,19142.916666666668,66.035,39.6199989318848,Guinea,Sub-Saharan Africa ,Lower middle income,1694.95375862193,4.984,0.639,55.5,0.697,0.095,0.766,0.685,0.473,0.4858662298487612,
GMB,2015,4.0580738039996,-0.661709164713742,2224529.0,15169.791666666666,62.27000000000001,53.1599998474121,"Gambia, The",Sub-Saharan Africa ,Low income,619.536364296461,4.118,0.697,54.7,0.812,0.111,0.572,0.838,0.277,0.427202477992571,
GMB,2016,1.94335965478776,4.38389195513915,2283769.0,14672.916666666666,62.646,53.1599998474121,"Gambia, The",Sub-Saharan Africa ,Low income,650.056501323611,4.118,0.697,54.7,0.812,0.111,0.572,0.838,0.277,0.40454654253234484,
GMB,2017,4.8226112492757,4.975951505538329,2342189.0,14806.666666666666,62.406,53.1599998474121,"Gambia, The",Sub-Saharan Africa ,Low income,642.522641296331,4.118,0.697,54.7,0.812,0.111,0.572,0.838,0.277,0.3955566594948939,
GMB,2018,7.23489033258579,0.626149149168847,2399632.0,15612.916666666666,62.443,53.1599998474121,"Gambia, The",Sub-Saharan Africa ,Low income,696.219806960615,4.922,0.685,55.0,0.719,0.44,0.691,0.804,0.379,0.40543073468322,
GMB,2019,6.22205315994859,2.30237251516834,2456844.0,16256.458333333334,62.940999999999995,53.1599998474121,"Gambia, The",Sub-Saharan Africa ,Low income,738.186751987483,5.164,0.694,55.3,0.677,0.41,0.798,0.773,0.401,0.3913882171965539,
GMB,2020,0.591487287873974,5.601887914822241,2515733.0,15125.833333333334,61.454,53.1599998474121,"Gambia, The",Sub-Saharan Africa ,Low income,720.335143352133,5.1075,0.692,55.3,0.687,0.417,0.772,0.773,0.401,0.34164599442627036,
GMB,2021,5.25596878816744,5.13320340824963,2576010.0,16642.708333333332,60.416999999999994,51.6399993896484,"Gambia, The",Sub-Saharan Africa ,Low income,781.890925169531,5.051,0.69,55.3,0.697,0.424,0.746,0.773,0.401,0.3227282258377628,
GMB,2022,5.49299823010114,13.7121023720065,2636470.0,17961.25,65.617,51.6399993896484,"Gambia, The",Sub-Saharan Africa ,Low income,836.244875868476,5.051,0.69,55.3,0.697,0.424,0.746,0.773,0.401,0.38568422011332815,
GMB,2023,5.9167957146697,-4.64470870797775,2697845.0,18600.0,66.035,51.6399993896484,"Gambia, The",Sub-Saharan Africa ,Low income,883.024111719809,5.051,0.69,55.3,0.697,0.424,0.746,0.773,0.401,0.5079862872320475,
GMB,2024,5.55126069510321,-6.60118564073726,2759988.0,19142.916666666668,66.035,51.6399993896484,"Gambia, The",Sub-Saharan Africa ,Low income,871.340291776294,5.051,0.69,55.3,0.697,0.424,0.746,0.773,0.401,0.5200154390216447,
GNB,2015,6.1340893623123,-0.661709164713742,1786457.0,15169.791666666666,62.27000000000001,54.8800010681152,Guinea-Bissau,Sub-Saharan Africa ,Low income,645.066837207039,4.215857142857143,0.6736428571428571,64.17878787878789,0.7215714285714286,-0.007820895522388061,0.7941428571428572,0.7155820895522389,0.28932835820895525,0.38010597870337387,
GNB,2016,5.4326782650304,4.38389195513915,1831893.0,14672.916666666666,62.646,54.8800010681152,Guinea-Bissau,Sub-Saharan Africa ,Low income,679.665386626818,4.41705,0.7253999999999999,64.37011494252873,0.7313500000000001,-0.0018764044943820227,0.8026,0.7212584269662922,0.29167415730337076,0.3741087133652603,
GNB,2017,4.66367943913264,4.975951505538329,1877072.0,14806.666666666666,62.406,54.8800010681152,Guinea-Bissau,Sub-Saharan Africa ,Low income,783.123186602022,4.479473684210526,0.6647368421052632,64.38095238095238,0.726421052631579,-0.024639534883720927,0.7684210526315789,0.7078139534883721,0.30296511627906975,0.35696826514475993,
GNB,2018,3.76145359637003,0.626149149168847,1922168.0,15612.916666666666,62.443,54.8800010681152,Guinea-Bissau,Sub-Saharan Africa ,Low income,808.531613218504,4.60104347826087,0.6711739130434783,64.60860215053764,0.7309565217391305,-0.02255964912280702,0.7649565217391305,0.7131894736842105,0.30396842105263155,0.39006732609819716,
GNB,2019,5.32749571119344,2.30237251516834,1967696.0,16256.458333333334,62.940999999999995,54.8800010681152,Guinea-Bissau,Sub-Saharan Africa ,Low income,811.216425885129,4.560947368421052,0.6793157894736842,65.14725274725275,0.7001578947368422,-0.016412186379928313,0.7908421052631579,0.707263440860215,0.3015913978494624,0.3825337190174036,
GNB,2020,2.89139814952995,5.601887914822241,2013255.0,15125.833333333334,61.454,54.8800010681152,Guinea-Bissau,Sub-Saharan Africa ,Low income,846.915855715971,4.52828947368421,0.6715263157894737,65.38192771084337,0.7406315789473684,-0.01115294117647059,0.7249473684210527,0.7156823529411764,0.3079294117647059,0.34314399025090403,
GNB,2021,5.05055831244401,5.13320340824963,2058841.0,16642.708333333332,60.416999999999994,54.8800010681152,Guinea-Bissau,Sub-Saharan Africa ,Low income,926.780921081233,4.7511,0.7062999999999999,65.29277108433735,0.7177,-0.028172413793103448,0.79815,0.7104941176470588,0.30934117647058823,0.32156442887399894,
GNB,2022,5.52987253058352,13.7121023720065,2105529.0,17961.25,65.617,63.9300003051758,Guinea-Bissau,Sub-Saharan Africa ,Low income,883.199131457831,4.5692,0.66695,65.1280487804878,0.73625,-0.012726190476190476,0.72595,0.7149642857142857,0.307,0.3994288710897056,
GNB,2023,5.82749502627256,-4.64470870797775,2153339.0,18600.0,66.035,63.9300003051758,Guinea-Bissau,Sub-Saharan Africa ,Low income,988.087886357022,4.821444444444444,0.7006111111111112,65.38333333333333,0.7288888888888888,-0.030569620253164557,0.7893888888888889,0.7185443037974684,0.3077974683544304,0.5249370850028259,
GNB,2024,4.14631137217332,-6.60118564073726,2201352.0,19142.916666666668,66.035,63.9300003051758,Guinea-Bissau,Sub-Saharan Africa ,Low income,1007.74151728028,4.7535,0.690375,65.49866666666667,0.7152499999999999,-0.03577922077922078,0.7933125,0.7204675324675325,0.3068441558441558,0.5301462260299034,
GNQ,2015,-9.11004114881537,-0.661709164713742,1453923.0,15169.791666666666,62.27000000000001,59.519709481092974,Equatorial Guinea,Sub-Saharan Africa ,Upper middle income,9068.91003238645,4.215857142857143,0.6736428571428571,64.17878787878789,0.7215714285714286,-0.007820895522388061,0.7941428571428572,0.7155820895522389,0.28932835820895525,0.3949533709602642,
GNQ,2016,-8.81641723219757,4.38389195513915,1508186.0,14672.916666666666,62.646,64.81778819538694,Equatorial Guinea,Sub-Saharan Africa ,Upper middle income,7453.19797948517,4.41705,0.7253999999999999,64.37011494252873,0.7313500000000001,-0.0018764044943820227,0.8026,0.7212584269662922,0.29167415730337076,0.3960342342119372,
GNQ,2017,-5.66750850486686,4.975951505538329,1562396.0,14806.666666666666,62.406,59.349186490700546,Equatorial Guinea,Sub-Saharan Africa ,Upper middle income,7809.10465655488,4.479473684210526,0.6647368421052632,64.38095238095238,0.726421052631579,-0.024639534883720927,0.7684210526315789,0.7078139534883721,0.30296511627906975,0.3703162671784312,
GNQ,2018,-6.23654406734575,0.626149149168847,1616422.0,15612.916666666666,62.443,61.011341472902174,Equatorial Guinea,Sub-Saharan Africa ,Upper middle income,8102.47084834031,4.60104347826087,0.6711739130434783,64.60860215053764,0.7309565217391305,-0.02255964912280702,0.7649565217391305,0.7131894736842105,0.30396842105263155,0.40632449344137045,
GNQ,2019,-5.48182537893445,2.30237251516834,1670177.0,16256.458333333334,62.940999999999995,64.92468383194814,Equatorial Guinea,Sub-Saharan Africa ,Upper middle income,6804.14923073888,4.560947368421052,0.6793157894736842,65.14725274725275,0.7001578947368422,-0.016412186379928313,0.7908421052631579,0.707263440860215,0.3015913978494624,0.40394714650885316,
GNQ,2020,-4.79108083383294,5.601887914822241,1716468.0,15125.833333333334,61.454,63.60724199024109,Equatorial Guinea,Sub-Saharan Africa ,Upper middle income,5764.05502912947,4.52828947368421,0.6715263157894737,65.38192771084337,0.7406315789473684,-0.01115294117647059,0.7249473684210527,0.7156823529411764,0.3079294117647059,0.36149492908733094,
GNQ,2021,0.860269956382069,5.13320340824963,1758786.0,16642.708333333332,60.416999999999994,65.86192034519343,Equatorial Guinea,Sub-Saharan Africa ,Upper middle income,6945.63069794539,4.7511,0.7062999999999999,65.29277108433735,0.7177,-0.028172413793103448,0.79815,0.7104941176470588,0.30934117647058823,0.34450854369755457,
GNQ,2022,3.22350831658598,13.7121023720065,1803545.0,17961.25,65.617,63.417386779874896,Equatorial Guinea,Sub-Saharan Africa ,Upper middle income,7589.29964909381,4.5692,0.66695,65.1280487804878,0.73625,-0.012726190476190476,0.72595,0.7149642857142857,0.307,0.40448103462731055,
GNQ,2023,-5.08930872071532,-4.64470870797775,1847549.0,18600.0,66.035,65.52165158374675,Equatorial Guinea,Sub-Saharan Africa ,Upper middle income,6677.793435386,4.821444444444444,0.7006111111111112,65.38333333333333,0.7288888888888888,-0.030569620253164557,0.7893888888888889,0.7185443037974684,0.3077974683544304,0.5324841988905187,
GNQ,2024,0.907248245986736,-6.60118564073726,1892516.0,19142.916666666668,66.035,65.67981786665442,Equatorial Guinea,Sub-Saharan Africa ,Upper middle income,6745.40013244916,4.7535,0.690375,65.49866666666667,0.7152499999999999,-0.03577922077922078,0.7933125,0.7204675324675325,0.3068441558441558,0.5379898469306897,
GRC,2015,-0.228301892172851,-0.661709164713742,10820883.0,15169.791666666666,62.27000000000001,99.48833338419594,Greece,Europe & Central Asia,High income,17980.7298238137,5.623,0.835,71.8,0.532,-0.272,0.824,0.74,0.277,0.49574689308911607,
GRC,2016,-0.0317947678412054,4.38389195513915,10775971.0,14672.916666666666,62.646,98.98699951171874,Greece,Europe & Central Asia,High income,17919.2426377048,5.303,0.803,72.0,0.482,-0.26,0.898,0.701,0.336,0.4385803632523001,
GRC,2017,1.47312472702352,4.975951505538329,10754679.0,14806.666666666666,62.406,99.0114288330078,Greece,Europe & Central Asia,High income,18631.9930129293,5.148,0.753,72.2,0.438,-0.29,0.872,0.603,0.333,0.4111450816885572,
GRC,2018,2.06467207892409,0.626149149168847,10732882.0,15612.916666666666,62.443,99.35333336724173,Greece,Europe & Central Asia,High income,19873.4015238771,5.409,0.794,72.4,0.564,-0.335,0.86,0.666,0.255,0.48016020477082216,
GRC,2019,2.27718065334808,2.30237251516834,10721582.0,16256.458333333334,62.940999999999995,99.30023165921833,Greece,Europe & Central Asia,High income,19335.3602002969,5.952,0.891,72.6,0.614,-0.289,0.848,0.668,0.236,0.5249673688815233,
GRC,2020,-9.19623149726978,5.601887914822241,10698599.0,15125.833333333334,61.454,99.45147404812847,Greece,Europe & Central Asia,High income,17886.733165236,5.788,0.779,72.8,0.565,-0.241,0.764,0.684,0.322,0.4445106160761369,
GRC,2021,8.65449786002131,5.13320340824963,10569207.0,16642.708333333332,60.416999999999994,99.42232857194668,Greece,Europe & Central Asia,High income,20654.7001960815,5.723,0.823,72.8,0.582,-0.288,0.823,0.684,0.322,0.43003507327807666,
GRC,2022,5.52198580589408,13.7121023720065,10436882.0,17961.25,65.617,99.63800048828124,Greece,Europe & Central Asia,High income,20886.5243087629,5.723,0.823,72.8,0.582,-0.288,0.823,0.684,0.322,0.4934936019559,
GRC,2023,2.13591131996631,-4.64470870797775,10407351.0,18600.0,66.035,99.34666570027669,Greece,Europe & Central Asia,High income,23343.7103964562,5.723,0.823,72.8,0.582,-0.288,0.823,0.684,0.322,0.61743930013688,
GRC,2024,2.0865743380603,-6.60118564073726,10405134.0,19142.916666666668,66.035,99.36666615804036,Greece,Europe & Central Asia,High income,24626.1481858973,5.723,0.823,72.8,0.582,-0.288,0.823,0.684,0.322,0.6306347442485121,
GRD,2015,6.44522314693144,-0.661709164713742,114676.0,15169.791666666666,62.27000000000001,90.1499993460519,Grenada,Latin America & Caribbean ,Upper middle income,8694.12438005692,5.897461538461538,0.836076923076923,64.17878787878789,0.7756153846153846,-0.007820895522388061,0.8043076923076923,0.7155820895522389,0.28932835820895525,0.5265132095461456,
GRD,2016,3.7396039558691,4.38389195513915,115130.0,14672.916666666666,62.646,91.65631505062707,Grenada,Latin America & Caribbean ,Upper middle income,9221.23461079424,5.877888888888888,0.8481111111111111,64.37011494252873,0.7818888888888889,-0.0018764044943820227,0.8141111111111111,0.7212584269662922,0.29167415730337076,0.5087502063352594,
GRD,2017,4.43867566948151,4.975951505538329,115438.0,14806.666666666666,62.406,91.48430033264317,Grenada,Latin America & Caribbean ,Upper middle income,9751.42661155932,5.946823529411765,0.8554705882352941,64.38095238095238,0.8186470588235294,-0.024639534883720927,0.7917058823529411,0.7078139534883721,0.30296511627906975,0.5129602185710082,
GRD,2018,4.36144039364797,0.626149149168847,115691.0,15612.916666666666,62.443,91.47924112068334,Grenada,Latin America & Caribbean ,Upper middle income,10083.021279225,6.006805555555555,0.8511388888888889,64.60860215053764,0.841,-0.02255964912280702,0.8042777777777778,0.7131894736842105,0.30396842105263155,0.543627722118772,
GRD,2019,0.676511738873756,2.30237251516834,115981.0,16256.458333333334,62.940999999999995,91.43314889773366,Grenada,Latin America & Caribbean ,Upper middle income,10462.7929159533,6.038588235294118,0.8372745098039216,65.14725274725275,0.8420392156862746,-0.016412186379928313,0.801078431372549,0.707263440860215,0.3015913978494624,0.5429327957090382,
GRD,2020,-13.7566222572107,5.601887914822241,116341.0,15125.833333333334,61.454,91.60306755581077,Grenada,Latin America & Caribbean ,Upper middle income,8968.55890108484,5.7795,0.8161372549019609,65.38192771084337,0.8441372549019608,-0.01115294117647059,0.7751568627450981,0.7156823529411764,0.3079294117647059,0.4818803640217565,
GRD,2021,4.6977240232674,5.13320340824963,116688.0,16642.708333333332,60.416999999999994,91.09663171723088,Grenada,Latin America & Caribbean ,Upper middle income,9617.28902905373,5.958200000000001,0.8276666666666667,65.29277108433735,0.8393333333333334,-0.028172413793103448,0.7998666666666666,0.7104941176470588,0.30934117647058823,0.46379175337691614,
GRD,2022,7.31023806981959,13.7121023720065,116913.0,17961.25,65.617,91.47427720792334,Grenada,Latin America & Caribbean ,Upper middle income,10469.3867012856,5.966866666666666,0.8293333333333333,65.1280487804878,0.8417333333333333,-0.012726190476190476,0.7755333333333333,0.7149642857142857,0.307,0.532381446284612,
GRD,2023,4.52657497450693,-4.64470870797775,117081.0,18600.0,66.035,91.86376612517199,Grenada,Latin America & Caribbean ,Upper middle income,11414.4781691181,5.9801874999999995,0.8335,65.38333333333333,0.843625,-0.030569620253164557,0.7805625,0.7185443037974684,0.3077974683544304,0.6569826718197627,
GRD,2024,3.96332516398188,-6.60118564073726,117207.0,19142.916666666668,66.035,92.12011188823735,Grenada,Latin America & Caribbean ,Upper middle income,11705.0902976658,5.945333333333333,0.837388888888889,65.49866666666667,0.8446666666666667,-0.03577922077922078,0.7931666666666666,0.7204675324675325,0.3068441558441558,0.6682309191573791,
GRL,2015,-2.52931802394475,-0.661709164713742,56114.0,15169.791666666666,62.27000000000001,99.48833338419594,Greenland,Europe & Central Asia,High income,44536.3549705377,5.923304347826087,0.8491304347826087,64.17878787878789,0.7425217391304347,-0.007820895522388061,0.6769999999999999,0.7155820895522389,0.28932835820895525,0.5877119637348188,
GRL,2016,4.68195410972302,4.38389195513915,56186.0,14672.916666666666,62.646,98.98699951171874,Greenland,Europe & Central Asia,High income,48181.7453541266,5.927037037037037,0.8699259259259259,64.37011494252873,0.7541111111111112,-0.0018764044943820227,0.7020740740740741,0.7212584269662922,0.29167415730337076,0.5708114289825661,
GRL,2017,0.0527281828800312,4.975951505538329,56172.0,14806.666666666666,62.406,99.0114288330078,Greenland,Europe & Central Asia,High income,50765.7494665372,6.0480833333333335,0.8572083333333333,64.38095238095238,0.7631666666666667,-0.024639534883720927,0.67975,0.7078139534883721,0.30296511627906975,0.5687734361992527,
GRL,2018,0.62306542854094,0.626149149168847,56023.0,15612.916666666666,62.443,99.35333336724173,Greenland,Europe & Central Asia,High income,54545.135857765,6.2051346153846145,0.8825576923076923,64.60860215053764,0.7892307692307692,-0.02255964912280702,0.6894230769230769,0.7131894736842105,0.30396842105263155,0.6128655900376573,
GRL,2019,2.83217756798683,2.30237251516834,56225.0,16256.458333333334,62.940999999999995,99.30023165921833,Greenland,Europe & Central Asia,High income,53309.2035905065,6.236365384615384,0.8888653846153847,65.14725274725275,0.8146538461538462,-0.016412186379928313,0.66475,0.707263440860215,0.3015913978494624,0.622606483048004,
GRL,2020,0.250789762104304,5.601887914822241,56367.0,15125.833333333334,61.454,99.45147404812847,Greenland,Europe & Central Asia,High income,54812.6661771023,6.376291666666667,0.8960625000000001,65.38192771084337,0.8193333333333334,-0.01115294117647059,0.6385,0.7156823529411764,0.3079294117647059,0.5799845565822211,
GRL,2021,1.63409410992996,5.13320340824963,56653.0,16642.708333333332,60.416999999999994,99.42232857194668,Greenland,Europe & Central Asia,High income,58135.9939910203,6.213107142857143,0.8877142857142858,65.29277108433735,0.80375,-0.028172413793103448,0.6798214285714286,0.7104941176470588,0.30934117647058823,0.548611329404892,
GRL,2022,2.00455580865604,13.7121023720065,56661.0,17961.25,65.617,99.63800048828124,Greenland,Europe & Central Asia,High income,55635.0006491223,6.286079999999999,0.8908,65.1280487804878,0.81432,-0.012726190476190476,0.66176,0.7149642857142857,0.307,0.6164196072577406,
GRL,2023,0.865961986998158,-4.64470870797775,56865.0,18600.0,66.035,99.34666570027669,Greenland,Europe & Central Asia,High income,58498.9707973609,6.292695652173913,0.8890869565217391,65.38333333333333,0.8102173913043478,-0.030569620253164557,0.6615652173913044,0.7185443037974684,0.3077974683544304,0.7397652001054614,
GRL,2024,0.865961986998158,-6.60118564073726,56836.0,19142.916666666668,66.035,99.36666615804036,Greenland,Europe & Central Asia,High income,58498.9707973609,6.292695652173913,0.8890869565217391,65.49866666666667,0.8102173913043478,-0.03577922077922078,0.6615652173913044,0.7204675324675325,0.3068441558441558,0.7518367710013176,
GTM,2015,4.09217081621244,-0.661709164713742,15971743.0,15169.791666666666,62.27000000000001,80.8099975585938,Guatemala,Latin America & Caribbean ,Upper middle income,3893.50533299068,6.465,0.823,63.9,0.869,0.051,0.822,0.851,0.311,0.5320031506967566,
GTM,2016,2.67780277623314,4.38389195513915,16268760.0,14672.916666666666,62.646,80.8099975585938,Guatemala,Latin America & Caribbean ,Upper middle income,4060.13784737643,6.359,0.811,64.2,0.863,0.011,0.812,0.846,0.321,0.504670344399167,
GTM,2017,3.07985126948702,4.975951505538329,16567357.0,14806.666666666666,62.406,80.8099975585938,Guatemala,Latin America & Caribbean ,Upper middle income,4324.99768915601,6.325,0.826,64.5,0.915,-0.059,0.8,0.846,0.308,0.5096633723247057,
GTM,2018,3.40687348346576,0.626149149168847,16845685.0,15612.916666666666,62.443,80.8099975585938,Guatemala,Latin America & Caribbean ,Upper middle income,4352.94593289707,6.627,0.841,64.8,0.91,-0.01,0.765,0.871,0.262,0.5512999647034442,
GTM,2019,4.01789785040324,2.30237251516834,17103803.0,16256.458333333334,62.940999999999995,80.8099975585938,Guatemala,Latin America & Caribbean ,Upper middle income,4511.99839552697,6.262,0.774,65.1,0.901,-0.062,0.773,0.859,0.311,0.526361470423562,
GTM,2020,-1.78555175063326,5.601887914822241,17357325.0,15125.833333333334,61.454,80.8099975585938,Guatemala,Latin America & Caribbean ,Upper middle income,4477.61785000665,6.3485,0.7935,65.1,0.9035,-0.05,0.774,0.859,0.311,0.47953997356333056,
GTM,2021,8.04170378184928,5.13320340824963,17598650.0,16642.708333333332,60.416999999999994,80.8099975585938,Guatemala,Latin America & Caribbean ,Upper middle income,4912.62240414681,6.435,0.813,65.1,0.906,-0.038,0.775,0.859,0.311,0.4663303084605426,
GTM,2022,4.18451817243695,13.7121023720065,17847877.0,17961.25,65.617,83.0299987792969,Guatemala,Latin America & Caribbean ,Upper middle income,5358.70156997677,6.435,0.813,65.1,0.906,-0.038,0.775,0.859,0.311,0.533201484047817,
GTM,2023,3.5331575177533,-4.64470870797775,18124838.0,18600.0,66.035,83.0440590538501,Guatemala,Latin America & Caribbean ,Upper middle income,5758.32760847852,6.435,0.813,65.1,0.906,-0.038,0.775,0.859,0.311,0.6558353933001396,
GTM,2024,3.65186382894819,-6.60118564073726,18406359.0,19142.916666666668,66.035,82.1100006103516,Guatemala,Latin America & Caribbean ,Upper middle income,6150.02571438505,6.435,0.813,65.1,0.906,-0.038,0.775,0.859,0.311,0.6667151901952161,
GUM,2015,0.825688073394488,-0.661709164713742,164905.0,15169.791666666666,62.27000000000001,93.25999959309895,Guam,East Asia & Pacific,High income,35165.7014644795,5.532666666666667,0.8398333333333333,64.17878787878789,0.8611666666666666,-0.007820895522388061,0.6566666666666666,0.7155820895522389,0.28932835820895525,0.5831508012672726,
GUM,2016,0.18198362147406,4.38389195513915,164233.0,14672.916666666666,62.646,91.57636399702592,Guam,East Asia & Pacific,High income,35930.6594898711,5.5694,0.8369,64.37011494252873,0.8804000000000001,-0.0018764044943820227,0.6411,0.7212584269662922,0.29167415730337076,0.5642731681065962,
GUM,2017,0.890099909173486,4.975951505538329,163490.0,14806.666666666666,62.406,89.47999954223634,Guam,East Asia & Pacific,High income,36779.0078903909,5.5169999999999995,0.8210000000000001,64.38095238095238,0.8877777777777778,-0.024639534883720927,0.6233333333333334,0.7078139534883721,0.30296511627906975,0.55173549482489,
GUM,2018,-0.828231904933389,0.626149149168847,162679.0,15612.916666666666,62.443,95.18924851479568,Guam,East Asia & Pacific,High income,37195.9503070464,5.6069545454545455,0.8493181818181817,64.60860215053764,0.8634545454545454,-0.02255964912280702,0.6688636363636363,0.7131894736842105,0.30396842105263155,0.5864969900325263,
GUM,2019,2.52360203340596,2.30237251516834,161808.0,16256.458333333334,62.940999999999995,94.52196506622283,Guam,East Asia & Pacific,High income,39274.9431424899,5.68076923076923,0.8563076923076923,65.14725274725275,0.8788461538461539,-0.016412186379928313,0.6725384615384615,0.707263440860215,0.3015913978494624,0.5935584948743486,
GUM,2020,-10.5188595714539,5.601887914822241,162158.0,15125.833333333334,61.454,95.21292967480102,Guam,East Asia & Pacific,High income,36482.9363953675,5.59435,0.83905,65.38192771084337,0.8547,-0.01115294117647059,0.6272,0.7156823529411764,0.3079294117647059,0.5348051195731746,
GUM,2021,2.0581832574708,5.13320340824963,163730.0,16642.708333333332,60.416999999999994,93.14785707559761,Guam,East Asia & Pacific,High income,38074.8793745801,5.771,0.862125,65.29277108433735,0.84975,-0.028172413793103448,0.61075,0.7104941176470588,0.30934117647058823,0.5231331117774517,
GUM,2022,5.09986426216793,13.7121023720065,165180.0,17961.25,65.617,90.60141440229495,Guam,East Asia & Pacific,High income,41833.1517132825,5.6708,0.8574999999999999,65.1280487804878,0.8637,-0.012726190476190476,0.7251000000000001,0.7149642857142857,0.307,0.5689030263279635,
GUM,2023,5.09986426216793,-4.64470870797775,166506.0,18600.0,66.035,89.07142748151504,Guam,East Asia & Pacific,High income,41833.1517132825,5.55175,0.836125,65.38333333333333,0.8452500000000001,-0.030569620253164557,0.6745,0.7185443037974684,0.3077974683544304,0.6847880957185855,
GUM,2024,5.09986426216793,-6.60118564073726,167777.0,19142.916666666668,66.035,88.22333272298177,Guam,East Asia & Pacific,High income,41833.1517132825,5.685666666666667,0.8411666666666666,65.49866666666667,0.8605,-0.03577922077922078,0.658,0.7204675324675325,0.3068441558441558,0.7046691296775686,
GUY,2015,0.687404590619494,-0.661709164713742,758781.0,15169.791666666666,62.27000000000001,85.6399993896484,Guyana,Latin America & Caribbean ,High income,5640.41560569466,5.897461538461538,0.836076923076923,64.17878787878789,0.7756153846153846,-0.007820895522388061,0.8043076923076923,0.7155820895522389,0.28932835820895525,0.5165806672313789,
GUY,2016,3.80745626378814,4.38389195513915,763548.0,14672.916666666666,62.646,85.6399993896484,Guyana,Latin America & Caribbean ,High income,5870.87823759835,5.877888888888888,0.8481111111111111,64.37011494252873,0.7818888888888889,-0.0018764044943820227,0.8141111111111111,0.7212584269662922,0.29167415730337076,0.49613409513407203,
GUY,2017,3.73449154571284,4.975951505538329,768479.0,14806.666666666666,62.406,85.6399993896484,Guyana,Latin America & Caribbean ,High income,6178.6650437298,5.946823529411765,0.8554705882352941,64.38095238095238,0.8186470588235294,-0.024639534883720927,0.7917058823529411,0.7078139534883721,0.30296511627906975,0.500425965613162,
GUY,2018,4.44091288475967,0.626149149168847,791556.0,15612.916666666666,62.443,85.6399993896484,Guyana,Latin America & Caribbean ,High income,6048.38697180418,6.006805555555555,0.8511388888888889,64.60860215053764,0.841,-0.02255964912280702,0.8042777777777778,0.7131894736842105,0.30396842105263155,0.5306968438579478,
GUY,2019,5.35284003535665,2.30237251516834,807665.0,16256.458333333334,62.940999999999995,85.6399993896484,Guyana,Latin America & Caribbean ,High income,6405.82443444562,6.038588235294118,0.8372745098039216,65.14725274725275,0.8420392156862746,-0.016412186379928313,0.801078431372549,0.707263440860215,0.3015913978494624,0.530056505222245,
GUY,2020,43.479651716849,5.601887914822241,807481.0,15125.833333333334,61.454,85.6399993896484,Guyana,Latin America & Caribbean ,High income,6775.70939096303,5.7795,0.8161372549019609,65.38192771084337,0.8441372549019608,-0.01115294117647059,0.7751568627450981,0.7156823529411764,0.3079294117647059,0.4703643149744958,
GUY,2021,20.0599975568418,5.13320340824963,815482.0,16642.708333333332,60.416999999999994,85.6399993896484,Guyana,Latin America & Caribbean ,High income,9860.87014834386,5.958200000000001,0.8276666666666667,65.29277108433735,0.8393333333333334,-0.028172413793103448,0.7998666666666666,0.7104941176470588,0.30934117647058823,0.4552257214761771,
GUY,2022,63.3346343654855,13.7121023720065,821637.0,17961.25,65.617,85.6399993896484,Guyana,Latin America & Caribbean ,High income,17913.4928066879,5.966866666666666,0.8293333333333333,65.1280487804878,0.8417333333333333,-0.012726190476190476,0.7755333333333333,0.7149642857142857,0.307,0.529518028209455,
GUY,2023,33.795011115873,-4.64470870797775,826353.0,18600.0,66.035,85.6399993896484,Guyana,Latin America & Caribbean ,High income,20473.7002190617,5.9801874999999995,0.8335,65.38333333333333,0.843625,-0.030569620253164557,0.7805625,0.7185443037974684,0.3077974683544304,0.654908000189104,
GUY,2024,43.8193108024355,-6.60118564073726,831087.0,19142.916666666668,66.035,85.6399993896484,Guyana,Latin America & Caribbean ,High income,29675.2443873316,5.945333333333333,0.837388888888889,65.49866666666667,0.8446666666666667,-0.03577922077922078,0.7931666666666666,0.7204675324675325,0.3068441558441558,0.6735529546376584,
HKG,2015,2.38777942738729,-0.661709164713742,7291300.0,15169.791666666666,62.27000000000001,93.25999959309895,"Hong Kong SAR, China",East Asia & Pacific,High income,42432.1619740441,5.498,0.832,64.17878787878789,0.8,0.1,0.403,0.664,0.213,0.6103721092888043,
HKG,2016,2.17542886502997,4.38389195513915,7336600.0,14672.916666666666,62.646,91.57636399702592,"Hong Kong SAR, China",East Asia & Pacific,High income,43734.1980702999,5.498,0.832,64.37011494252873,0.8,0.1,0.403,0.664,0.213,0.5861215755320949,
HKG,2017,3.79611114629799,4.975951505538329,7393200.0,14806.666666666666,62.406,89.47999954223634,"Hong Kong SAR, China",East Asia & Pacific,High income,46160.429791493,5.362,0.831,64.38095238095238,0.831,0.14,0.416,0.64,0.201,0.5765117877151351,
HKG,2018,2.84695146463069,0.626149149168847,7452600.0,15612.916666666666,62.443,95.18924851479568,"Hong Kong SAR, China",East Asia & Pacific,High income,48537.5668888343,5.5105,0.8434999999999999,64.60860215053764,0.7789999999999999,0.10350000000000001,0.424,0.6194999999999999,0.27949999999999997,0.6108525677097609,
HKG,2019,-1.6724459934221,2.30237251516834,7507900.0,16256.458333333334,62.940999999999995,94.52196506622283,"Hong Kong SAR, China",East Asia & Pacific,High income,48359.0011950597,5.659,0.856,65.14725274725275,0.727,0.067,0.432,0.599,0.358,0.6058694751049909,
HKG,2020,-6.54480412699255,5.601887914822241,7481000.0,15125.833333333334,61.454,95.21292967480102,"Hong Kong SAR, China",East Asia & Pacific,High income,46109.2299946609,5.295,0.813,65.38192771084337,0.705,0.067,0.38,0.609,0.21,0.5369070209396827,
HKG,2021,6.45444409087024,5.13320340824963,7413100.0,16642.708333333332,60.416999999999994,93.14785707559761,"Hong Kong SAR, China",East Asia & Pacific,High income,49770.5642374739,5.477,0.836,65.29277108433735,0.717,0.067,0.403,0.609,0.21,0.5248855758683126,
HKG,2022,-3.68378414495199,13.7121023720065,7346100.0,17961.25,65.617,90.60141440229495,"Hong Kong SAR, China",East Asia & Pacific,High income,48825.8441873536,5.477,0.836,65.1280487804878,0.717,0.067,0.403,0.609,0.21,0.5828689037226089,
HKG,2023,3.2238599613664,-4.64470870797775,7536100.0,18600.0,66.035,89.07142748151504,"Hong Kong SAR, China",East Asia & Pacific,High income,50562.3633144379,5.477,0.836,65.38333333333333,0.717,0.067,0.403,0.609,0.21,0.7041901003451037,
HKG,2024,2.50498758466826,-6.60118564073726,7524100.0,19142.916666666668,66.035,88.22333272298177,"Hong Kong SAR, China",East Asia & Pacific,High income,54074.6928519479,5.477,0.836,65.49866666666667,0.717,0.067,0.403,0.609,0.21,0.7179429961686961,
HND,2015,3.84007997093951,-0.661709164713742,9237305.0,15169.791666666666,62.27000000000001,88.9899978637695,Honduras,Latin America & Caribbean ,Lower middle income,2271.20265980349,4.845,0.772,66.6,0.534,-0.097,0.848,0.863,0.311,0.4306059130713197,
HND,2016,3.89297219726413,4.38389195513915,9412380.0,14672.916666666666,62.646,88.9899978637695,Honduras,Latin America & Caribbean ,Lower middle income,2307.34468351082,5.648,0.774,66.8,0.85,0.08,0.793,0.832,0.297,0.4921947394780779,
HND,2017,4.84291391050387,4.975951505538329,9588137.0,14806.666666666666,62.406,88.9899978637695,Honduras,Latin America & Caribbean ,Lower middle income,2413.0076562942,6.02,0.843,67.0,0.898,0.072,0.783,0.842,0.248,0.5171907816595738,
HND,2018,3.84499476966735,0.626149149168847,9765210.0,15612.916666666666,62.443,87.2099990844727,Honduras,Latin America & Caribbean ,Lower middle income,2464.64241531918,5.908,0.827,67.2,0.872,0.099,0.804,0.872,0.287,0.5282383635090595,
HND,2019,2.55963434592314,2.30237251516834,9943633.0,16256.458333333334,62.940999999999995,88.5100021362305,Honduras,Latin America & Caribbean ,Lower middle income,2502.32744328073,5.93,0.797,67.4,0.846,0.063,0.815,0.85,0.279,0.5187097342431194,
HND,2020,-8.96508223267296,5.601887914822241,10119640.0,15125.833333333334,61.454,88.5100021362305,Honduras,Latin America & Caribbean ,Lower middle income,2307.61494319511,5.9245,0.8045,67.4,0.8514999999999999,0.07200000000000001,0.812,0.85,0.279,0.4681045839367536,
HND,2021,12.5652843771279,5.13320340824963,10289877.0,16642.708333333332,60.416999999999994,88.5100021362305,Honduras,Latin America & Caribbean ,Lower middle income,2735.14751503977,5.919,0.812,67.4,0.857,0.081,0.809,0.85,0.279,0.4512452252804767,
HND,2022,4.14356194013767,13.7121023720065,10463872.0,17961.25,65.617,88.2764147235016,Honduras,Latin America & Caribbean ,Lower middle income,3003.28996826399,5.919,0.812,67.4,0.857,0.081,0.809,0.85,0.279,0.5140127420939489,
HND,2023,3.57584760454412,-4.64470870797775,10644851.0,18600.0,66.035,87.0899963378906,Honduras,Latin America & Caribbean ,Lower middle income,3227.45762509776,5.919,0.812,67.4,0.857,0.081,0.809,0.85,0.279,0.634561366631963,
HND,2024,3.55397003296669,-6.60118564073726,10825703.0,19142.916666666668,66.035,88.25,Honduras,Latin America & Caribbean ,Lower middle income,3426.43483328923,5.919,0.812,67.4,0.857,0.081,0.809,0.85,0.279,0.6486415306192037,
HRV,2015,2.31998692708386,-0.661709164713742,4151725.0,13580.0,62.27000000000001,99.48833338419594,Croatia,Europe & Central Asia,High income,12283.7840620053,5.205,0.768,68.4,0.694,-0.096,0.849,0.609,0.294,0.492823286600108,
HRV,2016,3.46646114288178,4.38389195513915,4106867.0,13080.0,62.646,98.98699951171874,Croatia,Europe & Central Asia,High income,12820.1653893008,5.417,0.798,69.0,0.672,-0.065,0.884,0.614,0.337,0.47242683872321456,
HRV,2017,3.28396321643012,4.975951505538329,4041407.0,13350.0,62.406,99.0114288330078,Croatia,Europe & Central Asia,High income,13901.7878144679,5.343,0.77,69.6,0.716,-0.104,0.892,0.655,0.316,0.4635550450008056,
HRV,2018,2.91107593407843,0.626149149168847,3988775.0,14670.0,62.443,99.35333336724173,Croatia,Europe & Central Asia,High income,15460.3669595491,5.536,0.91,70.2,0.691,-0.151,0.925,0.582,0.29,0.5193110643417886,
HRV,2019,3.10152683894853,2.30237251516834,3949390.0,15800.0,62.940999999999995,99.30023165921833,Croatia,Europe & Central Asia,High income,15563.5987295029,5.626,0.936,70.8,0.739,-0.137,0.932,0.551,0.269,0.5357424916652109,
HRV,2020,-8.31086401501189,5.601887914822241,3914206.0,15130.0,61.454,99.45147404812847,Croatia,Europe & Central Asia,High income,14807.5608543265,6.508,0.923,71.4,0.837,-0.063,0.961,0.743,0.286,0.5131094706848852,
HRV,2021,12.6322190351024,5.13320340824963,3878981.0,17420.0,60.416999999999994,99.42232857194668,Croatia,Europe & Central Asia,High income,17788.7865816658,5.882,0.924,71.4,0.754,-0.118,0.939,0.743,0.286,0.4692610569346312,
HRV,2022,7.29445343642668,13.7121023720065,3855641.0,19370.0,65.617,99.63800048828124,Croatia,Europe & Central Asia,High income,18465.5414420364,5.882,0.924,71.4,0.754,-0.118,0.939,0.743,0.286,0.5331095037467455,
HRV,2023,3.76164540703459,-4.64470870797775,3859686.0,20750.0,66.035,99.34666570027669,Croatia,Europe & Central Asia,High income,22184.2279304842,5.882,0.924,71.4,0.754,-0.118,0.939,0.743,0.286,0.6581607265182917,
HRV,2024,3.82688702890739,-6.60118564073726,3866200.0,22250.0,66.035,99.36666615804036,Croatia,Europe & Central Asia,High income,24050.4397933135,5.882,0.924,71.4,0.754,-0.118,0.939,0.743,0.286,0.6718677650718119,
HTI,2015,1.40000000859727,-0.661709164713742,10523242.0,15169.791666666666,62.27000000000001,68.0100021362305,Haiti,Latin America & Caribbean ,Lower middle income,1411.12684746796,3.57,0.564,55.1,0.398,0.306,0.777,0.619,0.333,0.3058636994911841,
HTI,2016,1.81246807847532,4.38389195513915,10671457.0,14672.916666666666,62.646,68.0100021362305,Haiti,Latin America & Caribbean ,Lower middle income,1318.40268167953,3.352,0.584,55.3,0.304,0.291,0.839,0.553,0.367,0.25684246043625236,
HTI,2017,2.51027134544685,4.975951505538329,10817754.0,14806.666666666666,62.406,68.0100021362305,Haiti,Latin America & Caribbean ,Lower middle income,1395.23945184461,3.824,0.647,55.5,0.484,0.381,0.647,0.573,0.322,0.33185371420861504,
HTI,2018,1.66781095484656,0.626149149168847,10962362.0,15612.916666666666,62.443,68.0100021362305,Haiti,Latin America & Caribbean ,Lower middle income,1496.38048970156,3.615,0.538,55.7,0.591,0.422,0.72,0.584,0.359,0.3403869158694515,
HTI,2019,-1.72309699839232,2.30237251516834,11105163.0,16256.458333333334,62.940999999999995,68.0100021362305,Haiti,Latin America & Caribbean ,Lower middle income,1352.17204191532,3.615,0.5386666666666667,55.7,0.5916666666666667,0.422,0.7203333333333333,0.584,0.359,0.34125072694002967,
HTI,2020,-3.30550546965893,5.601887914822241,11243848.0,15125.833333333334,61.454,68.0100021362305,Haiti,Latin America & Caribbean ,Lower middle income,1290.32538667383,3.615,0.5393333333333333,55.7,0.5923333333333333,0.422,0.7206666666666667,0.584,0.359,0.28803154108482476,
HTI,2021,-1.79823988931486,5.13320340824963,11374586.0,16642.708333333332,60.416999999999994,68.0100021362305,Haiti,Latin America & Caribbean ,Lower middle income,1841.33189337222,3.615,0.54,55.7,0.593,0.422,0.721,0.584,0.359,0.2685499162145101,
HTI,2022,-1.68198396897978,13.7121023720065,11503606.0,17961.25,65.617,68.0100021362305,Haiti,Latin America & Caribbean ,Lower middle income,1760.62635668777,3.615,0.54,55.7,0.593,0.422,0.721,0.584,0.359,0.3313875501753246,
HTI,2023,-1.86388420254838,-4.64470870797775,11637398.0,18600.0,66.035,68.0100021362305,Haiti,Latin America & Caribbean ,Lower middle income,1705.75808460999,3.615,0.54,55.7,0.593,0.422,0.721,0.584,0.359,0.4536005377982957,
HTI,2024,-4.16963395808132,-6.60118564073726,11772557.0,19142.916666666668,66.035,68.0100021362305,Haiti,Latin America & Caribbean ,Lower middle income,2142.62330526788,3.615,0.54,55.7,0.593,0.422,0.721,0.584,0.359,0.4660227786381723,
HUN,2015,3.65981615406955,-0.661709164713742,9797755.0,15169.791666666666,62.27000000000001,99.48833338419594,Hungary,Europe & Central Asia,High income,12782.9412577973,5.344,0.859,66.4,0.558,-0.198,0.908,0.707,0.245,0.48349322977957754,
HUN,2016,2.43864141309342,4.38389195513915,9759755.0,14672.916666666666,62.646,98.98699951171874,Hungary,Europe & Central Asia,High income,13215.8605277789,5.449,0.9,66.8,0.554,-0.187,0.924,0.666,0.243,0.4689157150061271,
HUN,2017,4.12418389451805,4.975951505538329,9726756.0,14806.666666666666,62.406,99.0114288330078,Hungary,Europe & Central Asia,High income,14736.1668157258,6.065,0.877,67.2,0.661,-0.139,0.886,0.735,0.181,0.49503473671317,
HUN,2018,5.60613813768876,0.626149149168847,9706964.0,15612.916666666666,62.443,99.35333336724173,Hungary,Europe & Central Asia,High income,16605.0570511887,5.936,0.941,67.6,0.693,-0.243,0.911,0.676,0.201,0.5385185832474255,
HUN,2019,5.07718495088933,2.30237251516834,9694824.0,16256.458333333334,62.940999999999995,99.30023165921833,Hungary,Europe & Central Asia,High income,17012.8598553199,6.0,0.947,68.0,0.798,-0.195,0.884,0.743,0.18,0.5653204151296249,
HUN,2020,-4.33872540024058,5.601887914822241,9670419.0,15125.833333333334,61.454,99.45147404812847,Hungary,Europe & Central Asia,High income,16386.9308821258,6.038,0.943,68.4,0.771,-0.12,0.836,0.735,0.24,0.513189151466263,
HUN,2021,7.22291580811137,5.13320340824963,9630932.0,16642.708333333332,60.416999999999994,99.42232857194668,Hungary,Europe & Central Asia,High income,19030.628130329,5.992,0.943,68.4,0.755,-0.186,0.876,0.735,0.24,0.4858275307996942,
HUN,2022,4.15238057779229,13.7121023720065,9605074.0,17961.25,65.617,99.63800048828124,Hungary,Europe & Central Asia,High income,18428.028825614,5.992,0.943,68.4,0.755,-0.186,0.876,0.735,0.24,0.5485548067515379,
HUN,2023,-0.817107370513455,-4.64470870797775,9592186.0,18600.0,66.035,99.34666570027669,Hungary,Europe & Central Asia,High income,22230.6277875187,5.992,0.943,68.4,0.755,-0.186,0.876,0.735,0.24,0.6736795667988601,
HUN,2024,0.560117843140432,-6.60118564073726,9562065.0,19142.916666666668,66.035,99.36666615804036,Hungary,Europe & Central Asia,High income,23292.3263882478,5.992,0.943,68.4,0.755,-0.186,0.876,0.735,0.24,0.6866815645976121,
IDN,2015,4.87632230022123,-0.661709164713742,261799249.0,15169.791666666666,62.27000000000001,95.379997253418,Indonesia,East Asia & Pacific,Upper middle income,3288.22269725538,5.043,0.809,61.5,0.779,0.471,0.946,0.876,0.274,0.4861162480375212,
IDN,2016,5.03306918280177,4.38389195513915,264627418.0,14672.916666666666,62.646,95.379997253418,Indonesia,East Asia & Pacific,Upper middle income,3521.46943457574,5.136,0.792,61.7,0.83,0.5,0.89,0.833,0.342,0.4790021027429036,
IDN,2017,5.06978590134916,4.975951505538329,267346658.0,14806.666666666666,62.406,95.379997253418,Indonesia,East Asia & Pacific,Upper middle income,3798.88326174526,5.098,0.796,61.9,0.865,0.488,0.9,0.863,0.319,0.4753546424420778,
IDN,2018,5.17429153955024,0.626149149168847,269951846.0,15612.916666666666,62.443,95.6600036621094,Indonesia,East Asia & Pacific,Upper middle income,3860.95353090726,5.34,0.809,62.1,0.879,0.512,0.868,0.864,0.296,0.518752263066817,
IDN,2019,5.01928768046282,2.30237251516834,272489381.0,16256.458333333334,62.940999999999995,95.6600036621094,Indonesia,East Asia & Pacific,Upper middle income,4106.94856160358,5.347,0.802,62.3,0.866,0.555,0.861,0.877,0.302,0.5169090263382008,
IDN,2020,-2.06551182934165,5.601887914822241,274814866.0,15125.833333333334,61.454,96.0,Indonesia,East Asia & Pacific,Upper middle income,3853.70288774146,5.346,0.8065,62.3,0.8694999999999999,0.5485,0.864,0.877,0.302,0.46505149202868146,
IDN,2021,3.70288562827751,5.13320340824963,276758053.0,16642.708333333332,60.416999999999994,96.0,Indonesia,East Asia & Pacific,Upper middle income,4287.17313995098,5.345,0.811,62.3,0.873,0.542,0.867,0.877,0.302,0.44644920879172173,
IDN,2022,5.30719722664799,13.7121023720065,278830529.0,17961.25,65.617,96.0,Indonesia,East Asia & Pacific,Upper middle income,4730.83484836107,5.345,0.811,62.3,0.873,0.542,0.867,0.877,0.302,0.5097463756100706,
IDN,2023,5.04902331835997,-4.64470870797775,281190067.0,18600.0,66.035,96.0,Indonesia,East Asia & Pacific,Upper middle income,4876.30774512252,5.345,0.811,62.3,0.873,0.542,0.867,0.877,0.302,0.632134933600298,
IDN,2024,5.03034469419038,-6.60118564073726,283487931.0,19142.916666666668,66.035,96.0,Indonesia,East Asia & Pacific,Upper middle income,4925.43048751861,5.345,0.811,62.3,0.873,0.542,0.867,0.877,0.302,0.6442173736408495,
IMN,2015,-0.385866882198087,-0.661709164713742,83593.0,15169.791666666666,62.27000000000001,99.48833338419594,Isle of Man,Europe & Central Asia,High income,84753.5187422732,5.923304347826087,0.8491304347826087,64.17878787878789,0.7425217391304347,-0.007820895522388061,0.6769999999999999,0.7155820895522389,0.28932835820895525,0.6229565530238032,
IMN,2016,6.95230284899407,4.38389195513915,83466.0,14672.916666666666,62.646,98.98699951171874,Isle of Man,Europe & Central Asia,High income,82025.9454509241,5.927037037037037,0.8699259259259259,64.37011494252873,0.7541111111111112,-0.0018764044943820227,0.7020740740740741,0.7212584269662922,0.29167415730337076,0.6004710275309884,
IMN,2017,2.83775807093689,4.975951505538329,83609.0,14806.666666666666,62.406,99.0114288330078,Isle of Man,Europe & Central Asia,High income,83481.3038489014,6.0480833333333335,0.8572083333333333,64.38095238095238,0.7631666666666667,-0.024639534883720927,0.67975,0.7078139534883721,0.30296511627906975,0.5974439382792183,
IMN,2018,2.2133975392251,0.626149149168847,83805.0,15612.916666666666,62.443,99.35333336724173,Isle of Man,Europe & Central Asia,High income,89393.8244248812,6.2051346153846145,0.8825576923076923,64.60860215053764,0.7892307692307692,-0.02255964912280702,0.6894230769230769,0.7131894736842105,0.30396842105263155,0.6434054789959862,
IMN,2019,0.254877847398262,2.30237251516834,83957.0,16256.458333333334,62.940999999999995,99.30023165921833,Isle of Man,Europe & Central Asia,High income,87127.5517977404,6.236365384615384,0.8888653846153847,65.14725274725275,0.8146538461538462,-0.016412186379928313,0.66475,0.707263440860215,0.3015913978494624,0.6522434261144241,
IMN,2020,-8.83681697473475,5.601887914822241,84064.0,15125.833333333334,61.454,99.45147404812847,Isle of Man,Europe & Central Asia,High income,79513.5330346598,6.376291666666667,0.8960625000000001,65.38192771084337,0.8193333333333334,-0.01115294117647059,0.6385,0.7156823529411764,0.3079294117647059,0.6016313318848677,
IMN,2021,3.83783632334639,5.13320340824963,84106.0,16642.708333333332,60.416999999999994,99.42232857194668,Isle of Man,Europe & Central Asia,High income,94299.969348965,6.213107142857143,0.8877142857142858,65.29277108433735,0.80375,-0.028172413793103448,0.6798214285714286,0.7104941176470588,0.30934117647058823,0.5803038790282815,
IMN,2022,-4.16539345213232,13.7121023720065,84132.0,17961.25,65.617,99.63800048828124,Isle of Man,Europe & Central Asia,High income,88328.548125887,6.286079999999999,0.8908,65.1280487804878,0.81432,-0.012726190476190476,0.66176,0.7149642857142857,0.307,0.6450708234339617,
IMN,2023,-4.16539345213232,-4.64470870797775,84165.0,18600.0,66.035,99.34666570027669,Isle of Man,Europe & Central Asia,High income,88328.548125887,6.292695652173913,0.8890869565217391,65.38333333333333,0.8102173913043478,-0.030569620253164557,0.6615652173913044,0.7185443037974684,0.3077974683544304,0.7659065562581491,
IMN,2024,-4.16539345213232,-6.60118564073726,84160.0,19142.916666666668,66.035,99.36666615804036,Isle of Man,Europe & Central Asia,High income,88328.548125887,6.292695652173913,0.8890869565217391,65.49866666666667,0.8102173913043478,-0.03577922077922078,0.6615652173913044,0.7204675324675325,0.3068441558441558,0.7779781271540053,
IND,2015,7.99625378571471,-0.661709164713742,1328024498.0,15169.791666666666,62.27000000000001,73.6975430256976,India,South Asia,Lower middle income,1583.99815907985,4.342,0.61,58.9,0.777,-0.005,0.776,0.701,0.322,0.4126496931517284,
IND,2016,8.25630550179086,4.38389195513915,1343944296.0,14672.916666666666,62.646,73.6975430256976,India,South Asia,Lower middle income,1707.50892912243,4.179,0.614,59.3,0.82,0.046,0.765,0.695,0.346,0.3966705702505526,
IND,2017,6.79538341897911,4.975951505538329,1359657400.0,14806.666666666666,62.406,73.6975430256976,India,South Asia,Lower middle income,1950.10468280866,4.046,0.607,59.7,0.886,-0.042,0.781,0.682,0.318,0.393285111695828,
IND,2018,6.45385134497769,0.626149149168847,1374659064.0,15612.916666666666,62.443,73.6975430256976,India,South Asia,Lower middle income,1966.25455171679,3.818,0.638,60.1,0.89,0.085,0.805,0.657,0.357,0.4200394179803149,
IND,2019,3.87143694070356,2.30237251516834,1389030312.0,16256.458333333334,62.940999999999995,74.9084268267486,India,South Asia,Lower middle income,2041.42863698585,3.249,0.561,60.5,0.876,0.112,0.752,0.648,0.466,0.39754381512863707,
IND,2020,-5.77772470686801,5.601887914822241,1402617695.0,15125.833333333334,61.454,75.5437727049002,India,South Asia,Lower middle income,1907.04251637669,4.225,0.617,60.9,0.906,0.075,0.78,0.752,0.383,0.381267374499049,
IND,2021,9.68959249192875,5.13320340824963,1414203896.0,16642.708333333332,60.416999999999994,76.0715766188242,India,South Asia,Lower middle income,2239.61384367482,3.819,0.603,60.9,0.893,0.089,0.774,0.752,0.383,0.34834686463523645,
IND,2022,7.60936497768895,13.7121023720065,1425423212.0,17961.25,65.617,76.3199996948242,India,South Asia,Lower middle income,2347.44829434623,3.819,0.603,60.9,0.893,0.089,0.774,0.752,0.383,0.4117494293785696,
IND,2023,9.19075493028345,-4.64470870797775,1438069596.0,18600.0,66.035,81.6999969482422,India,South Asia,Lower middle income,2530.12031278204,3.819,0.603,60.9,0.893,0.089,0.774,0.752,0.383,0.5428267803062469,
IND,2024,6.49476552383821,-6.60118564073726,1450935791.0,19142.916666666668,66.035,81.6999969482422,India,South Asia,Lower middle income,2694.73780859961,3.819,0.603,60.9,0.893,0.089,0.774,0.752,0.383,0.5550104349717897,
IRL,2015,24.6239856364006,-0.661709164713742,4701957.0,15169.791666666666,62.27000000000001,99.48833338419594,Ireland,Europe & Central Asia,High income,64250.1385181257,6.83,0.953,72.0,0.892,0.233,0.409,0.799,0.225,0.712572339397197,
IRL,2016,1.22271661130947,4.38389195513915,4762722.0,14672.916666666666,62.646,98.98699951171874,Ireland,Europe & Central Asia,High income,64129.5571542383,7.041,0.958,72.1,0.875,0.174,0.399,0.809,0.211,0.6931064620493119,
IRL,2017,10.1088576065965,4.975951505538329,4827445.0,14806.666666666666,62.406,99.0114288330078,Ireland,Europe & Central Asia,High income,72161.4047531385,7.06,0.943,72.2,0.905,0.216,0.337,0.833,0.213,0.7022887945578122,
IRL,2018,7.68865937437435,0.626149149168847,4898022.0,15612.916666666666,62.443,99.35333336724173,Ireland,Europe & Central Asia,High income,80804.1123164826,6.962,0.938,72.3,0.861,0.144,0.362,0.811,0.213,0.7231756043590141,
IRL,2019,4.97288003766816,2.30237251516834,4976456.0,16256.458333333334,62.940999999999995,99.30023165921833,Ireland,Europe & Central Asia,High income,81827.6688873996,7.255,0.944,72.4,0.892,0.074,0.373,0.807,0.223,0.7369198567692579,
IRL,2020,7.15369505735335,5.601887914822241,5039747.0,15125.833333333334,61.454,99.45147404812847,Ireland,Europe & Central Asia,High income,86514.0706108754,7.035,0.96,72.5,0.882,0.014,0.356,0.797,0.246,0.6869147715854249,
IRL,2021,16.2581881158197,5.13320340824963,5110585.0,16642.708333333332,60.416999999999994,99.42232857194668,Ireland,Europe & Central Asia,High income,103783.446284479,7.085,0.947,72.5,0.879,0.077,0.363,0.797,0.246,0.6785636186007066,
IRL,2022,7.51113888415304,13.7121023720065,5212836.0,17961.25,65.617,99.63800048828124,Ireland,Europe & Central Asia,High income,105190.685952731,7.085,0.947,72.5,0.879,0.077,0.363,0.797,0.246,0.7430522308203504,
IRL,2023,-2.53637409313261,-4.64470870797775,5311538.0,18600.0,66.035,99.34666570027669,Ireland,Europe & Central Asia,High income,106818.917130804,7.085,0.947,72.5,0.879,0.077,0.363,0.797,0.246,0.8662714686399166,
IRL,2024,2.59946721553708,-6.60118564073726,5395790.0,19142.916666666668,66.035,99.36666615804036,Ireland,Europe & Central Asia,High income,112894.953240805,7.085,0.947,72.5,0.879,0.077,0.363,0.797,0.246,0.8836678157536454,
IRN,2015,-1.42488493937503,-0.661709164713742,82619362.0,15169.791666666666,62.27,85.5400009155273,"Iran, Islamic Rep.","Middle East, North Africa, Afghanistan & Pakistan",Upper middle income,4952.73355532178,4.75,0.572,65.1,0.78,0.176,0.699,0.645,0.52,0.446557149752771,
IRN,2016,8.8150866425182,4.38389195513915,83812228.0,14672.916666666666,62.646,85.5400009155273,"Iran, Islamic Rep.","Middle East, North Africa, Afghanistan & Pakistan",Upper middle income,5710.59947089104,4.653,0.566,65.4,0.773,0.186,0.713,0.687,0.526,0.41781500197445537,
IRN,2017,3.02685468694025,4.97595150553833,85026754.0,14806.666666666666,62.406,85.9467259623201,"Iran, Islamic Rep.","Middle East, North Africa, Afghanistan & Pakistan",Upper middle income,6000.93346404409,4.717,0.714,65.7,0.731,0.218,0.715,0.694,0.439,0.43594126248663584,
IRN,2018,-3.74796015711334,0.626149149168847,86117998.0,15612.916666666666,62.443,86.8687468655024,"Iran, Islamic Rep.","Middle East, North Africa, Afghanistan & Pakistan",Upper middle income,4783.01067340237,4.278,0.674,66.0,0.603,0.218,0.703,0.553,0.493,0.4232542885429052,
IRN,2019,-2.36143538770575,2.30237251516834,87051648.0,16256.458333333334,62.941,87.3787031852537,"Iran, Islamic Rep.","Middle East, North Africa, Afghanistan & Pakistan",Upper middle income,3997.4935449585,5.006,0.698,66.3,0.623,0.218,0.728,0.6,0.449,0.44623010776939287,
IRN,2020,4.44180865358672,5.60188791482224,87723443.0,15125.833333333334,61.454,87.9027874156509,"Iran, Islamic Rep.","Middle East, North Africa, Afghanistan & Pakistan",Upper middle income,3202.50003502169,4.865,0.757,66.6,0.6,0.218,0.71,0.582,0.47,0.4010721783587231,
IRN,2021,4.13089685034471,5.13320340824963,88455488.0,16642.708333333332,60.417,88.4554880174224,"Iran, Islamic Rep.","Middle East, North Africa, Afghanistan & Pakistan",Upper middle income,4605.14881318992,4.721,0.71,66.6,0.608,0.218,0.714,0.582,0.47,0.370263703257042,
IRN,2022,4.35281087521344,13.7121023720065,89524246.0,17961.25,65.617,88.5939994931719,"Iran, Islamic Rep.","Middle East, North Africa, Afghanistan & Pakistan",Upper middle income,4721.20437099984,4.721,0.71,66.6,0.608,0.218,0.714,0.582,0.47,0.43349662940215344,
IRN,2023,5.33235117216407,-4.64470870797775,90608707.0,18600.0,66.035,88.9233339833467,"Iran, Islamic Rep.","Middle East, North Africa, Afghanistan & Pakistan",Upper middle income,5049.29931642754,4.721,0.71,66.6,0.608,0.218,0.714,0.582,0.47,0.556575115069858,
IRN,2024,3.66312056830718,-6.60118564073726,91567738.0,19142.916666666668,66.035,88.9233339833467,"Iran, Islamic Rep.","Middle East, North Africa, Afghanistan & Pakistan",Upper middle income,5190.16959024821,4.721,0.71,66.6,0.608,0.218,0.714,0.582,0.47,0.5687379586933595,
IRQ,2015,2.60676642939541,-0.661709164713742,37560535.0,15169.791666666666,62.27,83.3000030517578,Iraq,"Middle East, North Africa, Afghanistan & Pakistan",Upper middle income,4440.14189252367,4.493,0.684,58.4,0.599,0.019,0.762,0.49,0.581,0.4195873341173715,
IRQ,2016,13.7873730187089,4.38389195513915,38469627.0,14672.916666666666,62.646,83.3000030517578,Iraq,"Middle East, North Africa, Afghanistan & Pakistan",Upper middle income,4334.42096404188,4.413,0.719,59.0,0.666,-0.052,0.799,0.489,0.57,0.41000885005342047,
IRQ,2017,-1.81975035118309,4.97595150553833,39337353.0,14806.666666666666,62.406,85.5999984741211,Iraq,"Middle East, North Africa, Afghanistan & Pakistan",Upper middle income,4759.2846435467,4.462,0.695,59.6,0.628,0.0,0.757,0.505,0.591,0.39964572043182367,
IRQ,2018,2.63385099105624,0.626149149168847,40265624.0,15612.916666666666,62.443,85.5999984741211,Iraq,"Middle East, North Africa, Afghanistan & Pakistan",Upper middle income,5646.68932074742,4.886,0.764,60.2,0.598,-0.068,0.887,0.605,0.482,0.4296361296081299,
IRQ,2019,5.51379057542323,2.30237251516834,41192171.0,16256.458333333334,62.941,85.5999984741211,Iraq,"Middle East, North Africa, Afghanistan & Pakistan",Upper middle income,5671.8568632942,4.8355,0.736,60.8,0.649,-0.044500000000000005,0.868,0.6245,0.507,0.435052111771846,
IRQ,2020,-12.0367930931152,5.60188791482224,42116605.0,15125.833333333334,61.454,85.5999984741211,Iraq,"Middle East, North Africa, Afghanistan & Pakistan",Upper middle income,4295.18945121228,4.785,0.708,61.4,0.7,-0.021,0.849,0.644,0.532,0.385084410937656,
IRQ,2021,1.50218070952037,5.13320340824963,43071211.0,16642.708333333332,60.417,84.0588635813164,Iraq,"Middle East, North Africa, Afghanistan & Pakistan",Upper middle income,4868.49431080783,4.854,0.746,61.4,0.63,-0.053,0.875,0.644,0.532,0.3564737488868764,
IRQ,2022,7.95904804992662,13.7121023720065,44070551.0,17961.25,65.617,84.0588635813164,Iraq,"Middle East, North Africa, Afghanistan & Pakistan",Upper middle income,6520.73154560584,4.854,0.746,61.4,0.63,-0.053,0.875,0.644,0.532,0.42083005921653865,
IRQ,2023,0.517705525131191,-4.64470870797775,45074049.0,18600.0,66.035,84.0588635813164,Iraq,"Middle East, North Africa, Afghanistan & Pakistan",Upper middle income,5965.31835077761,4.854,0.746,61.4,0.63,-0.053,0.875,0.644,0.532,0.5426043908387246,
IRQ,2024,-1.54525198318304,-6.60118564073726,46042015.0,19142.916666666668,66.035,84.0588635813164,Iraq,"Middle East, North Africa, Afghanistan & Pakistan",Upper middle income,6073.61032342708,4.854,0.746,61.4,0.63,-0.053,0.875,0.644,0.532,0.5547386842429458,
ISL,2015,3.76859023848581,-0.661709164713742,330815.0,15169.791666666666,62.27000000000001,99.48833338419594,Iceland,Europe & Central Asia,High income,53505.6964079339,7.498,0.98,73.0,0.94,0.301,0.639,0.849,0.18,0.7017101628612133,
ISL,2016,6.21808764217616,4.38389195513915,335439.0,14672.916666666666,62.646,98.98699951171874,Iceland,Europe & Central Asia,High income,62854.0906407932,7.51,0.985,73.0,0.952,0.281,0.719,0.874,0.158,0.6790804665470045,
ISL,2017,3.48506703916689,4.975951505538329,343400.0,14806.666666666666,62.406,99.0114288330078,Iceland,Europe & Central Asia,High income,72976.3729990975,7.476,0.967,73.0,0.939,0.246,0.727,0.895,0.148,0.6707727485482246,
ISL,2018,4.66077032612084,0.626149149168847,352721.0,15612.916666666666,62.443,99.35333336724173,Iceland,Europe & Central Asia,High income,75633.8651351915,7.5045,0.9744999999999999,73.0,0.949,0.21733333333333332,0.713,0.8654999999999999,0.16299999999999998,0.7072960835788964,
ISL,2019,1.13821230465001,2.30237251516834,360563.0,16256.458333333334,62.940999999999995,99.30023165921833,Iceland,Europe & Central Asia,High income,69296.3144361601,7.533,0.982,73.0,0.959,0.18866666666666668,0.699,0.836,0.178,0.7084764142906514,
ISL,2020,-6.64587816297836,5.601887914822241,366463.0,15125.833333333334,61.454,99.45147404812847,Iceland,Europe & Central Asia,High income,60127.9393575616,7.575,0.983,73.0,0.949,0.16,0.644,0.863,0.172,0.6541360321105647,
ISL,2021,5.1805719742238,5.13320340824963,372520.0,16642.708333333332,60.416999999999994,99.42232857194668,Iceland,Europe & Central Asia,High income,70425.4064277273,7.554,0.983,73.0,0.955,0.16,0.673,0.863,0.172,0.6395937940586316,
ISL,2022,8.82069395623492,13.7121023720065,382003.0,17961.25,65.617,99.63800048828124,Iceland,Europe & Central Asia,High income,76350.4550416502,7.554,0.983,73.0,0.955,0.16,0.673,0.863,0.172,0.7080416193565526,
ISL,2023,5.18615760140189,-4.64470870797775,385663.0,18600.0,66.035,99.34666570027669,Iceland,Europe & Central Asia,High income,82138.7892973557,7.554,0.983,73.0,0.955,0.16,0.673,0.863,0.172,0.834906592245931,
ISL,2024,-0.970676468918384,-6.60118564073726,386506.0,19142.916666666668,66.035,99.36666615804036,Iceland,Europe & Central Asia,High income,86040.5309851288,7.554,0.983,73.0,0.955,0.16,0.673,0.863,0.172,0.8503974814228521,
ISR,2015,2.23760317482488,-0.661709164713742,8380100.0,15169.791666666666,62.27,78.216093305177,Israel,"Middle East, North Africa, Afghanistan & Pakistan",High income,36213.1041481958,7.079,0.864,72.7,0.753,0.108,0.789,0.697,0.256,0.5623228267778703,
ISR,2016,4.45978271860821,4.38389195513915,8546000.0,14672.916666666666,62.646,80.85950872168073,Israel,"Middle East, North Africa, Afghanistan & Pakistan",High income,37671.5389138798,7.159,0.89,72.9,0.772,0.153,0.804,0.629,0.263,0.5541828820080115,
ISR,2017,4.3469311670646,4.97595150553833,8713300.0,14806.666666666666,62.406,83.18211673771958,Israel,"Middle East, North Africa, Afghanistan & Pakistan",High income,41138.470964272,7.331,0.916,73.1,0.768,0.145,0.793,0.674,0.276,0.5623920272136844,
ISR,2018,4.00389862187025,0.626149149168847,8882800.0,15612.916666666666,62.443,82.58460844633235,Israel,"Middle East, North Africa, Afghanistan & Pakistan",High income,42362.6652754196,6.927,0.91,73.3,0.725,0.055,0.77,0.663,0.282,0.5748420102786999,
ISR,2019,3.71049632750405,2.30237251516834,9054000.0,16256.458333333334,62.941,81.74179423809497,Israel,"Middle East, North Africa, Afghanistan & Pakistan",High income,44250.6313628073,7.332,0.946,73.5,0.834,0.085,0.743,0.635,0.266,0.616773163778227,
ISR,2020,-2.02161548237589,5.60188791482224,9215100.0,15125.833333333334,61.454,86.24193408380216,Israel,"Middle East, North Africa, Afghanistan & Pakistan",High income,44575.5719045492,7.195,0.959,73.7,0.831,-0.049,0.748,0.621,0.243,0.5694455168914054,
ISR,2021,9.38837403354628,5.13320340824963,9371400.0,16642.708333333332,60.417,83.44939966045348,Israel,"Middle East, North Africa, Afghanistan & Pakistan",High income,52270.9040241956,7.157,0.939,73.7,0.8,0.031,0.753,0.621,0.243,0.5398401784513353,
ISR,2022,6.26326343841286,13.7121023720065,9557500.0,17961.25,65.617,86.23882656335815,Israel,"Middle East, North Africa, Afghanistan & Pakistan",High income,54949.621556429,7.157,0.939,73.7,0.8,0.031,0.753,0.621,0.243,0.6095841244827325,
ISR,2023,1.82652049482384,-4.64470870797775,9849000.0,18600.0,66.035,83.33984642802096,Israel,"Middle East, North Africa, Afghanistan & Pakistan",High income,52003.7200729997,7.157,0.939,73.7,0.8,0.031,0.753,0.621,0.243,0.7245991959543994,
ISR,2024,0.871968424377442,-6.60118564073726,9974400.0,19142.916666666668,66.035,86.34041703504231,Israel,"Middle East, North Africa, Afghanistan & Pakistan",High income,54176.6844383302,7.157,0.939,73.7,0.8,0.031,0.753,0.621,0.243,0.7433706733683297,
ITA,2015,0.885667635240807,-0.661709164713742,60229605.0,15169.791666666666,62.27000000000001,99.3499984741211,Italy,Europe & Central Asia,High income,30639.8829751432,5.848,0.909,73.0,0.575,-0.064,0.913,0.692,0.329,0.5238498038065165,
ITA,2016,1.23622108511661,4.38389195513915,60115223.0,14672.916666666666,62.646,99.3499984741211,Italy,Europe & Central Asia,High income,31391.5692898108,5.955,0.927,73.2,0.624,-0.081,0.903,0.685,0.339,0.5186057937706707,
ITA,2017,1.60369995294101,4.975951505538329,60002252.0,14806.666666666666,62.406,99.3499984741211,Italy,Europe & Central Asia,High income,32844.115660604,6.199,0.92,73.4,0.633,-0.035,0.867,0.661,0.323,0.5214452397660599,
ITA,2018,0.826646712344115,0.626149149168847,60148658.0,15612.916666666666,62.443,99.3499984741211,Italy,Europe & Central Asia,High income,34904.1081923834,6.517,0.913,73.6,0.65,-0.021,0.888,0.649,0.403,0.5567602809003076,
ITA,2019,0.429162533780342,2.30237251516834,59729081.0,16256.458333333334,62.940999999999995,99.3499984741211,Italy,Europe & Central Asia,High income,33812.788724868,6.445,0.838,73.8,0.709,-0.082,0.866,0.631,0.328,0.5521921730332351,
ITA,2020,-8.86822122185345,5.601887914822241,59438851.0,15125.833333333334,61.454,99.3499984741211,Italy,Europe & Central Asia,High income,32091.4866621366,6.488,0.89,74.0,0.718,-0.15,0.844,0.67,0.311,0.5144299693402037,
ITA,2021,8.93106210800055,5.13320340824963,59133173.0,16642.708333333332,60.416999999999994,99.3499984741211,Italy,Europe & Central Asia,High income,36852.5425414951,6.483,0.88,74.0,0.693,-0.084,0.866,0.67,0.311,0.48848978743896765,
ITA,2022,4.82117669913565,13.7121023720065,59013667.0,17961.25,65.617,99.3499984741211,Italy,Europe & Central Asia,High income,35653.9042103495,6.483,0.88,74.0,0.693,-0.084,0.866,0.67,0.311,0.550347713272747,
ITA,2023,0.975694840127005,-4.64470870797775,58984216.0,18600.0,66.035,99.3499984741211,Italy,Europe & Central Asia,High income,39277.0838783918,6.483,0.88,74.0,0.693,-0.084,0.866,0.67,0.311,0.6757839836157649,
ITA,2024,0.692676948440536,-6.60118564073726,58952704.0,19142.916666666668,66.035,99.3499984741211,Italy,Europe & Central Asia,High income,40385.3413957669,6.483,0.88,74.0,0.693,-0.084,0.866,0.67,0.311,0.6887946037328052,
JAM,2015,0.92148712399856,-0.661709164713742,2802534.0,15169.791666666666,62.27000000000001,90.1499993460519,Jamaica,Latin America & Caribbean ,Upper middle income,5339.30718256806,5.89,0.913,67.1,0.861,-0.13,0.883,0.769,0.243,0.5453795445651726,
JAM,2016,2.76043761369557,4.38389195513915,2809915.0,14672.916666666666,62.646,91.65631505062707,Jamaica,Latin America & Caribbean ,Upper middle income,5302.29553353854,5.89,0.913,67.1,0.861,-0.13,0.883,0.769,0.243,0.5250880268716903,
JAM,2017,2.29303371291363,4.975951505538329,2815764.0,14806.666666666666,62.406,91.48430033264317,Jamaica,Latin America & Caribbean ,Upper middle income,5605.43541173019,5.89,0.913,67.1,0.861,-0.13,0.883,0.769,0.243,0.5160936403388229,
JAM,2018,2.51584458612513,0.626149149168847,2820097.0,15612.916666666666,62.443,91.47924112068334,Jamaica,Latin America & Caribbean ,Upper middle income,5976.90362644337,6.0995,0.8955,67.3,0.876,-0.1335,0.884,0.7605,0.219,0.5474997450258813,
JAM,2019,1.80943147301357,2.30237251516834,2823271.0,16256.458333333334,62.940999999999995,91.43314889773366,Jamaica,Latin America & Caribbean ,Upper middle income,6030.68896415921,6.309,0.878,67.5,0.891,-0.137,0.885,0.752,0.195,0.5517368380356897,
JAM,2020,-8.30441923583135,5.601887914822241,2830739.0,15125.833333333334,61.454,91.60306755581077,Jamaica,Latin America & Caribbean ,Upper middle income,5299.04530804283,6.309,0.8775,67.5,0.8905000000000001,-0.137,0.8845000000000001,0.752,0.195,0.49784520923981485,
JAM,2021,5.70467978309095,5.13320340824963,2837682.0,16642.708333333332,60.416999999999994,91.09663171723088,Jamaica,Latin America & Caribbean ,Upper middle income,5625.67806271236,6.309,0.877,67.5,0.89,-0.137,0.884,0.752,0.195,0.4769932647379265,
JAM,2022,6.43930323656186,13.7121023720065,2839144.0,17961.25,65.617,91.47427720792334,Jamaica,Latin America & Caribbean ,Upper middle income,6626.47502388538,6.309,0.877,67.5,0.89,-0.137,0.884,0.752,0.195,0.5413862968704579,
JAM,2023,2.74634433906714,-4.64470870797775,2839786.0,18600.0,66.035,91.86376612517199,Jamaica,Latin America & Caribbean ,Upper middle income,7542.40084275345,6.309,0.877,67.5,0.89,-0.137,0.884,0.752,0.195,0.6650767181718328,
JAM,2024,-0.535039063867487,-6.60118564073726,2839175.0,19142.916666666668,66.035,92.12011188823735,Jamaica,Latin America & Caribbean ,Upper middle income,7753.8006955432,6.309,0.877,67.5,0.89,-0.137,0.884,0.752,0.195,0.6777138206173051,
JOR,2015,2.49652879315188,-0.661709164713742,9544729.0,15169.791666666666,62.27,95.4300003051758,Jordan,"Middle East, North Africa, Afghanistan & Pakistan",Lower middle income,4042.75678097555,5.405,0.83,66.2,0.767,-0.046,0.705,0.69,0.305,0.5303920157195393,
JOR,2016,1.9941808493012,4.38389195513915,10006367.0,14672.916666666666,62.646,95.4300003051758,Jordan,"Middle East, North Africa, Afghanistan & Pakistan",Lower middle income,3986.71677010853,5.271,0.82,66.4,0.771,-0.038,0.705,0.641,0.312,0.5031454052511002,
JOR,2017,2.47359815449045,4.97595150553833,10234226.0,14806.666666666666,62.406,95.4300003051758,Jordan,"Middle East, North Africa, Afghanistan & Pakistan",Lower middle income,4065.61628749384,4.808,0.815,66.6,0.766,-0.152,0.705,0.628,0.392,0.4817099462077301,
JOR,2018,1.91907091341564,0.626149149168847,10462306.0,15612.916666666666,62.443,95.4300003051758,Jordan,"Middle East, North Africa, Afghanistan & Pakistan",Lower middle income,4145.43989673265,4.639,0.8,66.8,0.762,-0.186,0.705,0.628,0.392,0.5014850877328927,
JOR,2019,1.75124077866225,2.30237251516834,10671891.0,16256.458333333334,62.941,95.4300003051758,Jordan,"Middle East, North Africa, Afghanistan & Pakistan",Lower middle income,4170.1144003465,4.453,0.793,67.0,0.726,-0.165,0.705,0.628,0.392,0.4898894871846731,
JOR,2020,-1.10275188309046,5.60188791482224,10865228.0,15125.833333333334,61.454,95.4300003051758,Jordan,"Middle East, North Africa, Afghanistan & Pakistan",Lower middle income,4022.0401356135,4.094,0.709,67.2,0.779,-0.15,0.705,0.628,0.392,0.4193903823676483,
JOR,2021,3.65564358999147,5.13320340824963,11066356.0,16642.708333333332,60.417,95.4300003051758,Jordan,"Middle East, North Africa, Afghanistan & Pakistan",Lower middle income,4183.49998326866,4.395,0.767,67.2,0.755,-0.167,0.705,0.628,0.392,0.41458645535510025,
JOR,2022,2.64743514912058,13.7121023720065,11256263.0,17961.25,65.617,95.4300003051758,Jordan,"Middle East, North Africa, Afghanistan & Pakistan",Lower middle income,4332.25159897931,4.395,0.767,67.2,0.755,-0.167,0.705,0.628,0.392,0.4776251756764917,
JOR,2023,2.88408339281683,-4.64470870797775,11439213.0,18600.0,66.035,94.8499984741211,Jordan,"Middle East, North Africa, Afghanistan & Pakistan",Lower middle income,4466.08314208575,4.395,0.767,67.2,0.755,-0.167,0.705,0.628,0.392,0.5990703327108237,
JOR,2024,2.48889409603647,-6.60118564073726,11552876.0,19142.916666666668,66.035,94.8499984741211,Jordan,"Middle East, North Africa, Afghanistan & Pakistan",Lower middle income,4618.09592498567,4.395,0.767,67.2,0.755,-0.167,0.705,0.628,0.392,0.6112429411491285,
JPN,2015,1.56062669680782,-0.661709164713742,127141000.0,15169.791666666666,62.27000000000001,93.25999959309895,Japan,East Asia & Pacific,High income,34960.6393843385,5.88,0.923,74.7,0.832,-0.155,0.654,0.768,0.176,0.6042470768702868,
JPN,2016,0.753826745789127,4.38389195513915,127076000.0,14672.916666666666,62.646,91.57636399702592,Japan,East Asia & Pacific,High income,39375.4731620781,5.955,0.9,74.8,0.836,-0.062,0.698,0.76,0.192,0.5740671142228103,
JPN,2017,1.67533175173359,4.975951505538329,126972000.0,14806.666666666666,62.406,89.47999954223634,Japan,East Asia & Pacific,High income,38834.0529341227,5.911,0.882,74.9,0.849,-0.206,0.659,0.74,0.176,0.563968388802714,
JPN,2018,0.643391023533141,0.626149149168847,126811000.0,15612.916666666666,62.443,95.18924851479568,Japan,East Asia & Pacific,High income,39751.1330982711,5.794,0.886,75.0,0.773,-0.261,0.687,0.703,0.185,0.5819893140940887,
JPN,2019,-0.402169200894946,2.30237251516834,126633000.0,16256.458333333334,62.940999999999995,94.52196506622283,Japan,East Asia & Pacific,High income,40415.9567649547,5.908,0.878,75.1,0.806,-0.255,0.617,0.743,0.194,0.5986969380460276,
JPN,2020,-4.16876457146743,5.601887914822241,126261000.0,15125.833333333334,61.454,95.21292967480102,Japan,East Asia & Pacific,High income,40028.7341726762,6.118,0.887,75.2,0.806,-0.259,0.609,0.742,0.186,0.5539232490786006,
JPN,2021,2.69657404187188,5.13320340824963,125681593.0,16642.708333333332,60.416999999999994,93.14785707559761,Japan,East Asia & Pacific,High income,40094.5599795288,5.94,0.884,75.2,0.796,-0.258,0.638,0.742,0.186,0.5199747034091052,
JPN,2022,0.941998775483285,13.7121023720065,125124989.0,17961.25,65.617,90.60141440229495,Japan,East Asia & Pacific,High income,34065.6438962526,5.94,0.884,75.2,0.796,-0.258,0.638,0.742,0.186,0.5735024609484408,
JPN,2023,1.47503481053384,-4.64470870797775,124516650.0,18600.0,66.035,89.07142748151504,Japan,East Asia & Pacific,High income,33836.1756271617,5.94,0.884,75.2,0.796,-0.258,0.638,0.742,0.186,0.6931007509353807,
JPN,2024,0.104309021773304,-6.60118564073726,123975371.0,19142.916666666668,66.035,88.22333272298177,Japan,East Asia & Pacific,High income,32487.0778047567,5.94,0.884,75.2,0.796,-0.258,0.638,0.742,0.186,0.7025933013096789,
KAZ,2015,1.20000000053288,-0.661709164713742,18084169.0,15169.791666666666,62.27000000000001,99.48833338419594,Kazakhstan,Europe & Central Asia,Upper middle income,10196.1226255982,5.95,0.931,62.8,0.74,-0.037,0.714,0.73,0.174,0.5708228968541516,
KAZ,2016,1.09999999910173,4.38389195513915,18363600.0,14672.916666666666,62.646,98.98699951171874,Kazakhstan,Europe & Central Asia,Upper middle income,7475.56688689424,5.534,0.928,63.4,0.783,-0.036,0.702,0.702,0.155,0.5443971206580314,
KAZ,2017,4.10000000257358,4.975951505538329,18651931.0,14806.666666666666,62.406,99.0114288330078,Kazakhstan,Europe & Central Asia,Upper middle income,8943.08416791984,5.882,0.914,64.0,0.745,-0.035,0.755,0.757,0.171,0.5273130524376851,
KAZ,2018,4.09999999309841,0.626149149168847,18932727.0,15612.916666666666,62.443,99.35333336724173,Kazakhstan,Europe & Central Asia,Upper middle income,9472.48527327758,6.008,0.937,64.6,0.84,-0.098,0.824,0.693,0.162,0.5719094874349158,
KAZ,2019,4.50000000091883,2.30237251516834,19209555.0,16256.458333333334,62.940999999999995,99.30023165921833,Kazakhstan,Europe & Central Asia,Upper middle income,9457.12614657136,6.272,0.951,65.2,0.852,-0.055,0.708,0.787,0.139,0.5996939118858142,
KAZ,2020,-2.49999999628,5.601887914822241,19482117.0,15125.833333333334,61.454,99.45147404812847,Kazakhstan,Europe & Central Asia,Upper middle income,8781.50797787648,6.168,0.966,65.8,0.872,-0.056,0.661,0.684,0.15,0.5570068068672498,
KAZ,2021,4.29999999729456,5.13320340824963,19743603.0,16642.708333333332,60.416999999999994,99.42232857194668,Kazakhstan,Europe & Central Asia,Upper middle income,9983.60103576902,6.152,0.952,65.8,0.853,-0.069,0.733,0.684,0.15,0.5210462855130813,
KAZ,2022,3.19999999970734,13.7121023720065,20034609.0,17961.25,65.617,99.63800048828124,Kazakhstan,Europe & Central Asia,Upper middle income,11255.3396437881,6.152,0.952,65.8,0.853,-0.069,0.733,0.684,0.15,0.5854161504425572,
KAZ,2023,5.09999999973641,-4.64470870797775,20330104.0,18600.0,66.035,99.34666570027669,Kazakhstan,Europe & Central Asia,Upper middle income,12879.4275257974,6.152,0.952,65.8,0.853,-0.069,0.733,0.684,0.15,0.7086317572559964,
KAZ,2024,4.99999999996936,-6.60118564073726,20592571.0,19142.916666666668,66.035,99.36666615804036,Kazakhstan,Europe & Central Asia,Upper middle income,14154.6324958076,6.152,0.952,65.8,0.853,-0.069,0.733,0.684,0.15,0.7218208628363563,
KHM,2015,7.20703472529512,-0.661709164713742,15623251.0,1430.0,62.27000000000001,87.6600036621094,Cambodia,East Asia & Pacific,Lower middle income,1547.32010444393,4.162,0.729,60.4,0.956,0.21,0.825,0.813,0.399,0.48354721405642587,
KHM,2016,7.90550116130704,4.38389195513915,15852803.0,1550.0,62.646,87.6600036621094,Cambodia,East Asia & Pacific,Lower middle income,1675.19555711109,4.461,0.746,60.8,0.958,0.076,0.84,0.839,0.398,0.46983656331692436,
KHM,2017,8.07503915535979,4.975951505538329,16073372.0,1690.0,62.406,87.6600036621094,Cambodia,East Asia & Pacific,Lower middle income,1826.35391688754,4.586,0.765,61.2,0.964,0.088,0.821,0.799,0.408,0.4717187231082662,
KHM,2018,8.77622376224463,0.626149149168847,16274522.0,1920.0,62.443,87.6600036621094,Cambodia,East Asia & Pacific,Lower middle income,2036.67377566578,5.122,0.795,61.6,0.958,0.036,0.8245,0.845,0.414,0.516700756691252,
KHM,2019,7.93695013588524,2.30237251516834,16481304.0,2100.0,62.940999999999995,87.6600036621094,Cambodia,East Asia & Pacific,Lower middle income,2225.87705485686,4.998,0.759,62.0,0.957,0.013,0.828,0.844,0.39,0.5061951295496272,
KHM,2020,-3.55572193406549,5.601887914822241,16725474.0,2050.0,61.454,82.5991675957413,Cambodia,East Asia & Pacific,Lower middle income,2081.73914242939,4.377,0.724,62.4,0.963,0.052,0.863,0.878,0.39,0.41904217260682364,
KHM,2021,3.08984284148661,5.13320340824963,16974305.0,2120.0,60.416999999999994,71.9300003051758,Cambodia,East Asia & Pacific,Lower middle income,2167.40324198499,4.83,0.765,62.4,0.959,0.034,0.843,0.878,0.39,0.4030960129193137,
KHM,2022,5.12990110773977,13.7121023720065,17201724.0,2270.0,65.617,71.9300003051758,Cambodia,East Asia & Pacific,Lower middle income,2325.03050040841,4.83,0.765,62.4,0.959,0.034,0.843,0.878,0.39,0.4661425114715088,
KHM,2023,5.00733043811898,-4.64470870797775,17423880.0,2390.0,66.035,71.9300003051758,Cambodia,East Asia & Pacific,Lower middle income,2429.74853452838,4.83,0.765,62.4,0.959,0.034,0.843,0.878,0.39,0.5884953536563283,
KHM,2024,5.97510939607335,-6.60118564073726,17638801.0,2550.0,66.035,71.9300003051758,Cambodia,East Asia & Pacific,Lower middle income,2627.87969756224,4.83,0.765,62.4,0.959,0.034,0.843,0.878,0.39,0.6007083782556464,
KIR,2018,3.1442027326876385,0.626149149168847,48935325.554455444,15612.916666666666,62.443,97.9599990844727,Kiribati,East Asia & Pacific,Lower middle income,1912.73809378187,5.6069545454545455,0.8493181818181817,64.60860215053764,0.8634545454545454,-0.02255964912280702,0.6688636363636363,0.7131894736842105,0.30396842105263155,0.560034326429163,
KIR,2020,-4.2599105976926355,5.601887914822241,49816889.40594059,15125.833333333334,61.454,98.6322966077083,Kiribati,East Asia & Pacific,Lower middle income,1751.78249168214,5.59435,0.83905,65.38192771084337,0.8547,-0.01115294117647059,0.6272,0.7156823529411764,0.3079294117647059,0.5098698530046892,
KWT,2017,2.974198301934392,4.97595150553833,48443445.48514851,14806.666666666666,62.406,96.0400009155273,Kuwait,"Middle East, North Africa, Afghanistan & Pakistan",High income,29047.6536135703,6.094,0.853,66.5,0.884,-0.005,0.77044,0.692,0.307,0.5549057830019217,
KWT,2018,2.1729027908591236,0.626149149168847,48935325.554455444,15612.916666666666,62.443,96.0599975585938,Kuwait,"Middle East, North Africa, Afghanistan & Pakistan",High income,32067.9623756889,6.094,0.853,66.5,0.884,-0.005,0.8035666666666667,0.692,0.307,0.5806544876113904,
KWT,2020,-2.1366150464183757,5.60188791482224,49816889.40594059,15125.833333333334,61.454,96.4599990844727,Kuwait,"Middle East, North Africa, Afghanistan & Pakistan",High income,25236.0755848941,6.094,0.853,66.5,0.884,-0.005,0.7810111111111111,0.692,0.307,0.5257649934629578,
LAO,2017,2.970735608134203,4.975951505538329,48443445.48514851,14806.666666666666,62.406,73.7200012207031,Lao PDR,East Asia & Pacific,Lower middle income,2432.43059478511,4.623,0.707,58.3,0.891,0.073,0.592,0.873,0.344,0.45565877276708594,
LAO,2023,3.993794217542616,-4.64470870797775,50930514.79207921,18600.0,66.035,75.6399993896484,Lao PDR,East Asia & Pacific,Lower middle income,2066.94979776957,4.623,0.707,58.3,0.891,0.073,0.592,0.873,0.344,0.5983743720192511,
LBN,2018,2.1729027908591236,0.626149149168847,48935325.554455444,15612.916666666666,62.443,92.6699981689453,Lebanon,"Middle East, North Africa, Afghanistan & Pakistan",Lower middle income,9174.53666204759,5.167,0.829,67.1,0.607,-0.066,0.907,0.464,0.271,0.4637789541165404,
LBN,2019,2.9528608151849265,2.30237251516834,49395291.217821784,16256.458333333334,62.941,92.0144800114203,Lebanon,"Middle East, North Africa, Afghanistan & Pakistan",Lower middle income,8905.88005497437,4.024,0.866,67.6,0.447,-0.081,0.89,0.322,0.494,0.4184370768911513,
LKA,2016,7.948575702273807,4.38389195513915,47926579.04950495,14672.916666666666,62.646,92.3899993896484,Sri Lanka,South Asia,Lower middle income,4149.19190775593,4.331,0.823,67.0,0.827,0.094,0.844,0.795,0.27,0.4690766552085536,
LKA,2017,5.1574928814167835,4.975951505538329,48443445.48514851,14806.666666666666,62.406,91.9000015258789,Sri Lanka,South Asia,Lower middle income,4398.88828068715,4.331,0.823,67.0,0.827,0.094,0.844,0.795,0.27,0.4595238113510611,
LKA,2018,5.758378610815473,0.626149149168847,48935325.554455444,15612.916666666666,62.443,91.7099990844727,Sri Lanka,South Asia,Lower middle income,4358.56095906047,4.435,0.833,67.2,0.859,0.106,0.856,0.831,0.302,0.4955878097927709,
LKA,2019,5.8361668681152805,2.30237251516834,49395291.217821784,16256.458333333334,62.940999999999995,92.25,Sri Lanka,South Asia,Lower middle income,4081.94772722003,4.213,0.815,67.4,0.824,0.051,0.863,0.816,0.315,0.48057586338641434,
LKA,2020,-4.182701525500153,5.601887914822241,49816889.40594059,15125.833333333334,61.454,92.379997253418,Sri Lanka,South Asia,Lower middle income,3847.60137695639,4.269,0.821,67.4,0.8325,0.065,0.863,0.816,0.315,0.4313495418794443,
LKA,2021,7.016546335267783,5.13320340824963,50174106.782178216,16642.708333333332,60.416999999999994,92.4300003051758,Sri Lanka,South Asia,Lower middle income,3996.96240014909,4.325,0.827,67.4,0.841,0.079,0.863,0.816,0.315,0.4155312604983208,
LKA,2022,6.641020530434257,13.7121023720065,50534444.089108914,17961.25,65.617,92.4899978637695,Sri Lanka,South Asia,Lower middle income,3342.63650253855,4.325,0.827,67.4,0.841,0.079,0.863,0.816,0.315,0.4779627318854355,
LKA,2023,6.532674781867204,-4.64470870797775,50930514.79207921,18600.0,66.035,92.6600036621094,Sri Lanka,South Asia,Lower middle income,3798.89016573011,4.325,0.827,67.4,0.841,0.079,0.863,0.816,0.315,0.6008971770505169,
LSO,2016,2.7083617811823544,4.38389195513915,47926579.04950495,14672.916666666666,62.646,97.2699966430664,Lesotho,Sub-Saharan Africa ,Lower middle income,992.491840678465,4.41705,0.7253999999999999,64.37011494252873,0.7313500000000001,-0.0018764044943820227,0.8026,0.7212584269662922,0.29167415730337076,0.44258661192816706,
LSO,2018,3.653444243750906,0.626149149168847,48935325.554455444,15612.916666666666,62.443,86.2399978637695,Lesotho,Sub-Saharan Africa ,Lower middle income,1170.65569702819,4.60104347826087,0.6711739130434783,64.60860215053764,0.7309565217391305,-0.02255964912280702,0.7649565217391305,0.7131894736842105,0.30396842105263155,0.44084161480373374,
LSO,2019,4.096102039496224,2.30237251516834,49395291.217821784,16256.458333333334,62.940999999999995,92.4974361965842,Lesotho,Sub-Saharan Africa ,Lower middle income,1082.05706777516,4.560947368421052,0.6793157894736842,65.14725274725275,0.7001578947368422,-0.016412186379928313,0.7908421052631579,0.707263440860215,0.3015913978494624,0.44329597051111724,
LSO,2024,4.183676681047288,-6.60118564073726,51326998.88118812,19142.916666666668,66.035,90.4499969482422,Lesotho,Sub-Saharan Africa ,Lower middle income,971.90771824829,4.7535,0.690375,65.49866666666667,0.7152499999999999,-0.03577922077922078,0.7933125,0.7204675324675325,0.3068441558441558,0.5727844013831734,
MAC,2016,2.3792317147371196,4.38389195513915,47926579.04950495,14672.916666666666,62.646,96.5400009155273,"Macao SAR, China",East Asia & Pacific,High income,68911.6755919628,5.5694,0.8369,64.37011494252873,0.8804000000000001,-0.0018764044943820227,0.6411,0.7212584269662922,0.29167415730337076,0.6011625960575642,
MDG,2018,3.653444243750906,0.626149149168847,48935325.554455444,15612.916666666666,62.443,76.6800003051758,Madagascar,Sub-Saharan Africa ,Low income,500.45718552916,4.071,0.666,59.1,0.551,0.003,0.889,0.752,0.362,0.36170453932996605,
MDG,2021,4.413444363995582,5.13320340824963,50174106.782178216,16642.708333333332,60.416999999999994,74.6900024414062,Madagascar,Sub-Saharan Africa ,Low income,483.469463351195,4.208,0.686,59.1,0.552,-0.005,0.803,0.752,0.362,0.30512500646867485,
MDV,2016,7.948575702273807,4.38389195513915,47926579.04950495,14672.916666666666,62.646,97.7300033569336,Maldives,South Asia,Upper middle income,9947.80744731739,4.5415,0.73075,64.37011494252873,0.8402499999999999,-0.0018764044943820227,0.7785,0.7212584269662922,0.29167415730337076,0.47848679032760244,
MDV,2017,5.1574928814167835,4.975951505538329,48443445.48514851,14806.666666666666,62.406,94.5100021362305,Maldives,South Asia,Upper middle income,10509.628805812,4.356,0.7397499999999999,64.38095238095238,0.8634999999999999,-0.024639534883720927,0.7575000000000001,0.7078139534883721,0.30296511627906975,0.469740579877097,
MDV,2019,5.8361668681152805,2.30237251516834,49395291.217821784,16256.458333333334,62.940999999999995,98.2099990844727,Maldives,South Asia,Upper middle income,11740.2724029785,4.50625,0.70525,65.14725274725275,0.848,-0.016412186379928313,0.74575,0.707263440860215,0.3015913978494624,0.49965559642987883,
MEX,2016,1.8342635234766653,4.38389195513915,47926579.04950495,14672.916666666666,62.646,94.8600006103516,Mexico,Latin America & Caribbean ,Upper middle income,9097.92397674769,6.824,0.893,67.7,0.752,-0.153,0.809,0.859,0.22,0.5403790364050216,
MEX,2017,2.2036842256587335,4.975951505538329,48443445.48514851,14806.666666666666,62.406,94.9700012207031,Mexico,Latin America & Caribbean ,Upper middle income,9649.27816772402,6.41,0.8,68.0,0.861,-0.202,0.801,0.843,0.231,0.5232239704256039,
MEX,2018,2.5516805713510746,0.626149149168847,48935325.554455444,15612.916666666666,62.443,95.379997253418,Mexico,Latin America & Caribbean ,Upper middle income,10084.7937562021,6.55,0.858,68.3,0.816,-0.179,0.809,0.882,0.213,0.5584973630877271,
MEX,2019,1.6538774906421267,2.30237251516834,49395291.217821784,16256.458333333334,62.940999999999995,95.3889403219417,Mexico,Latin America & Caribbean ,Upper middle income,10369.5553585271,6.432,0.852,68.6,0.903,-0.141,0.809,0.864,0.252,0.5715171443977303,
MEX,2020,-8.416545646189947,5.601887914822241,49816889.40594059,15125.833333333334,61.454,95.25,Mexico,Latin America & Caribbean ,Upper middle income,8841.27075039868,5.964,0.779,68.9,0.873,-0.119,0.778,0.81,0.292,0.4885205752460434,
MEX,2021,8.915241576178348,5.13320340824963,50174106.782178216,16642.708333333332,60.416999999999994,95.6890981310362,Mexico,Latin America & Caribbean ,Upper middle income,10314.0506722115,6.317,0.831,68.9,0.862,-0.147,0.799,0.81,0.292,0.4849476926696285,
MEX,2022,8.606755348556728,13.7121023720065,50534444.089108914,17961.25,65.617,95.8486603965766,Mexico,Latin America & Caribbean ,Upper middle income,11405.7940473759,6.317,0.831,68.9,0.862,-0.147,0.799,0.81,0.292,0.5490695394242313,
MEX,2023,3.859081955253886,-4.64470870797775,50930514.79207921,18600.0,66.035,95.8346901734281,Mexico,Latin America & Caribbean ,Upper middle income,13860.9597809326,6.317,0.831,68.9,0.862,-0.147,0.799,0.81,0.292,0.6734597351755274,
MEX,2024,4.042551419284728,-6.60118564073726,51326998.88118812,19142.916666666668,66.035,95.7654716766416,Mexico,Latin America & Caribbean ,Upper middle income,14185.7812248529,6.317,0.831,68.9,0.862,-0.147,0.799,0.81,0.292,0.6856724159770788,
MHL,2019,2.4687548543647853,2.30237251516834,49395291.217821784,16256.458333333334,62.940999999999995,98.1800003051758,Marshall Islands,East Asia & Pacific,Upper middle income,5292.33985502306,5.68076923076923,0.8563076923076923,65.14725274725275,0.8788461538461539,-0.016412186379928313,0.6725384615384615,0.707263440860215,0.3015913978494624,0.5696632332498033,
MHL,2021,2.2932426041614797,5.13320340824963,50174106.782178216,16642.708333333332,60.416999999999994,95.8342549583425,Marshall Islands,East Asia & Pacific,Upper middle income,6315.31279603534,5.771,0.862125,65.29277108433735,0.84975,-0.028172413793103448,0.61075,0.7104941176470588,0.30934117647058823,0.4996226993801446,
MLI,2018,3.653444243750906,0.626149149168847,48935325.554455444,15612.916666666666,62.443,35.4700012207031,Mali,Sub-Saharan Africa ,Low income,996.379292136901,4.416,0.692,51.7,0.737,-0.034,0.793,0.77,0.37,0.35669878536927213,
MMR,2016,2.3792317147371196,4.38389195513915,47926579.04950495,14672.916666666666,62.646,84.7799987792969,Myanmar,East Asia & Pacific,Lower middle income,1229.19713491328,4.623,0.793,58.4,0.877,0.679,0.607,0.804,0.302,0.4957887465010191,
MMR,2018,3.1442027326876385,0.626149149168847,48935325.554455444,15612.916666666666,62.443,95.823239379743,Myanmar,East Asia & Pacific,Lower middle income,1298.21310327675,4.411,0.774,59.0,0.906,0.49,0.647,0.777,0.3,0.5230871677015413,
MMR,2019,2.4687548543647853,2.30237251516834,49395291.217821784,16256.458333333334,62.940999999999995,89.0699996948242,Myanmar,East Asia & Pacific,Lower middle income,1425.98954241668,4.434,0.763,59.3,0.899,0.561,0.682,0.755,0.286,0.5051239032161482,
MMR,2020,-4.2599105976926355,5.601887914822241,49816889.40594059,15125.833333333334,61.454,93.5471293315427,Myanmar,East Asia & Pacific,Lower middle income,1490.21683599469,4.431,0.796,59.6,0.825,0.47,0.647,0.8,0.289,0.45740030161647616,
MNE,2018,3.0324929177021214,0.626149149168847,48935325.554455444,15612.916666666666,62.443,98.5299987792969,Montenegro,Europe & Central Asia,Upper middle income,8673.59128084795,5.65,0.856,68.5,0.626,-0.051,0.769,0.59,0.355,0.5120158236035286,
MNG,2018,3.1442027326876385,0.626149149168847,48935325.554455444,15612.916666666666,62.443,96.9000015258789,Mongolia,East Asia & Pacific,Upper middle income,4107.64288528468,5.465,0.942,62.3,0.696,0.054,0.849,0.654,0.192,0.5221751199863871,
MNG,2019,2.4687548543647853,2.30237251516834,49395291.217821784,16256.458333333334,62.940999999999995,98.4599990844727,Mongolia,East Asia & Pacific,Upper middle income,4347.54610314873,5.563,0.946,62.5,0.711,0.149,0.873,0.707,0.167,0.5282497847729002,
MNG,2020,-4.2599105976926355,5.601887914822241,49816889.40594059,15125.833333333334,61.454,99.1800003051758,Mongolia,East Asia & Pacific,Upper middle income,4001.25193077703,6.011,0.918,62.7,0.718,0.141,0.843,0.636,0.26,0.4850571470942697,
MNG,2021,2.2932426041614797,5.13320340824963,50174106.782178216,16642.708333333332,60.416999999999994,99.272758866107,Mongolia,East Asia & Pacific,Upper middle income,4517.61578018785,5.677,0.935,62.7,0.708,0.116,0.856,0.636,0.26,0.4580470269147116,
MNG,2022,3.7246881789221074,13.7121023720065,50534444.089108914,17961.25,65.617,98.7300033569336,Mongolia,East Asia & Pacific,Upper middle income,4993.51487463495,5.677,0.935,62.7,0.708,0.116,0.856,0.636,0.26,0.5204991740063549,
MNG,2023,3.993794217542616,-4.64470870797775,50930514.79207921,18600.0,66.035,98.6399993896484,Mongolia,East Asia & Pacific,Upper middle income,5838.63108083902,5.677,0.935,62.7,0.708,0.116,0.856,0.636,0.26,0.6433560565803271,
MOZ,2017,3.6358362125808914,4.975951505538329,48443445.48514851,14806.666666666666,62.406,60.6599998474121,Mozambique,Sub-Saharan Africa ,Low income,470.93856305196,4.28,0.678,53.2,0.823,-0.03,0.682,0.648,0.353,0.3939535526803605,
MOZ,2020,-1.2596300497298878,5.601887914822241,49816889.40594059,15125.833333333334,61.454,59.7799987792969,Mozambique,Sub-Saharan Africa ,Low income,462.433876479921,4.28,0.678,53.2,0.823,-0.03,0.682,0.648,0.353,0.3674965319807128,
MOZ,2022,4.505807738767093,13.7121023720065,50534444.089108914,17961.25,65.617,61.6778205151772,Mozambique,Sub-Saharan Africa ,Low income,578.251663751351,4.28,0.678,53.2,0.823,-0.03,0.682,0.648,0.353,0.41337085000538804,
MRT,2020,-1.2596300497298878,5.601887914822241,49816889.40594059,15125.833333333334,61.454,59.5299987792969,Mauritania,Sub-Saharan Africa ,Lower middle income,1795.76459566714,4.52828947368421,0.6715263157894737,65.38192771084337,0.7406315789473684,-0.01115294117647059,0.7249473684210527,0.7156823529411764,0.3079294117647059,0.35145717453572867,
MUS,2016,2.7083617811823544,4.38389195513915,47926579.04950495,14672.916666666666,62.646,93.1600036621094,Mauritius,Sub-Saharan Africa ,Upper middle income,10095.1225574156,5.61,0.836,65.8,0.819,0.139,0.891,0.785,0.246,0.4995124581062118,
MUS,2021,4.413444363995582,5.13320340824963,50174106.782178216,16642.708333333332,60.416999999999994,93.0304719147886,Mauritius,Sub-Saharan Africa ,Upper middle income,9177.71195973013,6.049,0.905,65.8,0.867,-0.054,0.789,0.785,0.246,0.49225421824633586,
MUS,2023,3.706650587063145,-4.64470870797775,50930514.79207921,18600.0,66.035,94.3265215627,Mauritius,Sub-Saharan Africa ,Upper middle income,11269.9684462139,6.049,0.905,65.8,0.867,-0.054,0.789,0.785,0.246,0.6813425046179699,
MWI,2017,3.6358362125808914,4.975951505538329,48443445.48514851,14806.666666666666,62.406,72.848752416256,Malawi,Sub-Saharan Africa ,Low income,495.769683367165,3.417,0.555,56.9,0.848,0.025,0.735,0.609,0.312,0.3641733413361792,
MWI,2018,3.653444243750906,0.626149149168847,48935325.554455444,15612.916666666666,62.443,76.7200012207031,Malawi,Sub-Saharan Africa ,Low income,533.202567189331,3.335,0.528,57.6,0.799,0.073,0.766,0.586,0.365,0.3769549898105109,
MWI,2020,-1.2596300497298878,5.601887914822241,49816889.40594059,15125.833333333334,61.454,70.1500015258789,Malawi,Sub-Saharan Africa ,Low income,602.507478176106,3.335,0.528,57.6,0.799,0.073,0.766,0.586,0.365,0.3138209626644418,
MYS,2016,2.3792317147371196,4.38389195513915,47926579.04950495,14672.916666666666,62.646,94.879997253418,Malaysia,East Asia & Pacific,Upper middle income,9476.53409809923,5.339,0.789,67.0,0.875,0.127,0.894,0.824,0.2,0.495080798322936,
MYS,2017,2.970735608134203,4.975951505538329,48443445.48514851,14806.666666666666,62.406,95.0800018310547,Malaysia,East Asia & Pacific,Upper middle income,9862.54806612235,5.339,0.789,67.0,0.875,0.127,0.894,0.824,0.2,0.4867576027426049,
MYS,2018,3.1442027326876385,0.626149149168847,48935325.554455444,15612.916666666666,62.443,94.8499984741211,Malaysia,East Asia & Pacific,Upper middle income,10901.8019954421,5.339,0.789,67.0,0.875,0.127,0.894,0.824,0.2,0.5148885170041975,
MYS,2019,2.4687548543647853,2.30237251516834,49395291.217821784,16256.458333333334,62.940999999999995,94.9700012207031,Malaysia,East Asia & Pacific,Upper middle income,10920.191763972,5.428,0.842,67.2,0.916,0.123,0.782,0.834,0.176,0.5524272103894066,
MYS,2022,3.7246881789221074,13.7121023720065,50534444.089108914,17961.25,65.617,95.7699966430664,Malaysia,East Asia & Pacific,Upper middle income,11754.5678336248,5.428,0.842,67.2,0.916,0.123,0.782,0.834,0.176,0.5437753446330853,
NAM,2016,2.7083617811823544,4.38389195513915,47926579.04950495,14672.916666666666,62.646,88.2018591728156,Namibia,Sub-Saharan Africa ,Lower middle income,4395.68776162376,4.834,0.864,56.5,0.754,-0.169,0.846,0.739,0.24,0.46933567497588036,
NAM,2018,3.653444243750906,0.626149149168847,48935325.554455444,15612.916666666666,62.443,88.3295050309237,Namibia,Sub-Saharan Africa ,Lower middle income,5308.60813408705,4.834,0.864,56.5,0.754,-0.169,0.846,0.739,0.24,0.4889480380707202,
NAM,2023,3.706650587063145,-4.64470870797775,50930514.79207921,18600.0,66.035,87.6399993896484,Namibia,Sub-Saharan Africa ,Lower middle income,4187.60500396525,4.834,0.864,56.5,0.754,-0.169,0.846,0.739,0.24,0.5992127235280135,
NER,2018,3.653444243750906,0.626149149168847,48935325.554455444,15612.916666666666,62.443,33.0499992370605,Niger,Sub-Saharan Africa ,Low income,578.568035680892,5.164,0.612,53.5,0.791,0.009,0.637,0.771,0.503,0.38291135270612797,
NER,2022,4.505807738767093,13.7121023720065,50534444.089108914,17961.25,65.617,35.6100006103516,Niger,Sub-Saharan Africa ,Low income,609.745147574878,5.164,0.612,53.5,0.791,0.009,0.637,0.771,0.503,0.37715300995264145,
NGA,2016,2.7083617811823544,4.38389195513915,47926579.04950495,14672.916666666666,62.646,58.2200012207031,Nigeria,Sub-Saharan Africa ,Lower middle income,2070.4127339595,5.22,0.805,48.9,0.798,0.043,0.905,0.732,0.252,0.41479261511805265,
NGA,2021,4.413444363995582,5.13320340824963,50174106.782178216,16642.708333333332,60.416999999999994,63.1599998474121,Nigeria,Sub-Saharan Africa ,Lower middle income,2787.48779224428,4.759,0.74,48.9,0.737,0.037,0.878,0.732,0.252,0.3368033228098192,
NGA,2024,4.183676681047288,-6.60118564073726,51326998.88118812,19142.916666666668,66.035,70.4100036621094,Nigeria,Sub-Saharan Africa ,Lower middle income,1084.16041805436,4.759,0.74,48.9,0.737,0.037,0.878,0.732,0.252,0.5441843802140909,
NPL,2016,7.948575702273807,4.38389195513915,47926579.04950495,14672.916666666666,62.646,65.5,Nepal,South Asia,Lower middle income,877.256454696737,5.1,0.837,61.3,0.839,0.168,0.817,0.627,0.37,0.4493649976738888,
NPL,2017,5.1574928814167835,4.975951505538329,48443445.48514851,14806.666666666666,62.406,66.8755351165163,Nepal,South Asia,Lower middle income,1034.28374906846,4.737,0.816,62.4,0.845,0.134,0.77,0.571,0.376,0.43737413371073935,
NPL,2019,5.8361668681152805,2.30237251516834,49395291.217821784,16256.458333333334,62.940999999999995,68.7099990844727,Nepal,South Asia,Lower middle income,1203.14294706401,5.449,0.772,64.6,0.79,0.167,0.712,0.536,0.357,0.4730403217124417,
NRU,2021,2.2932426041614797,5.13320340824963,50174106.782178216,16642.708333333332,60.416999999999994,94.6079860099096,Nauru,East Asia & Pacific,High income,14979.099896799,5.771,0.862125,65.29277108433735,0.84975,-0.028172413793103448,0.61075,0.7104941176470588,0.30934117647058823,0.5052422529973792,
NRU,2023,3.993794217542616,-4.64470870797775,50930514.79207921,18600.0,66.035,96.5899963378906,Nauru,East Asia & Pacific,High income,12752.4723855838,5.55175,0.836125,65.38333333333333,0.8452500000000001,-0.030569620253164557,0.6745,0.7185443037974684,0.3077974683544304,0.6714001080563423,
OMN,2017,2.974198301934392,4.97595150553833,48443445.48514851,14806.666666666666,62.406,95.5800018310547,Oman,"Middle East, North Africa, Afghanistan & Pakistan",High income,17820.0661809335,5.186,0.7632499999999999,64.38095238095238,0.6915833333333333,-0.024639534883720927,0.77044,0.7078139534883721,0.30296511627906975,0.4685154161244801,
OMN,2018,2.1729027908591236,0.626149149168847,48935325.554455444,15612.916666666666,62.443,95.6500015258789,Oman,"Middle East, North Africa, Afghanistan & Pakistan",High income,19901.7615642016,5.012499999999999,0.77,64.60860215053764,0.6771153846153847,-0.02255964912280702,0.8035666666666667,0.7131894736842105,0.30396842105263155,0.48842265658194295,
OMN,2020,-2.1366150464183757,5.60188791482224,49816889.40594059,15125.833333333334,61.454,96.9000015258789,Oman,"Middle East, North Africa, Afghanistan & Pakistan",High income,16784.8630630058,5.091181818181818,0.7700454545454545,65.38192771084337,0.7151363636363637,-0.01115294117647059,0.7810111111111111,0.7156823529411764,0.3079294117647059,0.4469393202267305,
OMN,2022,4.057436601487247,13.7121023720065,50534444.089108914,17961.25,65.617,97.3399963378906,Oman,"Middle East, North Africa, Afghanistan & Pakistan",High income,23223.5829405935,5.0545,0.7708999999999999,65.1280487804878,0.6914,-0.012726190476190476,0.765,0.7149642857142857,0.307,0.49318829187902674,
PAK,2017,2.974198301934392,4.97595150553833,48443445.48514851,14806.666666666666,62.406,59.1300010681152,Pakistan,"Middle East, North Africa, Afghanistan & Pakistan",Lower middle income,1519.23459514248,5.831,0.69,58.1,0.713,0.045,0.714,0.586,0.308,0.4056384966855975,
PAK,2018,2.1729027908591236,0.626149149168847,48935325.554455444,15612.916666666666,62.443,57.0099983215332,Pakistan,"Middle East, North Africa, Afghanistan & Pakistan",Lower middle income,1569.33814626355,5.472,0.685,58.5,0.773,0.069,0.799,0.567,0.377,0.42004712832526875,
PAK,2019,2.9528608151849265,2.30237251516834,49395291.217821784,16256.458333333334,62.941,58.0,Pakistan,"Middle East, North Africa, Afghanistan & Pakistan",Lower middle income,1390.41690981745,4.443,0.617,58.9,0.685,0.124,0.776,0.581,0.424,0.37083977842903015,
PAK,2021,1.5317888243443447,5.13320340824963,50174106.782178216,16642.708333333332,60.417,58.8600006103516,Pakistan,"Middle East, North Africa, Afghanistan & Pakistan",Lower middle income,1455.31922370186,4.934,0.651,58.9,0.726,0.098,0.787,0.581,0.424,0.3233903190504772,
PAN,2018,2.5516805713510746,0.626149149168847,48935325.554455444,15612.916666666666,62.443,95.4100036621094,Panama,Latin America & Caribbean ,High income,16151.3273433486,6.281,0.904,69.6,0.861,-0.131,0.837,0.884,0.223,0.57239206615887,
PAN,2019,1.6538774906421267,2.30237251516834,49395291.217821784,16256.458333333334,62.940999999999995,95.7399978637695,Panama,Latin America & Caribbean ,High income,16477.9066268111,6.086,0.886,69.7,0.883,-0.199,0.869,0.878,0.244,0.5652492870269923,
PAN,2021,8.915241576178348,5.13320340824963,50174106.782178216,16642.708333333332,60.416999999999994,96.2400288895206,Panama,Latin America & Caribbean ,High income,15509.8069124139,6.18,0.896,69.7,0.872,-0.166,0.856,0.878,0.244,0.4957221054848125,
PAN,2023,3.859081955253886,-4.64470870797775,50930514.79207921,18600.0,66.035,96.1092282909577,Panama,Latin America & Caribbean ,High income,18797.1933994045,6.18,0.896,69.7,0.872,-0.166,0.856,0.878,0.244,0.6835620092121601,
PAN,2024,4.042551419284728,-6.60118564073726,51326998.88118812,19142.916666666668,66.035,96.256135181795,Panama,Latin America & Caribbean ,High income,19161.2188501596,6.18,0.896,69.7,0.872,-0.166,0.856,0.878,0.244,0.6961567835323348,
PER,2016,1.8342635234766653,4.38389195513915,47926579.04950495,14672.916666666666,62.646,94.1699981689453,Peru,Latin America & Caribbean ,Upper middle income,6217.03599995447,5.701,0.803,67.5,0.83,-0.134,0.866,0.822,0.338,0.49793458622329756,
PER,2017,2.2036842256587335,4.975951505538329,48443445.48514851,14806.666666666666,62.406,94.1500015258789,Peru,Latin America & Caribbean ,Upper middle income,6736.16693725487,5.711,0.83,67.8,0.827,-0.154,0.895,0.789,0.394,0.4910653285890282,
PER,2018,2.5516805713510746,0.626149149168847,48935325.554455444,15612.916666666666,62.443,94.4100036621094,Peru,Latin America & Caribbean ,Upper middle income,6978.49121548627,5.68,0.845,68.1,0.83,-0.178,0.906,0.809,0.38,0.5209524529692166,
PER,2020,-8.416545646189947,5.601887914822241,49816889.40594059,15125.833333333334,61.454,94.5,Peru,Latin America & Caribbean ,Upper middle income,6133.32552410183,5.68,0.845,68.1,0.83,-0.178,0.906,0.809,0.38,0.4677326815585221,
PER,2024,4.042551419284728,-6.60118564073726,51326998.88118812,19142.916666666668,66.035,93.6600036621094,Peru,Latin America & Caribbean ,Upper middle income,8452.37167056621,5.68,0.845,68.1,0.83,-0.178,0.906,0.809,0.38,0.6454332406445995,
PHL,2019,2.4687548543647853,2.30237251516834,49395291.217821784,16256.458333333334,62.940999999999995,96.2799987792969,Philippines,East Asia & Pacific,Lower middle income,3400.78949767074,6.268,0.845,62.0,0.91,-0.083,0.748,0.781,0.341,0.5711882132614565,
PHL,2020,-4.2599105976926355,5.601887914822241,49816889.40594059,15125.833333333334,61.454,98.4700012207031,Philippines,East Asia & Pacific,Lower middle income,3227.57910235199,5.08,0.781,62.1,0.932,-0.116,0.744,0.804,0.327,0.4846697323378806,
PLW,2020,-4.2599105976926355,5.601887914822241,49816889.40594059,15125.833333333334,61.454,100.0,Palau,East Asia & Pacific,High income,14708.2119536914,5.59435,0.83905,65.38192771084337,0.8547,-0.01115294117647059,0.6272,0.7156823529411764,0.3079294117647059,0.523424887698137,
PNG,2017,2.970735608134203,4.975951505538329,48443445.48514851,14806.666666666666,62.406,70.0599975585938,Papua New Guinea,East Asia & Pacific,Lower middle income,2477.76530986323,5.5169999999999995,0.8210000000000001,64.38095238095238,0.8877777777777778,-0.024639534883720927,0.6233333333333334,0.7078139534883721,0.30296511627906975,0.4904293833585277,
PNG,2022,3.7246881789221074,13.7121023720065,50534444.089108914,17961.25,65.617,87.144148905762,Papua New Guinea,East Asia & Pacific,Lower middle income,3102.28968594061,5.6708,0.8574999999999999,65.1280487804878,0.8637,-0.012726190476190476,0.7251000000000001,0.7149642857142857,0.307,0.5293983705417736,
PRI,2017,2.2036842256587335,4.975951505538329,48443445.48514851,14806.666666666666,62.406,92.3899993896484,Puerto Rico (US),Latin America & Caribbean ,High income,30328.479490518,5.946823529411765,0.8554705882352941,64.38095238095238,0.8186470588235294,-0.024639534883720927,0.7917058823529411,0.7078139534883721,0.30296511627906975,0.5324502933574405,
PRY,2016,1.8342635234766653,4.38389195513915,47926579.04950495,14672.916666666666,62.646,94.6500015258789,Paraguay,Latin America & Caribbean ,Upper middle income,5775.15963399596,5.801,0.94,65.3,0.854,-0.071,0.756,0.925,0.197,0.5503190234675922,
PRY,2018,2.5516805713510746,0.626149149168847,48935325.554455444,15612.916666666666,62.443,94.0199966430664,Paraguay,Latin America & Caribbean ,Upper middle income,6258.44991640984,5.727,0.9159999999999999,65.6,0.865,-0.0215,0.819,0.8915,0.23600000000000002,0.554773463214774,
PRY,2019,1.6538774906421267,2.30237251516834,49395291.217821784,16256.458333333334,62.940999999999995,93.2099990844727,Paraguay,Latin America & Caribbean ,Upper middle income,5821.18199548738,5.653,0.892,65.9,0.876,0.028,0.882,0.858,0.275,0.540290257657448,
PRY,2020,-8.416545646189947,5.601887914822241,49816889.40594059,15125.833333333334,61.454,94.5400009155273,Paraguay,Latin America & Caribbean ,Upper middle income,5365.47220721104,5.653,0.892,65.9,0.876,0.028,0.882,0.858,0.275,0.48864127108557764,
PRY,2024,4.042551419284728,-6.60118564073726,51326998.88118812,19142.916666666668,66.035,94.8600006103516,Paraguay,Latin America & Caribbean ,Upper middle income,6416.09708970845,5.653,0.892,65.9,0.876,0.028,0.882,0.858,0.275,0.6670966261098276,
PSE,2016,5.6113118332418725,4.38389195513915,47926579.04950495,14672.916666666666,62.646,96.7200012207031,West Bank and Gaza,"Middle East, North Africa, Afghanistan & Pakistan",Lower middle income,3527.61382413178,4.907,0.818,64.37011494252873,0.608,-0.129,0.812,0.593,0.378,0.4515596609297215,
PSE,2017,2.974198301934392,4.97595150553833,48443445.48514851,14806.666666666666,62.406,96.9199981689453,West Bank and Gaza,"Middle East, North Africa, Afghanistan & Pakistan",Lower middle income,3620.36048715937,4.628,0.824,64.38095238095238,0.632,-0.163,0.831,0.597,0.416,0.439801040244155,
PSE,2018,2.1729027908591236,0.626149149168847,48935325.554455444,15612.916666666666,62.443,97.2200012207031,West Bank and Gaza,"Middle East, North Africa, Afghanistan & Pakistan",Lower middle income,3562.33094270256,4.554,0.819,64.60860215053764,0.655,-0.163,0.814,0.61,0.419,0.4715871683827786,
PSE,2019,2.9528608151849265,2.30237251516834,49395291.217821784,16256.458333333334,62.941,97.379997253418,West Bank and Gaza,"Middle East, North Africa, Afghanistan & Pakistan",Lower middle income,3656.85827137011,4.483,0.833,65.14725274725275,0.653,-0.163,0.829,0.625,0.4,0.4717662856748639,
PSE,2020,-2.1366150464183757,5.60188791482224,49816889.40594059,15125.833333333334,61.454,97.5100021362305,West Bank and Gaza,"Middle East, North Africa, Afghanistan & Pakistan",Lower middle income,3233.56863835858,4.5,0.8294999999999999,65.38192771084337,0.653,-0.163,0.825,0.625,0.4,0.4183718631426242,
PSE,2021,1.5317888243443447,5.13320340824963,50174106.782178216,16642.708333333332,60.417,97.6857135394122,West Bank and Gaza,"Middle East, North Africa, Afghanistan & Pakistan",Lower middle income,3678.63565662194,4.517,0.826,65.29277108433735,0.653,-0.163,0.821,0.625,0.4,0.3990124537454194,
PSE,2022,4.057436601487247,13.7121023720065,50534444.089108914,17961.25,65.617,97.8399963378906,West Bank and Gaza,"Middle East, North Africa, Afghanistan & Pakistan",Lower middle income,3799.95527015163,4.517,0.826,65.1280487804878,0.653,-0.163,0.821,0.625,0.4,0.46227536848858053,
PSE,2024,2.603236165353634,-6.60118564073726,51326998.88118812,19142.916666666668,66.035,97.9449803653341,West Bank and Gaza,"Middle East, North Africa, Afghanistan & Pakistan",Lower middle income,2592.30591217647,4.517,0.826,65.49866666666667,0.653,-0.163,0.821,0.625,0.4,0.5956864143907616,
PYF,2015,1.80334081452726,-0.661709164713742,277866.0,15169.791666666666,62.27000000000001,93.25999959309895,French Polynesia,East Asia & Pacific,High income,19166.9594761931,5.532666666666667,0.8398333333333333,64.17878787878789,0.8611666666666666,-0.007820895522388061,0.6566666666666666,0.7155820895522389,0.28932835820895525,0.56913019320754,
PYF,2016,2.30219823670438,4.38389195513915,279178.0,14672.916666666666,62.646,91.57636399702592,French Polynesia,East Asia & Pacific,High income,19690.0775734589,5.5694,0.8369,64.37011494252873,0.8804000000000001,-0.0018764044943820227,0.6411,0.7212584269662922,0.29167415730337076,0.5500406219552354,
PYF,2017,4.29263363103487,4.975951505538329,280087.0,14806.666666666666,62.406,89.47999954223634,French Polynesia,East Asia & Pacific,High income,20826.9312492172,5.5169999999999995,0.8210000000000001,64.38095238095238,0.8877777777777778,-0.024639534883720927,0.6233333333333334,0.7078139534883721,0.30296511627906975,0.5377557822644609,
PYF,2018,1.80687498305207,0.626149149168847,279815.0,15612.916666666666,62.443,95.18924851479568,French Polynesia,East Asia & Pacific,High income,21925.616043938,5.6069545454545455,0.8493181818181817,64.60860215053764,0.8634545454545454,-0.02255964912280702,0.6688636363636363,0.7131894736842105,0.30396842105263155,0.5731147271145478,
PYF,2019,2.68946658143334,2.30237251516834,279034.0,16256.458333333334,62.940999999999995,94.52196506622283,French Polynesia,East Asia & Pacific,High income,21582.5892046801,5.68076923076923,0.8563076923076923,65.14725274725275,0.8788461538461539,-0.016412186379928313,0.6725384615384615,0.707263440860215,0.3015913978494624,0.578053678283287,
PYF,2020,-10.5738138632489,5.601887914822241,279209.0,15125.833333333334,61.454,95.21292967480102,French Polynesia,East Asia & Pacific,High income,19966.4838503859,5.59435,0.83905,65.38192771084337,0.8547,-0.01115294117647059,0.6272,0.7156823529411764,0.3079294117647059,0.5203308122907703,
PYF,2021,3.36590242421546,5.13320340824963,279792.0,16642.708333333332,60.416999999999994,93.14785707559761,French Polynesia,East Asia & Pacific,High income,21426.3854449835,5.771,0.862125,65.29277108433735,0.84975,-0.028172413793103448,0.61075,0.7104941176470588,0.30934117647058823,0.5085430891155065,
PYF,2022,2.9373470716322,13.7121023720065,280378.0,17961.25,65.617,90.60141440229495,French Polynesia,East Asia & Pacific,High income,20053.9569369322,5.6708,0.8574999999999999,65.1280487804878,0.8637,-0.012726190476190476,0.7251000000000001,0.7149642857142857,0.307,0.5498166785364089,
PYF,2023,2.77284077155413,-4.64470870797775,281118.0,18600.0,66.035,89.07142748151504,French Polynesia,East Asia & Pacific,High income,21832.2831795569,5.55175,0.836125,65.38333333333333,0.8452500000000001,-0.030569620253164557,0.6745,0.7185443037974684,0.3077974683544304,0.6672601964143201,
PYF,2024,1.12638897730247,-6.60118564073726,281807.0,19142.916666666668,66.035,88.22333272298177,French Polynesia,East Asia & Pacific,High income,22439.8838746025,5.685666666666667,0.8411666666666666,65.49866666666667,0.8605,-0.03577922077922078,0.658,0.7204675324675325,0.3068441558441558,0.6876737054396737,
ROU,2021,6.980650021465855,5.13320340824963,50174106.782178216,16642.708333333332,60.416999999999994,99.1600036621094,Romania,Europe & Central Asia,High income,14907.9803652143,6.14,0.832,65.29277108433735,0.845,-0.219,0.938,0.7104941176470588,0.30934117647058823,0.4686735429656538,
RUS,2021,6.980650021465855,5.13320340824963,50174106.782178216,16642.708333333332,60.416999999999994,99.9300003051758,Russian Federation,Europe & Central Asia,High income,12425.029296875,5.477,0.903,65.29277108433735,0.718,-0.111,0.845,0.7104941176470588,0.30934117647058823,0.4577599849914164,
RWA,2018,3.653444243750906,0.626149149168847,48935325.554455444,15612.916666666666,62.443,73.2200012207031,Rwanda,Sub-Saharan Africa ,Low income,771.773511207309,3.561,0.616,61.1,0.924,0.057,0.164,0.793,0.308,0.5012536529561692,
RWA,2020,-1.2596300497298878,5.601887914822241,49816889.40594059,15125.833333333334,61.454,80.0500030517578,Rwanda,Sub-Saharan Africa ,Low income,778.701498925026,3.561,0.616,61.1,0.924,0.057,0.164,0.793,0.308,0.45962501000737527,
RWA,2022,4.505807738767093,13.7121023720065,50534444.089108914,17961.25,65.617,78.7600021362305,Rwanda,Sub-Saharan Africa ,Low income,975.469323735369,3.561,0.616,61.1,0.924,0.057,0.164,0.793,0.308,0.5004411942604332,
SAU,2017,2.974198301934392,4.97595150553833,48443445.48514851,14806.666666666666,62.406,95.3300018310547,Saudi Arabia,"Middle East, North Africa, Afghanistan & Pakistan",High income,23929.2907135982,6.294,0.84,66.0,0.814,-0.131,0.77044,0.775,0.306,0.5380680715546942,
SAU,2020,-2.1366150464183757,5.60188791482224,49816889.40594059,15125.833333333334,61.454,97.5899963378906,Saudi Arabia,"Middle East, North Africa, Afghanistan & Pakistan",High income,24338.8307301067,6.56,0.89,66.9,0.884,-0.111,0.7810111111111111,0.754,0.251,0.5455466651843577,
SAU,2024,2.603236165353634,-6.60118564073726,51326998.88118812,19142.916666666668,66.035,97.9300003051758,Saudi Arabia,"Middle East, North Africa, Afghanistan & Pakistan",High income,35121.6628687742,6.56,0.89,66.9,0.884,-0.111,0.765,0.754,0.251,0.7347480156824377,
SEN,2016,2.7083617811823544,4.38389195513915,47926579.04950495,14672.916666666666,62.646,46.0999984741211,Senegal,Sub-Saharan Africa ,Lower middle income,1266.43957151587,4.595,0.839,58.8,0.744,-0.086,0.794,0.784,0.245,0.3931620171592355,
SEN,2017,3.6358362125808914,4.975951505538329,48443445.48514851,14806.666666666666,62.406,51.9000015258789,Senegal,Sub-Saharan Africa ,Lower middle income,1356.80518449031,4.683,0.744,59.2,0.687,-0.044,0.825,0.746,0.291,0.35985882658268514,
SEN,2018,3.653444243750906,0.626149149168847,48935325.554455444,15612.916666666666,62.443,46.6100006103516,Senegal,Sub-Saharan Africa ,Lower middle income,1452.55612562445,4.769,0.739,59.6,0.629,-0.074,0.805,0.714,0.247,0.3719324496621033,
SEN,2019,4.096102039496224,2.30237251516834,49395291.217821784,16256.458333333334,62.940999999999995,46.8300018310547,Senegal,Sub-Saharan Africa ,Lower middle income,1431.18128932159,5.489,0.688,60.0,0.759,-0.019,0.796,0.789,0.332,0.4031974538197823,
SEN,2023,3.706650587063145,-4.64470870797775,50930514.79207921,18600.0,66.035,50.3600006103516,Senegal,Sub-Saharan Africa ,Lower middle income,1698.03387300843,5.489,0.688,60.0,0.759,-0.019,0.796,0.789,0.332,0.5207017693210231,
SGP,2016,2.3792317147371196,4.38389195513915,47926579.04950495,14672.916666666666,62.646,97.0500030517578,Singapore,East Asia & Pacific,High income,57005.5887176547,6.033,0.925,76.2,0.904,0.143,0.047,0.824,0.111,0.706960782824885,
SGP,2017,2.970735608134203,4.975951505538329,48443445.48514851,14806.666666666666,62.406,97.1999969482422,Singapore,East Asia & Pacific,High income,61236.251270627,6.378,0.897,76.5,0.926,0.136,0.162,0.8,0.179,0.6919036035001501,
SGP,2018,3.1442027326876385,0.626149149168847,48935325.554455444,15612.916666666666,62.443,97.3399963378906,Singapore,East Asia & Pacific,High income,66881.6067035265,6.375,0.903,76.8,0.916,-0.066,0.097,0.787,0.107,0.7329577027257568,
SGP,2019,2.4687548543647853,2.30237251516834,49395291.217821784,16256.458333333334,62.940999999999995,97.4800033569336,Singapore,East Asia & Pacific,High income,65952.0378959293,6.378,0.925,77.1,0.938,0.027,0.07,0.723,0.138,0.7457978501153922,
SGP,2020,-4.2599105976926355,5.601887914822241,49816889.40594059,15125.833333333334,61.454,97.129997253418,Singapore,East Asia & Pacific,High income,61410.0792630788,6.3774999999999995,0.92,77.1,0.9325,0.0045000000000000005,0.07600000000000001,0.723,0.138,0.6849174516287635,
SGP,2021,2.2932426041614797,5.13320340824963,50174106.782178216,16642.708333333332,60.416999999999994,97.6500015258789,Singapore,East Asia & Pacific,High income,80056.1288247844,6.377,0.915,77.1,0.927,-0.018,0.082,0.723,0.138,0.6789583179257848,
SLE,2017,3.6358362125808914,4.975951505538329,48443445.48514851,14806.666666666666,62.406,44.8300018310547,Sierra Leone,Sub-Saharan Africa ,Low income,779.186007841728,4.09,0.652,49.2,0.711,0.079,0.848,0.6,0.495,0.3154533707874977,
SLE,2018,3.653444243750906,0.626149149168847,48935325.554455444,15612.916666666666,62.443,48.8216576787275,Sierra Leone,Sub-Saharan Africa ,Low income,845.914540460932,4.306,0.65,50.8,0.716,0.095,0.856,0.552,0.466,0.35380604436471325,
SLE,2019,4.096102039496224,2.30237251516834,49395291.217821784,16256.458333333334,62.940999999999995,43.5800018310547,Sierra Leone,Sub-Saharan Africa ,Low income,843.712517809977,3.447,0.611,52.4,0.718,0.074,0.874,0.513,0.438,0.3159459794694084,
SLV,2015,2.40000008852115,-0.661709164713742,6183676.0,15169.791666666666,62.27000000000001,88.1399993896484,El Salvador,Latin America & Caribbean ,Upper middle income,3790.34089108162,6.018,0.791,65.2,0.733,-0.156,0.805,0.826,0.333,0.503813337744993,
SLV,2016,2.53906241135864,4.38389195513915,6200800.0,14672.916666666666,62.646,88.1399993896484,El Salvador,Latin America & Caribbean ,Upper middle income,3901.34014965811,6.14,0.794,65.5,0.8,-0.185,0.797,0.761,0.346,0.49806521440171053,
SLV,2017,2.24761908134138,4.975951505538329,6213533.0,14806.666666666666,62.406,88.4800033569336,El Salvador,Latin America & Caribbean ,Upper middle income,4020.12671373919,6.339,0.829,65.8,0.758,-0.172,0.778,0.849,0.268,0.4968598989341396,
SLV,2018,2.4124442237792,0.626149149168847,6219807.0,15612.916666666666,62.443,89.0100021362305,El Salvador,Latin America & Caribbean ,Upper middle income,4183.54620971358,6.241,0.82,66.1,0.863,-0.095,0.801,0.86,0.27,0.537396137823986,
SLV,2019,2.43747159065784,2.30237251516834,6222318.0,16256.458333333334,62.940999999999995,89.1399993896484,El Salvador,Latin America & Caribbean ,Upper middle income,4320.11671534627,6.455,0.764,66.4,0.877,-0.109,0.682,0.871,0.271,0.5497651371421693,
SLV,2020,-7.893101359867,5.601887914822241,6234673.0,15125.833333333334,61.454,89.9800033569336,El Salvador,Latin America & Caribbean ,Upper middle income,3997.19279583709,5.462,0.696,66.7,0.924,-0.126,0.583,0.839,0.329,0.4820385341014798,
SLV,2021,11.9047617015957,5.13320340824963,6255782.0,16642.708333333332,60.416999999999994,89.0586486323527,El Salvador,Latin America & Caribbean ,Upper middle income,4642.60743101342,6.061,0.762,66.7,0.888,-0.11,0.688,0.839,0.329,0.4681672604431126,
SLV,2022,2.95461516549889,13.7121023720065,6280319.0,17961.25,65.617,89.3518526572018,El Salvador,Latin America & Caribbean ,Upper middle income,5074.60210221806,6.061,0.762,66.7,0.888,-0.11,0.688,0.839,0.329,0.5319259559309294,
SLV,2023,3.5391566928735,-4.64470870797775,6309624.0,18600.0,66.035,89.8499984741211,El Salvador,Latin America & Caribbean ,Upper middle income,5365.44491399171,6.061,0.762,66.7,0.888,-0.11,0.688,0.839,0.329,0.6552434058818792,
SLV,2024,2.60202016121069,-6.60118564073726,6338193.0,19142.916666666668,66.035,89.7699966430664,El Salvador,Latin America & Caribbean ,Upper middle income,5579.65969165029,6.061,0.762,66.7,0.888,-0.11,0.688,0.839,0.329,0.6673418058282165,
SMR,2022,4.271274422437587,13.7121023720065,50534444.089108914,17961.25,65.617,99.9100036621094,San Marino,Europe & Central Asia,High income,54190.8417700372,6.286079999999999,0.8908,65.1280487804878,0.81432,-0.012726190476190476,0.66176,0.7149642857142857,0.307,0.6155916505129341,
SOM,2019,4.096102039496224,2.30237251516834,49395291.217821784,16256.458333333334,62.940999999999995,63.6841427350076,"Somalia, Fed. Rep.",Sub-Saharan Africa ,Low income,539.954816211694,4.560947368421052,0.6793157894736842,65.14725274725275,0.7001578947368422,-0.016412186379928313,0.7908421052631579,0.707263440860215,0.3015913978494624,0.396461497106517,
SOM,2022,4.505807738767093,13.7121023720065,50534444.089108914,17961.25,65.617,54.1199989318848,"Somalia, Fed. Rep.",Sub-Saharan Africa ,Low income,573.141165798229,4.5692,0.66695,65.1280487804878,0.73625,-0.012726190476190476,0.72595,0.7149642857142857,0.307,0.38337326287873064,
SRB,2016,2.3613274307094723,4.38389195513915,47926579.04950495,14672.916666666666,62.646,98.8399963378906,Serbia,Europe & Central Asia,Upper middle income,5982.37030126471,5.753,0.895,67.4,0.614,-0.068,0.89,0.535,0.298,0.4837945776970685,
SRB,2019,2.921127028070663,2.30237251516834,49395291.217821784,16256.458333333334,62.940999999999995,99.4800033569336,Serbia,Europe & Central Asia,Upper middle income,7755.632986437,6.241,0.903,68.6,0.753,-0.04,0.813,0.509,0.242,0.5546426841550265,
SRB,2022,4.271274422437587,13.7121023720065,50534444.089108914,17961.25,65.617,99.3399963378906,Serbia,Europe & Central Asia,Upper middle income,10024.8191112596,6.241,0.903,68.6,0.753,-0.04,0.813,0.509,0.242,0.5457357990233808,
STP,2019,4.096102039496224,2.30237251516834,49395291.217821784,16256.458333333334,62.940999999999995,87.4400024414062,Sao Tome and Principe,Sub-Saharan Africa ,Lower middle income,1935.2931816596,4.560947368421052,0.6793157894736842,65.14725274725275,0.7001578947368422,-0.016412186379928313,0.7908421052631579,0.707263440860215,0.3015913978494624,0.4359065079808225,
SWZ,2015,1.70425806017289,-0.661709164713742,1142813.0,15169.791666666666,62.27000000000001,90.75,Eswatini,Sub-Saharan Africa ,Lower middle income,3419.82276559528,4.215857142857143,0.6736428571428571,64.17878787878789,0.7215714285714286,-0.007820895522388061,0.7941428571428572,0.7155820895522389,0.28932835820895525,0.44025100103499376,
SWZ,2016,2.94916821059911,4.38389195513915,1149507.0,14672.916666666666,62.646,90.75,Eswatini,Sub-Saharan Africa ,Lower middle income,3238.17611961364,4.41705,0.7253999999999999,64.37011494252873,0.7313500000000001,-0.0018764044943820227,0.8026,0.7212584269662922,0.29167415730337076,0.434064227726082,
SWZ,2017,3.52095345987983,4.975951505538329,1158195.0,14806.666666666666,62.406,90.75,Eswatini,Sub-Saharan Africa ,Lower middle income,3853.09956569679,4.479473684210526,0.6647368421052632,64.38095238095238,0.726421052631579,-0.024639534883720927,0.7684210526315789,0.7078139534883721,0.30296511627906975,0.41737200595772067,
SWZ,2018,0.0653956557843571,0.626149149168847,1168929.0,15612.916666666666,62.443,90.75,Eswatini,Sub-Saharan Africa ,Lower middle income,3972.65450620357,4.60104347826087,0.6711739130434783,64.60860215053764,0.7309565217391305,-0.02255964912280702,0.7649565217391305,0.7131894736842105,0.30396842105263155,0.4505535728589638,
SWZ,2019,6.43186888691574,2.30237251516834,1179874.0,16256.458333333334,62.940999999999995,90.75,Eswatini,Sub-Saharan Africa ,Lower middle income,3913.14577547336,4.560947368421052,0.6793157894736842,65.14725274725275,0.7001578947368422,-0.016412186379928313,0.7908421052631579,0.707263440860215,0.3015913978494624,0.44296546203678533,
SWZ,2020,-2.95183453409287,5.601887914822241,1192729.0,15125.833333333334,61.454,90.75,Eswatini,Sub-Saharan Africa ,Lower middle income,3466.56936278145,4.52828947368421,0.6715263157894737,65.38192771084337,0.7406315789473684,-0.01115294117647059,0.7249473684210527,0.7156823529411764,0.3079294117647059,0.40315308750415996,
SWZ,2021,4.23621913615419,5.13320340824963,1206593.0,16642.708333333332,60.416999999999994,90.75,Eswatini,Sub-Saharan Africa ,Lower middle income,3984.00229174306,4.7511,0.7062999999999999,65.29277108433735,0.7177,-0.028172413793103448,0.79815,0.7104941176470588,0.30934117647058823,0.38195699174720865,
SWZ,2022,0.386070835562705,13.7121023720065,1218917.0,17961.25,65.617,90.75,Eswatini,Sub-Saharan Africa ,Lower middle income,3894.1620089869,4.5692,0.66695,65.1280487804878,0.73625,-0.012726190476190476,0.72595,0.7149642857142857,0.307,0.44521982026897505,
SWZ,2023,3.53257662836211,-4.64470870797775,1230506.0,18600.0,66.035,90.75,Eswatini,Sub-Saharan Africa ,Lower middle income,3755.52111232464,4.821444444444444,0.7006111111111112,65.38333333333333,0.7288888888888888,-0.030569620253164557,0.7893888888888889,0.7185443037974684,0.3077974683544304,0.5705146152896621,
SWZ,2024,2.97391075973985,-6.60118564073726,1242822.0,19142.916666666668,66.035,90.75,Eswatini,Sub-Saharan Africa ,Lower middle income,3909.55892378182,4.7535,0.690375,65.49866666666667,0.7152499999999999,-0.03577922077922078,0.7933125,0.7204675324675325,0.3068441558441558,0.5758415248216678,
SYR,2021,1.5317888243443447,5.13320340824963,50174106.782178216,16642.708333333332,60.417,94.4199981689453,Syrian Arab Republic,"Middle East, North Africa, Afghanistan & Pakistan",Low income,663.614245706815,5.0062500000000005,0.75425,65.29277108433735,0.6913333333333332,-0.028172413793103448,0.7755833333333334,0.7104941176470588,0.30934117647058823,0.3995772682188329,
TCD,2015,3.30415979759636,-0.661709164713742,14647621.0,1130.0,62.27000000000001,22.3099994659424,Chad,Sub-Saharan Africa ,Low income,993.990730610869,4.323,0.751,46.7,0.474,-0.029,0.889,0.607,0.358,0.28909733565813567,
TCD,2016,-4.12250332670322,4.38389195513915,15114655.0,940.0,62.646,22.3099994659424,Chad,Sub-Saharan Africa ,Low income,861.831767630746,4.029,0.616,47.2,0.525,0.052,0.82,0.582,0.468,0.248557664371105,
TCD,2017,-1.61746922760291,4.975951505538329,15622759.0,830.0,62.406,22.3099994659424,Chad,Sub-Saharan Africa ,Low income,854.46120040098,4.559,0.661,47.7,0.615,0.008,0.792,0.628,0.538,0.28190362623141496,
TCD,2018,5.74111580758154,0.626149149168847,16156531.0,890.0,62.443,22.3099994659424,Chad,Sub-Saharan Africa ,Low income,948.656629871231,4.486,0.577,48.2,0.65,0.024,0.763,0.553,0.544,0.29972869566635424,
TCD,2019,5.3828220290379,2.30237251516834,16685223.0,920.0,62.940999999999995,30.6299991607666,Chad,Sub-Saharan Africa ,Low income,893.336441643325,4.251,0.64,48.7,0.537,0.055,0.832,0.587,0.46,0.2922550930522356,
TCD,2020,-0.393646583111035,5.601887914822241,17224679.0,890.0,61.454,30.6299991607666,Chad,Sub-Saharan Africa ,Low income,866.947814890409,4.303000000000001,0.6295,48.7,0.558,0.048,0.8195,0.587,0.46,0.24326431591723155,
TCD,2021,0.29344264815208,5.13320340824963,17828273.0,890.0,60.416999999999994,30.6299991607666,Chad,Sub-Saharan Africa ,Low income,946.358500208374,4.355,0.619,48.7,0.579,0.041,0.807,0.587,0.46,0.22756673962308893,
TCD,2022,4.12969897676332,13.7121023720065,18455316.0,950.0,65.617,30.6299991607666,Chad,Sub-Saharan Africa ,Low income,966.036468278568,4.355,0.619,48.7,0.579,0.041,0.807,0.587,0.46,0.29049234536173807,
TCD,2023,3.98004368401293,-4.64470870797775,19319064.0,960.0,66.035,30.6299991607666,Chad,Sub-Saharan Africa ,Low income,949.333453674592,4.355,0.619,48.7,0.579,0.041,0.807,0.587,0.46,0.4127387793717395,
TCD,2024,4.19925854085865,-6.60118564073726,20299123.0,940.0,66.035,30.6299991607666,Chad,Sub-Saharan Africa ,Low income,961.55975562506,4.355,0.619,48.7,0.579,0.041,0.807,0.587,0.46,0.4247888849618281,
TGO,2017,3.6358362125808914,4.975951505538329,48443445.48514851,14806.666666666666,62.406,60.9182911842179,Togo,Sub-Saharan Africa ,Low income,792.765700965864,4.361,0.508,54.3,0.717,-0.042,0.726,0.614,0.426,0.33338712284098415,
TGO,2019,4.096102039496224,2.30237251516834,49395291.217821784,16256.458333333334,62.940999999999995,66.5400009155273,Togo,Sub-Saharan Africa ,Low income,826.255209019798,4.179,0.539,55.1,0.617,0.065,0.737,0.59,0.444,0.35366652913126023,
TGO,2022,4.505807738767093,13.7121023720065,50534444.089108914,17961.25,65.617,72.5999984741211,Togo,Sub-Saharan Africa ,Low income,951.232378690387,4.179,0.539,55.1,0.617,0.065,0.737,0.59,0.444,0.35285610279439605,
THA,2016,2.3792317147371196,4.38389195513915,47926579.04950495,14672.916666666666,62.646,91.9800033569336,Thailand,East Asia & Pacific,Upper middle income,5833.57715617098,6.074,0.908,66.8,0.924,0.356,0.878,0.835,0.218,0.5414026229523357,
THA,2018,3.1442027326876385,0.626149149168847,48935325.554455444,15612.916666666666,62.443,93.7699966430664,Thailand,East Asia & Pacific,Upper middle income,7099.77650081458,6.012,0.873,67.2,0.905,0.259,0.907,0.843,0.198,0.5474002861127152,
THA,2019,2.4687548543647853,2.30237251516834,49395291.217821784,16256.458333333334,62.940999999999995,91.2699966430664,Thailand,East Asia & Pacific,Upper middle income,7605.69657797759,6.022,0.903,67.4,0.898,0.309,0.877,0.843,0.208,0.5542578766946732,
THA,2022,3.7246881789221074,13.7121023720065,50534444.089108914,17961.25,65.617,91.0999984741211,Thailand,East Asia & Pacific,Upper middle income,6909.35281815827,6.022,0.903,67.4,0.898,0.309,0.877,0.843,0.208,0.5427038744422436,
TKM,2022,4.271274422437587,13.7121023720065,50534444.089108914,17961.25,65.617,99.9000015258789,Turkmenistan,Europe & Central Asia,Upper middle income,5837.84224538947,6.286079999999999,0.8908,65.1280487804878,0.81432,-0.012726190476190476,0.66176,0.7149642857142857,0.307,0.5732010723362309,
TLS,2016,2.3792317147371196,4.38389195513915,47926579.04950495,14672.916666666666,62.646,65.7799987792969,Timor-Leste,East Asia & Pacific,Lower middle income,1335.54391073349,5.5694,0.8369,64.37011494252873,0.8804000000000001,-0.0018764044943820227,0.6411,0.7212584269662922,0.29167415730337076,0.49245021409367734,
TLS,2022,3.7246881789221074,13.7121023720065,50534444.089108914,17961.25,65.617,72.4700012207031,Timor-Leste,East Asia & Pacific,Lower middle income,2343.24954740187,5.6708,0.8574999999999999,65.1280487804878,0.8637,-0.012726190476190476,0.7251000000000001,0.7149642857142857,0.307,0.5051230833173042,
TON,2016,2.3792317147371196,4.38389195513915,47926579.04950495,14672.916666666666,62.646,97.1500015258789,Tonga,East Asia & Pacific,Upper middle income,3987.98626206287,5.5694,0.8369,64.37011494252873,0.8804000000000001,-0.0018764044943820227,0.6411,0.7212584269662922,0.29167415730337076,0.545247738195834,
TON,2019,2.4687548543647853,2.30237251516834,49395291.217821784,16256.458333333334,62.940999999999995,91.0500030517578,Tonga,East Asia & Pacific,Upper middle income,4788.83342304684,5.68076923076923,0.8563076923076923,65.14725274725275,0.8788461538461539,-0.016412186379928313,0.6725384615384615,0.707263440860215,0.3015913978494624,0.5577501110057077,
TUN,2018,2.1729027908591236,0.626149149168847,48935325.554455444,15612.916666666666,62.443,79.4800033569336,Tunisia,"Middle East, North Africa, Afghanistan & Pakistan",Lower middle income,3628.10366464236,4.741,0.733,66.9,0.65,-0.191,0.84,0.592,0.365,0.423847393409019,
TUN,2019,2.9528608151849265,2.30237251516834,49395291.217821784,16256.458333333334,62.941,80.5500030517578,Tunisia,"Middle East, North Africa, Afghanistan & Pakistan",Lower middle income,3528.87213306798,4.315,0.61,67.2,0.659,-0.209,0.889,0.539,0.433,0.3843457566152767,
TUN,2021,1.5317888243443447,5.13320340824963,50174106.782178216,16642.708333333332,60.417,83.6800003051758,Tunisia,"Middle East, North Africa, Afghanistan & Pakistan",Lower middle income,3906.93926319391,4.596,0.691,67.2,0.656,-0.201,0.87,0.539,0.433,0.34246634406775367,
TUN,2023,3.485926254085407,-4.64470870797775,50930514.79207921,18600.0,66.035,86.25,Tunisia,"Middle East, North Africa, Afghanistan & Pakistan",Lower middle income,3951.11683376921,4.596,0.691,67.2,0.656,-0.201,0.87,0.539,0.433,0.5318095153076811,
TUR,2016,2.3613274307094723,4.38389195513915,47926579.04950495,14672.916666666666,62.646,95.8600006103516,Turkiye,Europe & Central Asia,Upper middle income,10984.3643169061,5.326,0.88,66.0,0.644,-0.065,0.764,0.465,0.39,0.49309395900218844,
TUR,2017,3.3178574478394003,4.975951505538329,48443445.48514851,14806.666666666666,62.406,96.1500015258789,Turkiye,Europe & Central Asia,Upper middle income,10756.3877677883,5.607,0.876,66.4,0.644,-0.237,0.671,0.45,0.313,0.5025537299740406,
TUR,2019,2.921127028070663,2.30237251516834,49395291.217821784,16256.458333333334,62.940999999999995,96.7399978637695,Turkiye,Europe & Central Asia,Upper middle income,9395.23378001368,4.872,0.792,67.2,0.631,-0.136,0.76,0.422,0.368,0.4808849049787399,
TUR,2021,6.980650021465855,5.13320340824963,50174106.782178216,16642.708333333332,60.416999999999994,97.2600021362305,Turkiye,Europe & Central Asia,Upper middle income,9981.76398411336,4.948,0.822,67.2,0.576,-0.139,0.776,0.422,0.368,0.4047233378888724,
TUV,2022,3.7246881789221074,13.7121023720065,50534444.089108914,17961.25,65.617,100.0,Tuvalu,East Asia & Pacific,Upper middle income,5911.32727055301,5.6708,0.8574999999999999,65.1280487804878,0.8637,-0.012726190476190476,0.7251000000000001,0.7149642857142857,0.307,0.5525446231233283,
TZA,2020,-1.2596300497298878,5.601887914822241,49816889.40594059,15125.833333333334,61.454,82.232634463345,Tanzania,Sub-Saharan Africa ,Lower middle income,1117.41528320313,3.786,0.74,58.5,0.83,0.295,0.521,0.686,0.271,0.42997122843620095,
TZA,2022,4.505807738767093,13.7121023720065,50534444.089108914,17961.25,65.617,78.2099990844727,Tanzania,Sub-Saharan Africa ,Lower middle income,1207.52062988281,3.786,0.74,58.5,0.83,0.295,0.521,0.686,0.271,0.46629724237558506,
UGA,2016,2.7083617811823544,4.38389195513915,47926579.04950495,14672.916666666666,62.646,69.0999984741211,Uganda,Sub-Saharan Africa ,Low income,752.696571725656,4.233,0.754,54.9,0.739,0.132,0.811,0.668,0.41,0.3994671642350631,
UGA,2021,4.413444363995582,5.13320340824963,50174106.782178216,16642.708333333332,60.416999999999994,79.0582329588683,Uganda,Sub-Saharan Africa ,Low income,882.791717542504,4.636,0.781,54.9,0.709,0.122,0.855,0.668,0.41,0.36498775627876734,
URY,2016,1.8342635234766653,4.38389195513915,47926579.04950495,14672.916666666666,62.646,98.5599975585938,Uruguay,Latin America & Caribbean ,High income,17009.7584207276,6.171,0.9,68.8,0.886,-0.072,0.676,0.842,0.283,0.5827931300263511,
URY,2017,2.2036842256587335,4.975951505538329,48443445.48514851,14806.666666666666,62.406,98.620002746582,Uruguay,Latin America & Caribbean ,High income,19184.6502617082,6.336,0.914,68.9,0.898,-0.091,0.627,0.836,0.28,0.5915427641852247,
URY,2018,2.5516805713510746,0.626149149168847,48935325.554455444,15612.916666666666,62.443,98.6999969482422,Uruguay,Latin America & Caribbean ,High income,19249.9404677501,6.372,0.917,69.0,0.876,-0.097,0.683,0.877,0.275,0.609112694100786,
URY,2019,1.6538774906421267,2.30237251516834,49395291.217821784,16256.458333333334,62.940999999999995,98.7699966430664,Uruguay,Latin America & Caribbean ,High income,18315.7316980028,6.6,0.933,69.1,0.903,-0.095,0.599,0.889,0.222,0.6343068575179969,
URY,2020,-8.416545646189947,5.601887914822241,49816889.40594059,15125.833333333334,61.454,98.9665883559203,Uruguay,Latin America & Caribbean ,High income,15757.5355995779,6.31,0.921,69.2,0.908,-0.084,0.491,0.807,0.265,0.5854197993361284,
URY,2022,8.606755348556728,13.7121023720065,50534444.089108914,17961.25,65.617,98.8499984741211,Uruguay,Latin America & Caribbean ,High income,20818.6146091144,6.31,0.921,69.2,0.908,-0.084,0.491,0.807,0.265,0.6323868261554992,
URY,2023,3.859081955253886,-4.64470870797775,50930514.79207921,18600.0,66.035,98.8671517186373,Uruguay,Latin America & Caribbean ,High income,23019.4221560046,6.31,0.921,69.2,0.908,-0.084,0.491,0.807,0.265,0.7566041897259869,
URY,2024,4.042551419284728,-6.60118564073726,51326998.88118812,19142.916666666668,66.035,98.9100036621094,Uruguay,Latin America & Caribbean ,High income,23906.5133029408,6.31,0.921,69.2,0.908,-0.084,0.491,0.807,0.265,0.7694899361725033,
UZB,2016,2.3613274307094723,4.38389195513915,47926579.04950495,14672.916666666666,62.646,99.9899978637695,Uzbekistan,Europe & Central Asia,Lower middle income,2753.37951427589,5.893,0.945,64.5,0.984,0.208,0.52,0.842,0.147,0.6155567929743678,
UZB,2018,3.0324929177021214,0.626149149168847,48935325.554455444,15612.916666666666,62.443,99.9899978637695,Uzbekistan,Europe & Central Asia,Lower middle income,1813.08530813664,6.205,0.921,65.1,0.97,0.318,0.52,0.825,0.209,0.6325293431679986,
UZB,2019,2.921127028070663,2.30237251516834,49395291.217821784,16256.458333333334,62.940999999999995,100.0,Uzbekistan,Europe & Central Asia,Lower middle income,2041.38480729431,6.154,0.915,65.4,0.97,0.304,0.511,0.845,0.22,0.6322557274809503,
UZB,2021,6.980650021465855,5.13320340824963,50174106.782178216,16642.708333333332,60.416999999999994,100.0,Uzbekistan,Europe & Central Asia,Lower middle income,2258.51964119278,6.179,0.918,65.4,0.97,0.311,0.515,0.845,0.22,0.5595520222119998,
UZB,2022,4.271274422437587,13.7121023720065,50534444.089108914,17961.25,65.617,100.0,Uzbekistan,Europe & Central Asia,Lower middle income,2578.66689394219,6.179,0.918,65.4,0.97,0.311,0.515,0.845,0.22,0.6227409462839003,
VEN,2016,1.8342635234766653,4.38389195513915,47926579.04950495,14672.916666666666,62.646,97.129997253418,"Venezuela, RB",Latin America & Caribbean ,Not classified,3670.15737848208,4.041,0.902,66.1,0.458,-0.155,0.89,0.688,0.392,0.4130788370016754,
VEN,2017,2.2036842256587335,4.975951505538329,48443445.48514851,14806.666666666666,62.406,97.1867494381301,"Venezuela, RB",Latin America & Caribbean ,Not classified,3791.33160682077,5.071,0.896,66.3,0.636,-0.169,0.844,0.726,0.363,0.46531316271221085,
VGB,2015,2.153033102118463,-0.661709164713742,34498.0,15169.791666666666,62.27000000000001,90.1499993460519,British Virgin Islands,Latin America & Caribbean ,High income,13058.822877701938,5.897461538461538,0.836076923076923,64.17878787878789,0.7756153846153846,-0.007820895522388061,0.8043076923076923,0.7155820895522389,0.28932835820895525,0.5303382432256178,
VGB,2016,1.8342635234766653,4.38389195513915,33878.0,14672.916666666666,62.646,91.65631505062707,British Virgin Islands,Latin America & Caribbean ,High income,12338.394524159074,5.877888888888888,0.8481111111111111,64.37011494252873,0.7818888888888889,-0.0018764044943820227,0.8141111111111111,0.7212584269662922,0.29167415730337076,0.5114819509584801,
VGB,2017,2.2036842256587335,4.975951505538329,32699.0,14806.666666666666,62.406,91.48430033264317,British Virgin Islands,Latin America & Caribbean ,High income,13752.686877836895,5.946823529411765,0.8554705882352941,64.38095238095238,0.8186470588235294,-0.024639534883720927,0.7917058823529411,0.7078139534883721,0.30296511627906975,0.5164667506458134,
VGB,2018,2.5516805713510746,0.626149149168847,34657.0,15612.916666666666,62.443,91.47924112068334,British Virgin Islands,Latin America & Caribbean ,High income,13701.56372378864,6.006805555555555,0.8511388888888889,64.60860215053764,0.841,-0.02255964912280702,0.8042777777777778,0.7131894736842105,0.30396842105263155,0.5467988567867277,
VGB,2019,1.6538774906421267,2.30237251516834,36395.0,16256.458333333334,62.940999999999995,91.43314889773366,British Virgin Islands,Latin America & Caribbean ,High income,14123.751205146793,6.038588235294118,0.8372745098039216,65.14725274725275,0.8420392156862746,-0.016412186379928313,0.801078431372549,0.707263440860215,0.3015913978494624,0.5461411017954413,
VGB,2020,-8.416545646189947,5.601887914822241,37135.0,15125.833333333334,61.454,91.60306755581077,British Virgin Islands,Latin America & Caribbean ,High income,12023.738938021508,5.7795,0.8161372549019609,65.38192771084337,0.8441372549019608,-0.01115294117647059,0.7751568627450981,0.7156823529411764,0.3079294117647059,0.4845577921521165,
VGB,2021,8.915241576178348,5.13320340824963,37809.0,16642.708333333332,60.416999999999994,91.09663171723088,British Virgin Islands,Latin America & Caribbean ,High income,13905.84718361807,5.958200000000001,0.8276666666666667,65.29277108433735,0.8393333333333334,-0.028172413793103448,0.7998666666666666,0.7104941176470588,0.30934117647058823,0.46755006094075713,
VGB,2022,8.606755348556728,13.7121023720065,38319.0,17961.25,65.617,91.47427720792334,British Virgin Islands,Latin America & Caribbean ,High income,15836.00615714087,5.966866666666666,0.8293333333333333,65.1280487804878,0.8417333333333333,-0.012726190476190476,0.7755333333333333,0.7149642857142857,0.307,0.5370845203170186,
VGB,2023,3.859081955253886,-4.64470870797775,38985.0,18600.0,66.035,91.86376612517199,British Virgin Islands,Latin America & Caribbean ,High income,17288.546251753225,5.9801874999999995,0.8335,65.38333333333333,0.843625,-0.030569620253164557,0.7805625,0.7185443037974684,0.3077974683544304,0.6621304519616708,
VGB,2024,4.042551419284728,-6.60118564073726,39471.0,19142.916666666668,66.035,92.12011188823735,British Virgin Islands,Latin America & Caribbean ,High income,17480.43304575095,5.945333333333333,0.837388888888889,65.49866666666667,0.8446666666666667,-0.03577922077922078,0.7931666666666666,0.7204675324675325,0.3068441558441558,0.6732921806703659,
VNM,2019,2.4687548543647853,2.30237251516834,49395291.217821784,16256.458333333334,62.940999999999995,95.75,Viet Nam,East Asia & Pacific,Lower middle income,3440.90025375434,5.467,0.848,68.1,0.952,-0.126,0.788,0.751,0.186,0.5551380839682316,
VNM,2022,3.7246881789221074,13.7121023720065,50534444.089108914,17961.25,65.617,96.129997253418,Viet Nam,East Asia & Pacific,Lower middle income,4147.69777213621,5.467,0.848,68.1,0.952,-0.126,0.788,0.751,0.186,0.545698654171521,
VUT,2019,2.4687548543647853,2.30237251516834,49395291.217821784,16256.458333333334,62.940999999999995,92.7475057391313,Vanuatu,East Asia & Pacific,Lower middle income,3207.44650452083,5.68076923076923,0.8563076923076923,65.14725274725275,0.8788461538461539,-0.016412186379928313,0.6725384615384615,0.707263440860215,0.3015913978494624,0.5590954633232297,
VUT,2020,-4.2599105976926355,5.601887914822241,49816889.40594059,15125.833333333334,61.454,89.8307065699515,Vanuatu,East Asia & Pacific,Lower middle income,3042.98711598286,5.59435,0.83905,65.38192771084337,0.8547,-0.01115294117647059,0.6272,0.7156823529411764,0.3079294117647059,0.4968400144879689,
VUT,2023,3.993794217542616,-4.64470870797775,50930514.79207921,18600.0,66.035,87.9599990844727,Vanuatu,East Asia & Pacific,Lower middle income,3482.61458237637,5.55175,0.836125,65.38333333333333,0.8452500000000001,-0.030569620253164557,0.6745,0.7185443037974684,0.3077974683544304,0.6493910952243463,
WSM,2016,2.3792317147371196,4.38389195513915,47926579.04950495,14672.916666666666,62.646,99.4000015258789,Samoa,East Asia & Pacific,Upper middle income,4147.07097674888,5.5694,0.8369,64.37011494252873,0.8804000000000001,-0.0018764044943820227,0.6411,0.7212584269662922,0.29167415730337076,0.5490073101939779,
WSM,2017,2.970735608134203,4.975951505538329,48443445.48514851,14806.666666666666,62.406,100.0,Samoa,East Asia & Pacific,Upper middle income,4307.59381964907,5.5169999999999995,0.8210000000000001,64.38095238095238,0.8877777777777778,-0.024639534883720927,0.6233333333333334,0.7078139534883721,0.30296511627906975,0.5402051927477086,
WSM,2019,2.4687548543647853,2.30237251516834,49395291.217821784,16256.458333333334,62.940999999999995,97.9899978637695,Samoa,East Asia & Pacific,Upper middle income,4351.94234943706,5.68076923076923,0.8563076923076923,65.14725274725275,0.8788461538461539,-0.016412186379928313,0.6725384615384615,0.707263440860215,0.3015913978494624,0.5685334033239875,
ZAF,2016,2.7083617811823544,4.38389195513915,47926579.04950495,14672.916666666666,62.646,91.7399978637695,South Africa,Sub-Saharan Africa ,Upper middle income,5651.20585165749,4.77,0.875,55.7,0.774,-0.07,0.813,0.786,0.301,0.4852911974929288,
ZAF,2019,4.096102039496224,2.30237251516834,49395291.217821784,16256.458333333334,62.940999999999995,95.0199966430664,South Africa,Sub-Saharan Africa ,Upper middle income,6533.71121032856,5.035,0.848,56.9,0.738,-0.134,0.82,0.801,0.268,0.5031756439264131,
ZAF,2021,4.413444363995582,5.13320340824963,50174106.782178216,16642.708333333332,60.416999999999994,90.0,South Africa,Sub-Saharan Africa ,Upper middle income,6828.75624590017,4.956,0.86,56.9,0.749,-0.067,0.86,0.801,0.268,0.4192061590741651,
ZAF,2024,4.183676681047288,-6.60118564073726,51326998.88118812,19142.916666666668,66.035,91.1500015258789,South Africa,Sub-Saharan Africa ,Upper middle income,6267.186814093,4.956,0.86,56.9,0.749,-0.067,0.86,0.801,0.268,0.617773152363449,
ZMB,2018,3.653444243750906,0.626149149168847,48935325.554455444,15612.916666666666,62.443,71.129997253418,Zambia,Sub-Saharan Africa ,Lower middle income,1463.89997855593,4.041,0.718,55.3,0.791,0.048,0.811,0.703,0.351,0.4192052231334322,
ZMB,2020,-1.2596300497298878,5.601887914822241,49816889.40594059,15125.833333333334,61.454,81.7591544152556,Zambia,Sub-Saharan Africa ,Lower middle income,951.644316655957,4.838,0.767,56.3,0.75,0.056,0.81,0.691,0.345,0.4047423260511297,
ZMB,2021,4.413444363995582,5.13320340824963,50174106.782178216,16642.708333333332,60.416999999999994,79.9450094407671,Zambia,Sub-Saharan Africa ,Lower middle income,1127.16077872857,4.073,0.708,56.3,0.782,0.061,0.823,0.691,0.345,0.3555012179064565,
ZMB,2022,4.505807738767093,13.7121023720065,50534444.089108914,17961.25,65.617,79.9751431296375,Zambia,Sub-Saharan Africa ,Lower middle income,1447.12310138035,4.073,0.708,56.3,0.782,0.061,0.823,0.691,0.345,0.41873846377358215,
ZMB,2023,3.706650587063145,-4.64470870797775,50930514.79207921,18600.0,66.035,82.0418064991238,Zambia,Sub-Saharan Africa ,Lower middle income,1330.72780576709,4.073,0.708,56.3,0.782,0.061,0.823,0.691,0.345,0.5442227077125797,
ZWE,2019,4.096102039496224,2.30237251516834,49395291.217821784,16256.458333333334,62.940999999999995,93.2300033569336,Zimbabwe,Sub-Saharan Africa ,Lower middle income,2184.32923855469,2.694,0.759,56.2,0.632,-0.064,0.831,0.716,0.235,0.40273789690673223,
