country_code,year,gdp_growth,inflation,population,gni_per_capita,life_expectancy,literacy_rate,country_name,region,income_level,gdp_per_capita
ABW,2015,3.61147995361162,,107906.0,25430.0,,,Aruba,Latin America & Caribbean ,High income,27458.2201537506
ABW,2016,1.23433537363427,,108727.0,25560.0,,,Aruba,Latin America & Caribbean ,High income,27441.5502144601
ABW,2017,3.49342985290626,,108735.0,26460.0,,,Aruba,Latin America & Caribbean ,High income,28440.0416881491
ABW,2018,3.21247111920076,,108908.0,27970.0,,,Aruba,Latin America & Caribbean ,High income,30082.1584226798
ABW,2019,1.22511225158814,,109203.0,29320.0,,,Aruba,Latin America & Caribbean ,High income,30645.8906024548
ABW,2020,-23.8979898352395,,108587.0,22790.0,,,Aruba,Latin America & Caribbean ,High income,22759.8071750722
ABW,2021,14.7306159219273,,107700.0,26550.0,,,Aruba,Latin America & Caribbean ,High income,26749.3296093118
ABW,2022,10.6364309604414,,107310.0,30160.0,,,Aruba,Latin America & Caribbean ,High income,30975.9989121779
ABW,2023,7.70679839650956,,107359.0,31600.0,,,Aruba,Latin America & Caribbean ,High income,35718.7531191634
ABW,2024,6.81077669324542,,107995.0,35570.0,,,Aruba,Latin America & Caribbean ,High income,39498.5941293797
AFG,2015,1.45131466066431,-0.661709164713742,33831764.0,590.0,62.27,,Afghanistan,"Middle East, North Africa, Afghanistan & Pakistan",Low income,565.569730408751
AFG,2016,2.26031420279821,4.38389195513915,34700612.0,560.0,62.646,,Afghanistan,"Middle East, North Africa, Afghanistan & Pakistan",Low income,522.082215583898
AFG,2017,2.6470032027451,4.97595150553833,35688935.0,530.0,62.406,,Afghanistan,"Middle East, North Africa, Afghanistan & Pakistan",Low income,525.469770891619
AFG,2018,1.18922812944517,0.626149149168847,36743039.0,520.0,62.443,,Afghanistan,"Middle East, North Africa, Afghanistan & Pakistan",Low income,491.337221382603
AFG,2019,3.91160341625552,2.30237251516834,37856121.0,520.0,62.941,,Afghanistan,"Middle East, North Africa, Afghanistan & Pakistan",Low income,496.6025042585
AFG,2020,-2.35110067203466,5.60188791482224,39068979.0,490.0,61.454,35.9865546430738,Afghanistan,"Middle East, North Africa, Afghanistan & Pakistan",Low income,510.787063366811
AFG,2021,-20.7388393676343,5.13320340824963,40000412.0,380.0,60.417,37.2700004577637,Afghanistan,"Middle East, North Africa, Afghanistan & Pakistan",Low income,356.496214115892
AFG,2022,-6.24017199240269,13.7121023720065,40578842.0,370.0,65.617,,Afghanistan,"Middle East, North Africa, Afghanistan & Pakistan",Low income,357.261152798144
AFG,2023,2.26694373649188,-4.64470870797775,41454761.0,370.0,66.035,,Afghanistan,"Middle East, North Africa, Afghanistan & Pakistan",Low income,413.757894705303
AFG,2024,,-6.60118564073726,42647492.0,,,,Afghanistan,"Middle East, North Africa, Afghanistan & Pakistan",Low income,
AGO,2015,0.763177710914789,,28157798.0,4450.0,,,Angola,Sub-Saharan Africa ,Lower middle income,3641.72893919944
AGO,2016,-1.70053036291208,,29183070.0,2910.0,,,Angola,Sub-Saharan Africa ,Lower middle income,2051.81462126253
AGO,2017,-0.149396225571834,,30234839.0,2400.0,,,Angola,Sub-Saharan Africa ,Lower middle income,2790.71886869768
AGO,2018,-0.59441122698307,,31297155.0,2270.0,,,Angola,Sub-Saharan Africa ,Lower middle income,2860.0936483682
AGO,2019,-0.204680245744115,,32375632.0,2440.0,,,Angola,Sub-Saharan Africa ,Lower middle income,2493.67884440177
AGO,2020,-4.04244724639663,,33451132.0,2020.0,,,Angola,Sub-Saharan Africa ,Lower middle income,1759.35619918264
AGO,2021,2.10275251923413,,34532429.0,1990.0,,,Angola,Sub-Saharan Africa ,Lower middle income,2303.90812662776
AGO,2022,4.21600258475137,,35635029.0,2340.0,,,Angola,Sub-Saharan Africa ,Lower middle income,3682.1131513698
AGO,2023,1.26330814020108,,36749906.0,2700.0,,,Angola,Sub-Saharan Africa ,Lower middle income,2916.13663284275
AGO,2024,4.42390664406875,,37885849.0,2840.0,,,Angola,Sub-Saharan Africa ,Lower middle income,2665.87444776753
ALB,2015,2.2277040745779,,2731293.0,4660.0,,,Albania,Europe & Central Asia,Upper middle income,4199.53912925398
ALB,2016,3.90893551362245,,2689469.0,4670.0,,,Albania,Europe & Central Asia,Upper middle income,4457.63412207495
ALB,2017,3.28317593330073,,2648285.0,4700.0,,98.8199996948242,Albania,Europe & Central Asia,Upper middle income,5006.36012951959
ALB,2018,3.67141928098908,,2607733.0,5400.0,,,Albania,Europe & Central Asia,Upper middle income,5897.65452588774
ALB,2019,2.06257790176122,,2567801.0,5900.0,,,Albania,Europe & Central Asia,Upper middle income,6069.43903131027
ALB,2020,-3.31375636888916,,2528480.0,5970.0,,,Albania,Europe & Central Asia,Upper middle income,6027.91350716348
ALB,2021,8.96957619074095,,2489762.0,6940.0,,,Albania,Europe & Central Asia,Upper middle income,7242.45513146613
ALB,2022,4.8268006234359,,2451636.0,7720.0,,,Albania,Europe & Central Asia,Upper middle income,7756.96188744253
ALB,2023,4.01541716935742,,2414095.0,8730.0,,97.6800003051758,Albania,Europe & Central Asia,Upper middle income,9730.86921906893
ALB,2024,4.04592845095348,,2377128.0,9910.0,,,Albania,Europe & Central Asia,Upper middle income,11377.7757431099
AND,2015,1.43414039522716,,72174.0,,,,Andorra,Europe & Central Asia,High income,38654.95287916
AND,2016,3.70967806978986,,72181.0,,,,Andorra,Europe & Central Asia,High income,40129.8385811474
AND,2017,0.346071889630295,,73763.0,,,,Andorra,Europe & Central Asia,High income,40672.9717424447
AND,2018,1.58876549046354,,75162.0,,,,Andorra,Europe & Central Asia,High income,42819.7577456133
AND,2019,2.01554763848308,,76474.0,46450.0,,,Andorra,Europe & Central Asia,High income,41257.816459345
AND,2020,-11.1839399355384,,77380.0,42450.0,,,Andorra,Europe & Central Asia,High income,37361.1070081615
AND,2021,8.28677879049404,,78364.0,44720.0,,,Andorra,Europe & Central Asia,High income,42425.7066454357
AND,2022,9.56461225648184,,79705.0,47600.0,,,Andorra,Europe & Central Asia,High income,42414.0479861228
AND,2023,2.58355480961319,,80856.0,47920.0,,,Andorra,Europe & Central Asia,High income,46812.4261013102
AND,2024,3.37182032638998,,81938.0,47570.0,,,Andorra,Europe & Central Asia,High income,49303.6491674336
ARE,2019,,,,,,97.7799987792969,United Arab Emirates,"Middle East, North Africa, Afghanistan & Pakistan",High income,45938.6073581994
ARE,2021,,,,,,98.129997253418,United Arab Emirates,"Middle East, North Africa, Afghanistan & Pakistan",High income,44118.5047192771
ARE,2022,,,,,,98.2900009155273,United Arab Emirates,"Middle East, North Africa, Afghanistan & Pakistan",High income,50759.7589231191
ARE,2023,,,,,,98.0599975585938,United Arab Emirates,"Middle East, North Africa, Afghanistan & Pakistan",High income,49850.6872175164
ARE,2024,,,,,,98.8099975585938,United Arab Emirates,"Middle East, North Africa, Afghanistan & Pakistan",High income,50273.5060469837
ARG,2015,2.73115982828944,,43477012.0,12500.0,,,Argentina,Latin America & Caribbean ,Upper middle income,13679.6264980954
ARG,2016,-2.08032784377811,,43900313.0,12130.0,,,Argentina,Latin America & Caribbean ,Upper middle income,12699.9623137756
ARG,2017,2.81850297775918,,44288894.0,13070.0,,,Argentina,Latin America & Caribbean ,Upper middle income,14532.5009308511
ARG,2018,-2.61739646282038,,44654882.0,12390.0,,,Argentina,Latin America & Caribbean ,Upper middle income,11752.7998922979
ARG,2019,-2.00086100285785,,44973465.0,11210.0,,,Argentina,Latin America & Caribbean ,Upper middle income,9955.97478680428
ARG,2020,-9.9004848136464,,45191965.0,9040.0,,99.1399993896484,Argentina,Latin America & Caribbean ,Upper middle income,8535.59938004389
ARG,2021,10.4418119882506,,45312281.0,10070.0,,,Argentina,Latin America & Caribbean ,Upper middle income,10738.0179223384
ARG,2022,6.02074537534855,,45407904.0,11890.0,,,Argentina,Latin America & Caribbean ,Upper middle income,13962.1894087223
ARG,2023,-1.85578803046339,,45538401.0,12920.0,,,Argentina,Latin America & Caribbean ,Upper middle income,14261.8465667948
ARG,2024,-1.34293072157739,,45696159.0,13530.0,,,Argentina,Latin America & Caribbean ,Upper middle income,13969.7836603737
ARM,2015,3.19999999896625,,3004600.0,3910.0,,,Armenia,Europe & Central Asia,Upper middle income,3512.39350276709
ARM,2016,0.199999999825991,,2992300.0,3690.0,,99.7399978637695,Armenia,Europe & Central Asia,Upper middle income,3524.42476874707
ARM,2017,7.50000000164144,,2979400.0,3900.0,,99.7399978637695,Armenia,Europe & Central Asia,Upper middle income,3869.05373867752
ARM,2018,5.19999999965324,,2969000.0,4220.0,,,Armenia,Europe & Central Asia,Upper middle income,4196.00562301769
ARM,2019,7.59999999853918,,2962500.0,4650.0,,,Armenia,Europe & Central Asia,Upper middle income,4597.22887399548
ARM,2020,-7.19999999920631,,2961500.0,4230.0,,99.7900009155273,Armenia,Europe & Central Asia,Upper middle income,4268.68093304583
ARM,2021,5.80000000065645,,2962300.0,4580.0,,,Armenia,Europe & Central Asia,Upper middle income,4685.17997128509
ARM,2022,12.5999999997766,,2969200.0,5690.0,,99.8199996948242,Armenia,Europe & Central Asia,Upper middle income,6571.97445545099
ARM,2023,8.29999999959539,,2964300.0,6850.0,,99.8399963378906,Armenia,Europe & Central Asia,Upper middle income,8159.08720967996
ARM,2024,5.90000000046228,,3033500.0,7810.0,,,Armenia,Europe & Central Asia,Upper middle income,8556.21406956719
ASM,2015,3.14960629921259,,52878.0,,,,American Samoa,East Asia & Pacific,High income,12727.4102651386
ASM,2016,-1.67938931297709,,52245.0,,,,American Samoa,East Asia & Pacific,High income,12843.3342903627
ASM,2017,-6.98757763975155,,51586.0,,,,American Samoa,East Asia & Pacific,High income,11863.6839452565
ASM,2018,2.6711185308848,,50908.0,,,,American Samoa,East Asia & Pacific,High income,12552.0546868861
ASM,2019,-0.487804878048777,,50209.0,,,,American Samoa,East Asia & Pacific,High income,12886.1359517218
ASM,2020,4.41176470588236,,49761.0,,,,American Samoa,East Asia & Pacific,High income,14489.2586563775
ASM,2021,-0.782472613458523,,49225.0,,,,American Samoa,East Asia & Pacific,High income,15236.1604875571
ASM,2022,1.73501577287065,,48342.0,,,,American Samoa,East Asia & Pacific,High income,18017.4589383973
ASM,2023,,,47521.0,,,,American Samoa,East Asia & Pacific,High income,
ASM,2024,,,46765.0,,,,American Samoa,East Asia & Pacific,High income,
ATG,2015,1.42161997595372,,89409.0,14550.0,,,Antigua and Barbuda,Latin America & Caribbean ,High income,16077.6340769406
ATG,2016,4.1203675438061,,89969.0,15080.0,,,Antigua and Barbuda,Latin America & Caribbean ,High income,16556.8551801588
ATG,2017,2.71272657973627,,90468.0,15860.0,,,Antigua and Barbuda,Latin America & Caribbean ,High income,16965.7288273816
ATG,2018,6.71200487159726,,90926.0,17460.0,,,Antigua and Barbuda,Latin America & Caribbean ,High income,18273.4270684912
ATG,2019,3.1722219373937,,91364.0,18250.0,,,Antigua and Barbuda,Latin America & Caribbean ,High income,18896.3721832248
ATG,2020,-18.8687765208148,,91846.0,15460.0,,,Antigua and Barbuda,Latin America & Caribbean ,High income,15369.6082250401
ATG,2021,8.17286311186622,,92349.0,16660.0,,,Antigua and Barbuda,Latin America & Caribbean ,High income,17348.6006987182
ATG,2022,9.10780623385958,,92840.0,18820.0,,,Antigua and Barbuda,Latin America & Caribbean ,High income,20105.1989085164
ATG,2023,2.42736300110336,,93316.0,19970.0,,,Antigua and Barbuda,Latin America & Caribbean ,High income,21494.5474000727
ATG,2024,3.65638765956977,,93772.0,21150.0,,,Antigua and Barbuda,Latin America & Caribbean ,High income,23542.4526945578
AUS,2015,2.16434780647852,,23815995.0,60780.0,,,Australia,East Asia & Pacific,High income,56970.3613028094
AUS,2016,2.75564065529868,,24190907.0,54330.0,,,Australia,East Asia & Pacific,High income,50084.4440606385
AUS,2017,2.29331030192918,,24592588.0,51700.0,,,Australia,East Asia & Pacific,High income,54117.547718609
AUS,2018,2.87417039499501,,24963258.0,53280.0,,,Australia,East Asia & Pacific,High income,57410.1737346009
AUS,2019,2.19401703622717,,25334826.0,55090.0,,,Australia,East Asia & Pacific,High income,55194.7585097428
AUS,2020,-0.133531904304775,,25649248.0,53770.0,,,Australia,East Asia & Pacific,High income,51983.4523666382
AUS,2021,2.00694844335034,,25685412.0,57220.0,,,Australia,East Asia & Pacific,High income,60758.9044397144
AUS,2022,4.25304559238732,,26018721.0,60790.0,,,Australia,East Asia & Pacific,High income,65169.5191118657
AUS,2023,3.58382100798981,,26659922.0,63320.0,,,Australia,East Asia & Pacific,High income,65058.3773146674
AUS,2024,1.37340773365975,,27196812.0,62680.0,,,Australia,East Asia & Pacific,High income,64603.9856308464
AUT,2015,1.30352331826198,,8642699.0,47190.0,,,Austria,Europe & Central Asia,High income,43915.228020857
AUT,2016,2.11721964494312,,8736668.0,45980.0,,,Austria,Europe & Central Asia,High income,45061.4993920192
AUT,2017,2.27224992038207,,8797566.0,44800.0,,,Austria,Europe & Central Asia,High income,47163.7425775142
AUT,2018,2.48422114080024,,8840521.0,48710.0,,,Austria,Europe & Central Asia,High income,51194.0749841299
AUT,2019,1.75497619649288,,8879920.0,50900.0,,,Austria,Europe & Central Asia,High income,49885.9947355204
AUT,2020,-6.31825509209936,,8916864.0,49000.0,,,Austria,Europe & Central Asia,High income,48716.4098900349
AUT,2021,4.92309171717903,,8955797.0,53440.0,,,Austria,Europe & Central Asia,High income,53648.6437976214
AUT,2022,5.33096379400371,,9041851.0,56310.0,,,Austria,Europe & Central Asia,High income,52336.7725223758
AUT,2023,-0.786244288594673,,9131761.0,55890.0,,,Austria,Europe & Central Asia,High income,56579.504175468
AUT,2024,-0.659089573171372,,9177982.0,54760.0,,,Austria,Europe & Central Asia,High income,58268.8787651601
AZE,2015,1.04954641215085,,9649341.0,6610.0,,,Azerbaijan,Europe & Central Asia,Upper middle income,5500.50364628486
AZE,2016,-3.06359842251706,,9757812.0,4790.0,,99.7900009155273,Azerbaijan,Europe & Central Asia,Upper middle income,3880.6852276838
AZE,2017,0.153614661745507,,9854033.0,4110.0,,99.7900009155273,Azerbaijan,Europe & Central Asia,Upper middle income,4147.1981423222
AZE,2018,1.50040167167313,,9939771.0,4080.0,,,Azerbaijan,Europe & Central Asia,Upper middle income,4739.7943123408
AZE,2019,2.47980879185565,,10024283.0,4510.0,,99.8000030517578,Azerbaijan,Europe & Central Asia,Upper middle income,4805.75371765917
AZE,2020,-4.19896065333343,,10093121.0,4480.0,,,Azerbaijan,Europe & Central Asia,Upper middle income,4229.91064904503
AZE,2021,5.61644027150554,,10137750.0,4910.0,,,Azerbaijan,Europe & Central Asia,Upper middle income,5408.04535175023
AZE,2022,4.71468033247649,,10141756.0,5670.0,,,Azerbaijan,Europe & Central Asia,Upper middle income,7770.594223351
AZE,2023,1.35447749115767,,10153958.0,6680.0,,99.7799987792969,Azerbaijan,Europe & Central Asia,Upper middle income,7133.02838048328
AZE,2024,4.07140205008956,,10202830.0,7330.0,,,Azerbaijan,Europe & Central Asia,Upper middle income,7283.8499076179
BDI,2015,-0.404525595204191,,11047580.0,240.0,,,Burundi,Sub-Saharan Africa ,Low income,254.402585226788
BDI,2016,3.20017470604286,,11239451.0,240.0,,65.6900024414062,Burundi,Sub-Saharan Africa ,Low income,232.937812100153
BDI,2017,3.83185756925806,,11506762.0,240.0,,68.379997253418,Burundi,Sub-Saharan Africa ,Low income,246.060725714184
BDI,2018,5.3422447312502,,11859446.0,250.0,,,Burundi,Sub-Saharan Africa ,Low income,245.661678332009
BDI,2019,4.45934202358784,,12255336.0,250.0,,,Burundi,Sub-Saharan Africa ,Low income,234.31061590725
BDI,2020,0.306443809481593,,12617036.0,250.0,,71.4078166079164,Burundi,Sub-Saharan Africa ,Low income,255.8324539389
BDI,2021,3.23707479823578,,12965481.0,260.0,,,Burundi,Sub-Saharan Africa ,Low income,264.980379269655
BDI,2022,2.31770122223331,,13321097.0,290.0,,,Burundi,Sub-Saharan Africa ,Low income,302.992505263552
BDI,2023,3.254768974261,,13689450.0,280.0,,,Burundi,Sub-Saharan Africa ,Low income,250.627253097255
BDI,2024,4.11227376264944,,14047786.0,260.0,,,Burundi,Sub-Saharan Africa ,Low income,219.424830882698
BEL,2015,1.47416433731927,,11274196.0,45520.0,,,Belgium,Europe & Central Asia,High income,40893.804537772
BEL,2016,1.19350273007754,,11331422.0,43240.0,,,Belgium,Europe & Central Asia,High income,41854.5498296444
BEL,2017,1.47446761556785,,11375158.0,42310.0,,,Belgium,Europe & Central Asia,High income,44035.3239358548
BEL,2018,1.87796847383565,,11427054.0,45980.0,,,Belgium,Europe & Central Asia,High income,47487.2100392561
BEL,2019,2.4428900448156,,11488980.0,48070.0,,,Belgium,Europe & Central Asia,High income,46716.6227467964
BEL,2020,-4.7929839083518,,11538604.0,46330.0,,,Belgium,Europe & Central Asia,High income,45906.2875805246
BEL,2021,6.25445686466593,,11586195.0,51140.0,,,Belgium,Europe & Central Asia,High income,51658.238294958
BEL,2022,3.9562379757933,,11680210.0,54330.0,,,Belgium,Europe & Central Asia,High income,50605.7496677086
BEL,2023,1.71412195515242,,11779946.0,55520.0,,,Belgium,Europe & Central Asia,High income,55291.4754541329
BEL,2024,1.07045413019414,,11858610.0,55290.0,,,Belgium,Europe & Central Asia,High income,56614.5679499036
BEN,2015,1.77815106030278,,11360681.0,1100.0,,,Benin,Sub-Saharan Africa ,Lower middle income,1002.41886879614
BEN,2016,3.33967342629693,,11697842.0,1040.0,,,Benin,Sub-Saharan Africa ,Lower middle income,1010.5338961993
BEN,2017,5.67156195150444,,12039780.0,1020.0,,38.8699989318848,Benin,Sub-Saharan Africa ,Lower middle income,1054.97408066814
BEN,2018,6.69725362180888,,12383347.0,1120.0,,,Benin,Sub-Saharan Africa ,Lower middle income,1151.7409703472
BEN,2019,6.86568662848335,,12726755.0,1170.0,,49.0,Benin,Sub-Saharan Africa ,Lower middle income,1130.82135339795
BEN,2020,3.84879240030133,,13070169.0,1190.0,,,Benin,Sub-Saharan Africa ,Lower middle income,1200.19426557789
BEN,2021,7.1554516457574,,13413417.0,1280.0,,43.8300018310547,Benin,Sub-Saharan Africa ,Lower middle income,1318.65158075198
BEN,2022,6.25294705373625,,13759501.0,1360.0,,51.3800010681152,Benin,Sub-Saharan Africa ,Lower middle income,1266.42711031904
BEN,2023,6.3527773854442,,14111034.0,1390.0,,,Benin,Sub-Saharan Africa ,Lower middle income,1394.17784721831
BEN,2024,7.45311566226201,,14462724.0,1430.0,,,Benin,Sub-Saharan Africa ,Lower middle income,1485.38018885134
BFA,2015,3.9212287937935,,18777487.0,680.0,,,Burkina Faso,Sub-Saharan Africa ,Low income,630.124750752312
BFA,2016,5.95797670754024,,19334856.0,650.0,,,Burkina Faso,Sub-Saharan Africa ,Low income,663.742364842886
BFA,2017,6.20348941121868,,19894407.0,650.0,,,Burkina Faso,Sub-Saharan Africa ,Low income,709.091535894695
BFA,2018,6.60456906812341,,20438288.0,730.0,,39.3499984741211,Burkina Faso,Sub-Saharan Africa ,Low income,777.465618514048
BFA,2019,5.88920497068135,,20961952.0,760.0,,29.6599998474121,Burkina Faso,Sub-Saharan Africa ,Low income,764.853077774946
BFA,2020,2.01077262406221,,21478690.0,770.0,,,Burkina Faso,Sub-Saharan Africa ,Low income,825.237038782475
BFA,2021,6.94252492572348,,21995243.0,820.0,,36.9700012207031,Burkina Faso,Sub-Saharan Africa ,Low income,895.535288442991
BFA,2022,1.62673258211919,,22509038.0,840.0,,40.9199981689453,Burkina Faso,Sub-Saharan Africa ,Low income,827.330843486661
BFA,2023,3.00027415814125,,23025776.0,840.0,,41.442033530681,Burkina Faso,Sub-Saharan Africa ,Low income,873.482589651003
BFA,2024,4.79980951667159,,23548781.0,850.0,,,Burkina Faso,Sub-Saharan Africa ,Low income,981.992649769081
BGD,2015,6.55263987816197,,159383179.0,1200.0,,,Bangladesh,South Asia,Lower middle income,1224.38647668165
BGD,2016,7.11347821270093,,160811932.0,1400.0,,72.7600021362305,Bangladesh,South Asia,Lower middle income,1649.28380858601
BGD,2017,6.59024999794057,,162186147.0,1640.0,,72.8899993896484,Bangladesh,South Asia,Lower middle income,1811.08221668646
BGD,2018,7.31941263014136,,163523103.0,2020.0,,73.9100036621094,Bangladesh,South Asia,Lower middle income,1965.24372731467
BGD,2019,7.88191515117722,,164913055.0,2220.0,,74.6800003051758,Bangladesh,South Asia,Lower middle income,2129.79896954606
BGD,2020,3.44801755122445,,166298024.0,2320.0,,74.9100036621094,Bangladesh,South Asia,Lower middle income,2248.85078828233
BGD,2021,6.93867912442445,,167658854.0,2600.0,,76.3600006103516,Bangladesh,South Asia,Lower middle income,2482.84917843357
BGD,2022,7.09982877575158,,169384897.0,2850.0,,79.0,Bangladesh,South Asia,Lower middle income,2716.48592780431
BGD,2023,5.77511237007889,,171466990.0,2880.0,,,Bangladesh,South Asia,Lower middle income,2551.01773827307
BGD,2024,4.22325911250161,,173562364.0,2820.0,,,Bangladesh,South Asia,Lower middle income,2593.41611680774
BGR,2015,3.39755336780412,,6984225.0,7620.0,,,Bulgaria,Europe & Central Asia,High income,7268.65445473873
BGR,2016,3.02662841229517,,6894139.0,7630.0,,,Bulgaria,Europe & Central Asia,High income,7822.49923292968
BGR,2017,2.74592676054861,,6803468.0,7900.0,,,Bulgaria,Europe & Central Asia,High income,8696.68930427924
BGR,2018,2.33015213407045,,6710798.0,8860.0,,,Bulgaria,Europe & Central Asia,High income,9849.38397225174
BGR,2019,3.79331765354152,,6616726.0,9920.0,,,Bulgaria,Europe & Central Asia,High income,10353.7204584127
BGR,2020,-3.13323303076419,,6550696.0,10090.0,,,Bulgaria,Europe & Central Asia,High income,10760.211975413
BGR,2021,7.82817232822165,,6507301.0,11720.0,,,Bulgaria,Europe & Central Asia,High income,12966.1457543396
BGR,2022,4.0838640915123,,6465097.0,13100.0,,,Bulgaria,Europe & Central Asia,High income,13999.1949530956
BGR,2023,1.68151074972904,,6446596.0,14240.0,,,Bulgaria,Europe & Central Asia,High income,15853.208636704
BGR,2024,3.38709063847314,,6441421.0,15370.0,,,Bulgaria,Europe & Central Asia,High income,17596.0173663521
BHR,2015,2.50787205267615,,1370322.0,23640.0,,,Bahrain,"Middle East, North Africa, Afghanistan & Pakistan",High income,23734.0551143019
BHR,2016,3.81499327422425,,1423726.0,22720.0,,,Bahrain,"Middle East, North Africa, Afghanistan & Pakistan",High income,23800.001440631
BHR,2017,4.95383534123657,,1501116.0,22360.0,,,Bahrain,"Middle East, North Africa, Afghanistan & Pakistan",High income,24784.7693514607
BHR,2018,2.05258864979861,,1503091.0,24200.0,,,Bahrain,"Middle East, North Africa, Afghanistan & Pakistan",High income,26324.4066549559
BHR,2019,2.05287774418655,,1483756.0,25800.0,,,Bahrain,"Middle East, North Africa, Afghanistan & Pakistan",High income,27259.7438599327
BHR,2020,-5.9113629524152,,1472204.0,23870.0,,,Bahrain,"Middle East, North Africa, Afghanistan & Pakistan",High income,24342.8444554718
BHR,2021,4.35004091668986,,1504365.0,25240.0,,,Bahrain,"Middle East, North Africa, Afghanistan & Pakistan",High income,27147.8083882286
BHR,2022,6.18016125475185,,1524693.0,28300.0,,97.870002746582,Bahrain,"Middle East, North Africa, Afghanistan & Pakistan",High income,30470.5219276023
BHR,2023,3.87811614845566,,1577059.0,28460.0,,97.8499984741211,Bahrain,"Middle East, North Africa, Afghanistan & Pakistan",High income,29290.1284215098
BHR,2024,2.60379670648454,,1588670.0,28090.0,,97.8199996948242,Bahrain,"Middle East, North Africa, Afghanistan & Pakistan",High income,29653.5682731534
BHS,2015,0.997411675486745,,385346.0,27620.0,,,"Bahamas, The",Latin America & Caribbean ,High income,30719.405417469
BHS,2016,-1.15650811269629,,388055.0,27820.0,,,"Bahamas, The",Latin America & Caribbean ,High income,30616.5363157284
BHS,2017,3.3713988456489,,390485.0,29570.0,,,"Bahamas, The",Latin America & Caribbean ,High income,31875.4881749619
BHS,2018,2.39795510823548,,392717.0,30650.0,,,"Bahamas, The",Latin America & Caribbean ,High income,32642.3353203452
BHS,2019,-0.838585871193203,,394675.0,31630.0,,,"Bahamas, The",Latin America & Caribbean ,High income,33640.3369861278
BHS,2020,-20.0893664891399,,395863.0,25180.0,,,"Bahamas, The",Latin America & Caribbean ,High income,26178.7537607708
BHS,2021,17.5861390037409,,396373.0,29910.0,,,"Bahamas, The",Latin America & Caribbean ,High income,30367.8605757708
BHS,2022,10.8779009410268,,397538.0,33790.0,,,"Bahamas, The",Latin America & Caribbean ,High income,34957.1613279737
BHS,2023,3.04824180553773,,399440.0,35180.0,,,"Bahamas, The",Latin America & Caribbean ,High income,38231.774484278
BHS,2024,3.37866553336166,,401283.0,37020.0,,,"Bahamas, The",Latin America & Caribbean ,High income,39455.4466548546
BIH,2015,4.28413016137854,,3518541.0,5140.0,,,Bosnia and Herzegovina,Europe & Central Asia,Upper middle income,4662.25869219448
BIH,2016,3.24225822231566,,3473003.0,5070.0,,,Bosnia and Herzegovina,Europe & Central Asia,Upper middle income,4928.5665903114
BIH,2017,3.24409895306594,,3428682.0,5070.0,,,Bosnia and Herzegovina,Europe & Central Asia,Upper middle income,5345.01978766473
BIH,2018,3.82900399349064,,3387000.0,5720.0,,,Bosnia and Herzegovina,Europe & Central Asia,Upper middle income,6047.84707207392
BIH,2019,2.88585242083978,,3345533.0,6180.0,,,Bosnia and Herzegovina,Europe & Central Asia,Upper middle income,6122.37541352353
BIH,2020,-3.01509335460439,,3299349.0,6160.0,,,Bosnia and Herzegovina,Europe & Central Asia,Upper middle income,6130.31187968266
BIH,2021,7.39164256472846,,3244907.0,6970.0,,,Bosnia and Herzegovina,Europe & Central Asia,Upper middle income,7295.34378682258
BIH,2022,4.22681333390325,,3204802.0,7710.0,,,Bosnia and Herzegovina,Europe & Central Asia,Upper middle income,7655.59421024383
BIH,2023,1.99439414850893,,3185073.0,8280.0,,,Bosnia and Herzegovina,Europe & Central Asia,Upper middle income,8663.02326458629
BIH,2024,2.9715174617652,,3164253.0,8790.0,,,Bosnia and Herzegovina,Europe & Central Asia,Upper middle income,9358.78768951134
BLR,2015,-3.82957056812593,,9461076.0,6740.0,,,Belarus,Europe & Central Asia,Upper middle income,5967.05595058777
BLR,2016,-2.5264464460425,,9469379.0,5640.0,,,Belarus,Europe & Central Asia,Upper middle income,5039.77560949445
BLR,2017,2.53218349471909,,9458989.0,5320.0,,,Belarus,Europe & Central Asia,Upper middle income,5785.54491935194
BLR,2018,3.14919758275296,,9438785.0,5730.0,,,Belarus,Europe & Central Asia,Upper middle income,6360.037502312
BLR,2019,1.44645548204305,,9419758.0,6370.0,,99.870002746582,Belarus,Europe & Central Asia,Upper middle income,6837.77339645635
BLR,2020,-0.672742918585868,,9379952.0,6410.0,,,Belarus,Europe & Central Asia,Upper middle income,6542.85579976768
BLR,2021,2.43886210234947,,9302585.0,7040.0,,,Belarus,Europe & Central Asia,Upper middle income,7489.71894713888
BLR,2022,-4.65839591328999,,9228071.0,7210.0,,,Belarus,Europe & Central Asia,Upper middle income,7994.64806074889
BLR,2023,4.12654007153881,,9178298.0,7850.0,,,Belarus,Europe & Central Asia,Upper middle income,7896.75388295584
BLR,2024,4.00984852465452,,9132629.0,8260.0,,,Belarus,Europe & Central Asia,Upper middle income,8317.63399913792
BLZ,2015,2.7602602736023,,356333.0,5790.0,,,Belize,Latin America & Caribbean ,Upper middle income,6154.62264230369
BLZ,2016,-0.0187414958130319,,364705.0,5640.0,,,Belize,Latin America & Caribbean ,Upper middle income,6140.86713919469
BLZ,2017,-1.83323729057784,,373202.0,5490.0,,,Belize,Latin America & Caribbean ,Upper middle income,6071.85451846453
BLZ,2018,0.822068592512508,,380226.0,5610.0,,,Belize,Latin America & Caribbean ,Upper middle income,6011.99036888587
BLZ,2019,4.25658710030072,,385829.0,5850.0,,,Belize,Latin America & Caribbean ,Upper middle income,6171.61449761423
BLZ,2020,-13.5228997055506,,390812.0,5170.0,,,Belize,Latin America & Caribbean ,Upper middle income,5238.54078175696
BLZ,2021,17.9899244143607,,395346.0,6120.0,,,Belize,Latin America & Caribbean ,Upper middle income,6142.98930557031
BLZ,2022,9.25051329530994,,402733.0,6710.0,,87.879997253418,Belize,Latin America & Caribbean ,Upper middle income,7068.21728043145
BLZ,2023,0.500127941638667,,411106.0,6850.0,,,Belize,Latin America & Caribbean ,Upper middle income,7424.75821321022
BLZ,2024,3.50466435023895,,417072.0,7150.0,,,Belize,Latin America & Caribbean ,Upper middle income,7681.24400583113
BMU,2015,0.775529699568978,,63464.0,103940.0,,,Bermuda,North America,High income,104855.366822135
BMU,2016,-0.657206304259205,,63449.0,105430.0,,,Bermuda,North America,High income,108747.356144305
BMU,2017,3.61141983706115,,63578.0,113460.0,,,Bermuda,North America,High income,112339.425587467
BMU,2018,-0.432801300339307,,63831.0,117160.0,,,Bermuda,North America,High income,113204.82210838
BMU,2019,0.307106461240664,,64107.0,116920.0,,,Bermuda,North America,High income,115798.040775578
BMU,2020,-6.82757303480177,,64382.0,110960.0,,,Bermuda,North America,High income,106976.546239632
BMU,2021,4.60742917109469,,64648.0,120410.0,,,Bermuda,North America,High income,112765.08167306
BMU,2022,6.47622571186707,,64749.0,132200.0,,,Bermuda,North America,High income,121613.939983629
BMU,2023,4.91721557264164,,64698.0,134500.0,,,Bermuda,North America,High income,132604.439086216
BMU,2024,5.97253260071749,,64636.0,145150.0,,,Bermuda,North America,High income,142855.374713782
BOL,2015,4.8571871797142,,11014705.0,2920.0,,,Bolivia,Latin America & Caribbean ,Lower middle income,2996.01289811344
BOL,2016,4.26392086382097,,11180020.0,3000.0,,,Bolivia,Latin America & Caribbean ,Lower middle income,3035.87347732132
BOL,2017,4.19520633360403,,11344587.0,3250.0,,,Bolivia,Latin America & Caribbean ,Lower middle income,4048.40119739839
BOL,2018,2.86808404814794,,11508368.0,3730.0,,,Bolivia,Latin America & Caribbean ,Lower middle income,4206.8552936661
BOL,2019,1.50672102666863,,11671386.0,4170.0,,,Bolivia,Latin America & Caribbean ,Lower middle income,4203.15492855788
BOL,2020,-12.7194690092717,,11816299.0,3620.0,,93.8499984741211,Bolivia,Latin America & Caribbean ,Lower middle income,3580.96761778303
BOL,2021,10.0290488827886,,11937360.0,3990.0,,,Bolivia,Latin America & Caribbean ,Lower middle income,4010.76053686204
BOL,2022,3.74741781241461,,12077154.0,4190.0,,,Bolivia,Latin America & Caribbean ,Lower middle income,4219.46113742445
BOL,2023,2.51636590154891,,12244159.0,4230.0,,95.5500030517578,Bolivia,Latin America & Caribbean ,Lower middle income,4274.70820547613
BOL,2024,-1.12335595517212,,12413315.0,4160.0,,,Bolivia,Latin America & Caribbean ,Lower middle income,4421.16609889999
BRA,2015,-3.54576339347278,,201675532.0,10330.0,,,Brazil,Latin America & Caribbean ,Upper middle income,8936.1955889444
BRA,2016,-3.2759169063211,,203218114.0,9050.0,,92.8099975585938,Brazil,Latin America & Caribbean ,Upper middle income,8836.28546025694
BRA,2017,1.32286905390815,,204703445.0,8830.0,,93.0800018310547,Brazil,Latin America & Caribbean ,Upper middle income,10080.5078722821
BRA,2018,1.78366676137003,,206107261.0,9320.0,,93.2300033569336,Brazil,Latin America & Caribbean ,Upper middle income,9300.66072904004
BRA,2019,1.22077782271943,,207455459.0,9410.0,,93.9019248012051,Brazil,Latin America & Caribbean ,Upper middle income,9029.83304401079
BRA,2020,-3.27675879612903,,208660842.0,8080.0,,94.7576490611664,Brazil,Latin America & Caribbean ,Upper middle income,7074.19407495707
BRA,2021,4.7626043797061,,209550294.0,8060.0,,94.7848837154757,Brazil,Latin America & Caribbean ,Upper middle income,7972.53696080695
BRA,2022,3.01669435408112,,210306415.0,8440.0,,94.3853874531348,Brazil,Latin America & Caribbean ,Upper middle income,9281.33282136864
BRA,2023,3.24165532813583,,211140729.0,9310.0,,94.5839624750993,Brazil,Latin America & Caribbean ,Upper middle income,10377.5897719195
BRA,2024,3.41931516597739,,211998573.0,9930.0,,94.8005123042056,Brazil,Latin America & Caribbean ,Upper middle income,10310.5488778166
BRB,2015,-1.17048018967635,,278990.0,19150.0,,,Barbados,Latin America & Caribbean ,High income,20424.2087530019
BRB,2016,1.49650622520576,,279598.0,19200.0,,,Barbados,Latin America & Caribbean ,High income,20295.5672072046
BRB,2017,0.708386729317951,,280171.0,19370.0,,,Barbados,Latin America & Caribbean ,High income,20284.5762052461
BRB,2018,-1.2760241773002,,280711.0,19910.0,,,Barbados,Latin America & Caribbean ,High income,21381.2426303209
BRB,2019,0.227712137486577,,281207.0,20520.0,,,Barbados,Latin America & Caribbean ,High income,21912.1501242857
BRB,2020,-14.3647119341564,,281698.0,18740.0,,,Barbados,Latin America & Caribbean ,High income,19194.4919736739
BRB,2021,-0.0967779613221893,,282147.0,19880.0,,,Barbados,Latin America & Caribbean ,High income,21079.6145271791
BRB,2022,17.2264626793379,,282318.0,24300.0,,,Barbados,Latin America & Caribbean ,High income,24387.0387293761
BRB,2023,2.914357359625,,282336.0,24960.0,,,Barbados,Latin America & Caribbean ,High income,25583.878782727
BRB,2024,2.4822621396186,,282467.0,25140.0,,,Barbados,Latin America & Caribbean ,High income,26544.8707282621
BRN,2015,-0.392383749502031,,422212.0,38180.0,,,Brunei Darussalam,East Asia & Pacific,High income,30625.1287744656
BRN,2016,-2.47791771833224,,427564.0,32570.0,,,Brunei Darussalam,East Asia & Pacific,High income,26663.2972950602
BRN,2017,1.32872661057823,,432772.0,29230.0,,,Brunei Darussalam,East Asia & Pacific,High income,28024.3824580252
BRN,2018,0.0523710418528935,,437810.0,28790.0,,,Brunei Darussalam,East Asia & Pacific,High income,30988.1190267227
BRN,2019,3.86884436177075,,442680.0,31550.0,,,Brunei Darussalam,East Asia & Pacific,High income,30426.5730656528
BRN,2020,1.1335733495246,,447404.0,30810.0,,,Brunei Darussalam,East Asia & Pacific,High income,26834.3592233943
BRN,2021,-1.59076260099606,,451721.0,29890.0,,,Brunei Darussalam,East Asia & Pacific,High income,31006.9636289785
BRN,2022,-1.62833154515108,,455370.0,30970.0,,,Brunei Darussalam,East Asia & Pacific,High income,36632.9280952155
BRN,2023,1.12764418162719,,458949.0,34390.0,,,Brunei Darussalam,East Asia & Pacific,High income,32890.5491812019
BRN,2024,4.05251709306727,,462721.0,36020.0,,,Brunei Darussalam,East Asia & Pacific,High income,33153.4738913513
BTN,2015,6.66080128866197,,740618.0,2740.0,,,Bhutan,South Asia,Lower middle income,2954.04081911097
BTN,2016,8.47594339232963,,747866.0,2880.0,,,Bhutan,South Asia,Lower middle income,3152.30905106786
BTN,2017,2.08684522733067,,754335.0,2960.0,,66.5599975585938,Bhutan,South Asia,Lower middle income,3435.28804735662
BTN,2018,3.50187185732737,,759759.0,3150.0,,,Bhutan,South Asia,Lower middle income,3400.20417245342
BTN,2019,5.75514851246506,,764824.0,3370.0,,,Bhutan,South Asia,Lower middle income,3576.87987100503
BTN,2020,-10.2183974208569,,770006.0,3040.0,,,Bhutan,South Asia,Lower middle income,3191.66906999331
BTN,2021,4.42136738945015,,775442.0,3300.0,,,Bhutan,South Asia,Lower middle income,3570.61257980872
BTN,2022,5.21386783786224,,780914.0,3600.0,,64.9100036621094,Bhutan,South Asia,Lower middle income,3711.32767981591
BTN,2023,4.63215704523927,,786385.0,3730.0,,,Bhutan,South Asia,Lower middle income,3831.32535494609
BTN,2024,,,791524.0,,,,Bhutan,South Asia,Lower middle income,
BWA,2015,-4.85132507409779,,2203273.0,6140.0,,,Botswana,Sub-Saharan Africa ,Upper middle income,6141.20394726616
BWA,2016,7.20442475914267,,2234776.0,6060.0,,,Botswana,Sub-Saharan Africa ,Upper middle income,6749.05994339013
BWA,2017,4.11437856445083,,2266747.0,6210.0,,,Botswana,Sub-Saharan Africa ,Upper middle income,7104.96401088027
BWA,2018,4.18869237159223,,2299141.0,6680.0,,,Botswana,Sub-Saharan Africa ,Upper middle income,7407.95940141786
BWA,2019,3.0317733945467,,2332083.0,7520.0,,,Botswana,Sub-Saharan Africa ,Upper middle income,7172.08956480028
BWA,2020,-8.72888243996397,,2365894.0,6600.0,,,Botswana,Sub-Saharan Africa ,Upper middle income,6323.2974967659
BWA,2021,11.9162724376008,,2401441.0,7530.0,,,Botswana,Sub-Saharan Africa ,Upper middle income,7807.88794570471
BWA,2022,5.48601706446772,,2439892.0,8250.0,,,Botswana,Sub-Saharan Africa ,Upper middle income,8328.7090572666
BWA,2023,3.20806812224438,,2480244.0,8360.0,,,Botswana,Sub-Saharan Africa ,Upper middle income,7826.35376483298
BWA,2024,-2.98986879467928,,2521139.0,7750.0,,,Botswana,Sub-Saharan Africa ,Upper middle income,7695.75319445165
CAF,2015,4.33712103020231,,4629320.0,390.0,,,Central African Republic,Sub-Saharan Africa ,Low income,366.322853938121
CAF,2016,4.75031684122342,,4713663.0,400.0,,,Central African Republic,Sub-Saharan Africa ,Low income,387.176203444318
CAF,2017,4.52727821346231,,4793511.0,420.0,,,Central African Republic,Sub-Saharan Africa ,Low income,432.324025684263
CAF,2018,3.78944359275462,,4878657.0,470.0,,,Central African Republic,Sub-Saharan Africa ,Low income,455.243962859534
CAF,2019,3.09999999999999,,4944703.0,500.0,,42.439998626709,Central African Republic,Sub-Saharan Africa ,Low income,449.228467602439
CAF,2020,0.899999996857062,,5026628.0,490.0,,,Central African Republic,Sub-Saharan Africa ,Low income,462.879071294011
CAF,2021,0.982919996264229,,5112100.0,510.0,,,Central African Republic,Sub-Saharan Africa ,Low income,492.263142830507
CAF,2022,0.453901876447787,,5098039.0,520.0,,,Central African Republic,Sub-Saharan Africa ,Low income,467.359825026238
CAF,2023,0.69996840076054,,5152421.0,530.0,,,Central African Republic,Sub-Saharan Africa ,Low income,495.978897288721
CAF,2024,1.49999999847535,,5330690.0,510.0,,,Central African Republic,Sub-Saharan Africa ,Low income,516.160999996036
CAN,2015,0.649971001734855,,35704498.0,47580.0,,,Canada,North America,High income,43594.1941045394
CAN,2016,1.03855092490855,,36110803.0,43900.0,,,Canada,North America,High income,42314.0615817218
CAN,2017,3.03383491200222,,36545075.0,42900.0,,,Canada,North America,High income,45129.628116623
CAN,2018,2.74296344906655,,37072620.0,45060.0,,,Canada,North America,High income,46539.1761570405
CAN,2019,1.90843194590616,,37618495.0,46580.0,,,Canada,North America,High income,46352.8693445211
CAN,2020,-5.03823343468899,,38028638.0,43900.0,,,Canada,North America,High income,43537.839298904
CAN,2021,5.95052802804381,,38239864.0,49080.0,,,Canada,North America,High income,52886.6616372703
CAN,2022,4.18903628100851,,38935934.0,53850.0,,,Canada,North America,High income,56256.8007264015
CAN,2023,1.52874550838358,,40083484.0,54660.0,,,Canada,North America,High income,54220.3285039875
CAN,2024,1.55479521049516,,41288599.0,53400.0,,,Canada,North America,High income,54340.3477224733
CHI,2015,0.374367083829384,,163454.0,,,,Channel Islands,Europe & Central Asia,High income,61847.8212238857
CHI,2016,1.21302407657195,,163883.0,,,,Channel Islands,Europe & Central Asia,High income,55947.579811974
CHI,2017,1.80648131383585,,164319.0,,,,Channel Islands,Europe & Central Asia,High income,55806.3554257428
CHI,2018,1.1222435658518,,164949.0,,,,Channel Islands,Europe & Central Asia,High income,60784.8125397162
CHI,2019,1.57335596156342,,165639.0,,,,Channel Islands,Europe & Central Asia,High income,60564.6293993681
CHI,2020,-8.89677926591959,,166235.0,,,,Channel Islands,Europe & Central Asia,High income,56785.9402005039
CHI,2021,9.93680136985076,,166741.0,,,,Channel Islands,Europe & Central Asia,High income,66915.3963925722
CHI,2022,5.34196140375869,,167215.0,,,,Channel Islands,Europe & Central Asia,High income,67627.1417347907
CHI,2023,3.71500590367266,,167691.0,,,,Channel Islands,Europe & Central Asia,High income,74585.5224096294
CHI,2024,,,168126.0,,,,Channel Islands,Europe & Central Asia,High income,
CHL,2015,2.15194249981184,,18047625.0,14080.0,,,Chile,Latin America & Caribbean ,High income,13433.9202987032
CHL,2016,1.753038749071,,18267221.0,13310.0,,,Chile,Latin America & Caribbean ,High income,13649.8520452803
CHL,2017,1.35769537343957,,18558868.0,13200.0,,96.4000015258789,Chile,Latin America & Caribbean ,High income,14879.9086227187
CHL,2018,3.99002947789977,,18893191.0,14460.0,,,Chile,Latin America & Caribbean ,High income,15659.4808675628
CHL,2019,0.634367533828438,,19197744.0,14690.0,,,Chile,Latin America & Caribbean ,High income,14495.716721687
CHL,2020,-6.14347479224092,,19370624.0,12960.0,,,Chile,Latin America & Caribbean ,High income,13114.815470545
CHL,2021,11.3149204879049,,19456334.0,14790.0,,,Chile,Latin America & Caribbean ,High income,16206.8325493421
CHL,2022,2.15399356192458,,19553036.0,15440.0,,,Chile,Latin America & Caribbean ,High income,15405.6165774073
CHL,2023,0.521367977246825,,19658835.0,15950.0,,,Chile,Latin America & Caribbean ,High income,17067.0364799154
CHL,2024,2.64431154871538,,19764771.0,15750.0,,,Chile,Latin America & Caribbean ,High income,16709.8893972307
CHN,2015,6.97878002657477,,1379860000.0,8040.0,,,China,East Asia & Pacific,Upper middle income,8175.33285077393
CHN,2016,6.77555562837017,,1387790000.0,8360.0,,,China,East Asia & Pacific,Upper middle income,8254.86859320357
CHN,2017,6.8912663621211,,1396215000.0,8830.0,,,China,East Asia & Pacific,Upper middle income,8979.67652709856
CHN,2018,6.75671800166833,,1402760000.0,9720.0,,,China,East Asia & Pacific,Upper middle income,10085.6638148819
CHN,2019,6.06850235053705,,1407745000.0,10510.0,,,China,East Asia & Pacific,Upper middle income,10342.9009524335
CHN,2020,2.34018843078414,,1411100000.0,10740.0,,96.7399978637695,China,East Asia & Pacific,Upper middle income,10627.4637989619
CHN,2021,8.57008513166322,,1412360000.0,12220.0,,,China,East Asia & Pacific,Upper middle income,12887.4357242941
CHN,2022,3.1341888719577,,1412175000.0,13170.0,,,China,East Asia & Pacific,Upper middle income,12970.6056414327
CHN,2023,5.41484330099675,,1410710000.0,13750.0,,,China,East Asia & Pacific,Upper middle income,12951.1782397043
CHN,2024,4.9773565917572,,1408975000.0,13660.0,,,China,East Asia & Pacific,Upper middle income,13303.1481543868
CIV,2015,7.19494942728191,,25246342.0,1880.0,,,Cote d'Ivoire,Sub-Saharan Africa ,Lower middle income,1814.71855088017
CIV,2016,7.17275963956332,,25989405.0,1880.0,,50.0400009155273,Cote d'Ivoire,Sub-Saharan Africa ,Lower middle income,1862.59597081287
CIV,2017,7.41076242592504,,26733372.0,1870.0,,,Cote d'Ivoire,Sub-Saharan Africa ,Lower middle income,1964.29930338343
CIV,2018,4.84314605889178,,27464173.0,2010.0,,,Cote d'Ivoire,Sub-Saharan Africa ,Lower middle income,2130.86619381144
CIV,2019,6.72137167584978,,28193009.0,2120.0,,56.9804529419494,Cote d'Ivoire,Sub-Saharan Africa ,Lower middle income,2141.76836170115
CIV,2020,0.699728593494228,,28915449.0,2120.0,,,Cote d'Ivoire,Sub-Saharan Africa ,Lower middle income,2179.72934832935
CIV,2021,7.06332910205232,,29639736.0,2300.0,,50.0,Cote d'Ivoire,Sub-Saharan Africa ,Lower middle income,2455.98127641148
CIV,2022,6.39988362720531,,30395002.0,2440.0,,,Cote d'Ivoire,Sub-Saharan Africa ,Lower middle income,2333.37128301259
CIV,2023,6.60000045223954,,31165654.0,2510.0,,,Cote d'Ivoire,Sub-Saharan Africa ,Lower middle income,2591.9659048119
CIV,2024,6.01953461940062,,31934230.0,2530.0,,,Cote d'Ivoire,Sub-Saharan Africa ,Lower middle income,2727.8935220697
CMR,2015,5.66695298703932,,22763414.0,1530.0,,,Cameroon,Sub-Saharan Africa ,Lower middle income,1415.00009710569
CMR,2016,4.53579423678801,,23454161.0,1470.0,,,Cameroon,Sub-Saharan Africa ,Lower middle income,1441.7201725688
CMR,2017,3.54117654926007,,24128601.0,1410.0,,,Cameroon,Sub-Saharan Africa ,Lower middle income,1496.08951771242
CMR,2018,3.95551423892049,,24806383.0,1520.0,,72.5500030517578,Cameroon,Sub-Saharan Africa ,Lower middle income,1610.69641591017
CMR,2019,3.47505998194981,,25506095.0,1560.0,,,Cameroon,Sub-Saharan Africa ,Lower middle income,1555.22660476477
CMR,2020,0.259932915907115,,26210558.0,1540.0,,,Cameroon,Sub-Saharan Africa ,Lower middle income,1555.60370660749
CMR,2021,3.33885747179505,,26915758.0,1610.0,,,Cameroon,Sub-Saharan Africa ,Lower middle income,1672.32657340872
CMR,2022,3.7367840056412,,27632771.0,1660.0,,,Cameroon,Sub-Saharan Africa ,Lower middle income,1604.87726954895
CMR,2023,3.34756290750219,,28372687.0,1680.0,,,Cameroon,Sub-Saharan Africa ,Lower middle income,1720.47510154506
CMR,2024,3.52472308052245,,29123744.0,1700.0,,,Cameroon,Sub-Saharan Africa ,Lower middle income,1830.00833684727
COD,2015,6.35973756164829,,81035531.0,460.0,,,"Congo, Dem. Rep.",Sub-Saharan Africa ,Low income,495.826633014883
COD,2016,0.393832798154563,,83956415.0,460.0,,77.0400009155273,"Congo, Dem. Rep.",Sub-Saharan Africa ,Low income,459.765036590388
COD,2017,4.24121047272719,,87083398.0,440.0,,,"Congo, Dem. Rep.",Sub-Saharan Africa ,Low income,431.052559128788
COD,2018,6.07168870646615,,90047644.0,460.0,,73.5500030517578,"Congo, Dem. Rep.",Sub-Saharan Africa ,Low income,518.169626875371
COD,2019,0.555384294580819,,92947442.0,460.0,,,"Congo, Dem. Rep.",Sub-Saharan Africa ,Low income,504.00419142286
COD,2020,0.775427992354622,,95989998.0,480.0,,65.6914486099044,"Congo, Dem. Rep.",Sub-Saharan Africa ,Low income,486.425572682256
COD,2021,6.42961005647355,,99148932.0,530.0,,,"Congo, Dem. Rep.",Sub-Saharan Africa ,Low income,595.743074403567
COD,2022,9.31116944064918,,102396968.0,610.0,,,"Congo, Dem. Rep.",Sub-Saharan Africa ,Low income,687.738587554685
COD,2023,8.5334898318451,,105789731.0,680.0,,,"Congo, Dem. Rep.",Sub-Saharan Africa ,Low income,660.21205238997
COD,2024,6.12675551779212,,109276265.0,670.0,,,"Congo, Dem. Rep.",Sub-Saharan Africa ,Low income,649.383338556725
COG,2015,0.415193061293763,,5097581.0,3080.0,,,"Congo, Rep.",Sub-Saharan Africa ,Lower middle income,2439.35189403696
COG,2016,-8.68524343913786,,5222536.0,2260.0,,,"Congo, Rep.",Sub-Saharan Africa ,Lower middle income,2093.10728558843
COG,2017,-5.59477371915547,,5351011.0,1740.0,,,"Congo, Rep.",Sub-Saharan Africa ,Lower middle income,2211.63309874797
COG,2018,-2.30431780125842,,5483118.0,2070.0,,,"Congo, Rep.",Sub-Saharan Africa ,Lower middle income,2694.43413191427
COG,2019,1.12447391976529,,5616661.0,2180.0,,,"Congo, Rep.",Sub-Saharan Africa ,Lower middle income,2488.42466724916
COG,2020,-6.26777227963225,,5752791.0,2230.0,,,"Congo, Rep.",Sub-Saharan Africa ,Lower middle income,1993.586671931
COG,2021,1.01507036990908,,5892183.0,2040.0,,,"Congo, Rep.",Sub-Saharan Africa ,Lower middle income,2516.16255145432
COG,2022,1.47535613247133,,6035104.0,2170.0,,,"Congo, Rep.",Sub-Saharan Africa ,Lower middle income,2620.83804267402
COG,2023,1.90686426346754,,6182885.0,2310.0,,,"Congo, Rep.",Sub-Saharan Africa ,Lower middle income,2477.97845544866
COG,2024,2.57966943921721,,6332961.0,2280.0,,,"Congo, Rep.",Sub-Saharan Africa ,Lower middle income,2482.2489948456
COL,2015,2.95590137527523,,46969940.0,7420.0,,,Colombia,Latin America & Caribbean ,Upper middle income,6248.51490534512
COL,2016,2.08738250162794,,47437512.0,6560.0,,94.6500015258789,Colombia,Latin America & Caribbean ,Upper middle income,5959.84250367574
COL,2017,1.35936086788746,,48131078.0,6030.0,,94.8927138785262,Colombia,Latin America & Caribbean ,Upper middle income,6479.53231292429
COL,2018,2.56432428277704,,49024465.0,6350.0,,95.0899963378906,Colombia,Latin America & Caribbean ,Upper middle income,6816.96818309544
COL,2019,3.18685539245533,,49907985.0,6630.0,,95.25,Colombia,Latin America & Caribbean ,Upper middle income,6472.54544924705
COL,2020,-7.18591413760859,,50629997.0,5850.0,,95.6399993896484,Colombia,Latin America & Caribbean ,Upper middle income,5339.68711357943
COL,2021,10.8011981904878,,51188173.0,6310.0,,95.666552016916,Colombia,Latin America & Caribbean ,Upper middle income,6222.62164397614
COL,2022,7.32827729427979,,51737944.0,6560.0,,95.3138834471897,Colombia,Latin America & Caribbean ,Upper middle income,6680.44506854481
COL,2023,0.712380031974334,,52321152.0,6720.0,,95.4625553716428,Colombia,Latin America & Caribbean ,Upper middle income,7000.83660501046
COL,2024,1.5983315366523,,52886363.0,7040.0,,95.3399963378906,Colombia,Latin America & Caribbean ,Upper middle income,7919.20886825345
COM,2015,1.14747399397193,,726682.0,1480.0,,,Comoros,Sub-Saharan Africa ,Lower middle income,1329.37048235986
COM,2016,3.32039987961315,,741741.0,1410.0,,,Comoros,Sub-Saharan Africa ,Lower middle income,1365.48403444497
COM,2017,3.81570211280726,,756669.0,1380.0,,,Comoros,Sub-Saharan Africa ,Lower middle income,1423.9248027797
COM,2018,3.64259587408398,,771590.0,1490.0,,,Comoros,Sub-Saharan Africa ,Lower middle income,1527.40527125285
COM,2019,1.76070164655727,,786578.0,1530.0,,,Comoros,Sub-Saharan Africa ,Lower middle income,1510.23218151592
COM,2020,-0.195577456821965,,802163.0,1520.0,,,Comoros,Sub-Saharan Africa ,Lower middle income,1519.34665556206
COM,2021,2.0001921183449,,818174.0,1570.0,,75.8250571350015,Comoros,Sub-Saharan Africa ,Lower middle income,1554.97289190153
COM,2022,2.60301031927843,,834188.0,1590.0,,,Comoros,Sub-Saharan Africa ,Lower middle income,1465.479642862
COM,2023,2.99521564038136,,850387.0,1580.0,,,Comoros,Sub-Saharan Africa ,Lower middle income,1560.27378476855
COM,2024,3.3381010943571,,866628.0,1590.0,,,Comoros,Sub-Saharan Africa ,Lower middle income,1662.75663312504
CPV,2015,0.936026507808833,,512394.0,3620.0,,,Cabo Verde,Sub-Saharan Africa ,Upper middle income,3415.06266730931
CPV,2016,4.28071482662371,,512554.0,3580.0,,,Cabo Verde,Sub-Saharan Africa ,Upper middle income,3608.96605234906
CPV,2017,4.5513148102974,,512893.0,3620.0,,,Cabo Verde,Sub-Saharan Africa ,Upper middle income,3893.09571382506
CPV,2018,3.70696458310842,,513415.0,4040.0,,,Cabo Verde,Sub-Saharan Africa ,Upper middle income,4294.96510035729
CPV,2019,6.94782634051859,,514104.0,4420.0,,,Cabo Verde,Sub-Saharan Africa ,Upper middle income,4380.78117331128
CPV,2020,-20.8052758990735,,514679.0,3510.0,,,Cabo Verde,Sub-Saharan Africa ,Upper middle income,3539.22661248299
CPV,2021,7.03353010694514,,516649.0,3870.0,,,Cabo Verde,Sub-Saharan Africa ,Upper middle income,3971.44409203423
CPV,2022,15.843675684642,,519741.0,4550.0,,,Cabo Verde,Sub-Saharan Africa ,Upper middle income,4323.31362032709
CPV,2023,4.7947613911073,,522331.0,4740.0,,,Cabo Verde,Sub-Saharan Africa ,Upper middle income,4794.90121917259
CPV,2024,7.24388538990945,,524877.0,4950.0,,88.4700012207031,Cabo Verde,Sub-Saharan Africa ,Upper middle income,5192.48157325878
CRI,2015,3.65208096802883,,4818038.0,10770.0,,,Costa Rica,Latin America & Caribbean ,High income,11714.7105980732
CRI,2016,4.20432325175899,,4866998.0,11170.0,,,Costa Rica,Latin America & Caribbean ,High income,12091.0301606154
CRI,2017,4.1576989627609,,4913177.0,11580.0,,,Costa Rica,Latin America & Caribbean ,High income,12317.0902771304
CRI,2018,2.6159044043379,,4957818.0,12070.0,,,Costa Rica,Latin America & Caribbean ,High income,12590.2493781614
CRI,2019,2.41751181762513,,4999553.0,12240.0,,,Costa Rica,Latin America & Caribbean ,High income,12884.6859951989
CRI,2020,-4.27335432161462,,5034320.0,11700.0,,,Costa Rica,Latin America & Caribbean ,High income,12394.0493969492
CRI,2021,7.93576224743147,,5059988.0,12630.0,,,Costa Rica,Latin America & Caribbean ,High income,12838.1185358931
CRI,2022,4.55149177958398,,5081765.0,13210.0,,,Costa Rica,Latin America & Caribbean ,High income,13625.9008491328
CRI,2023,5.11192183224598,,5105525.0,14260.0,,,Costa Rica,Latin America & Caribbean ,High income,16942.0268119375
CRI,2024,4.32122429646145,,5129910.0,15620.0,,,Costa Rica,Latin America & Caribbean ,High income,18587.1532203482
CUB,2015,4.4383335888395,,11275065.0,7270.0,,,Cuba,Latin America & Caribbean ,Upper middle income,7727.91997207998
CUB,2016,0.512843095700745,,11265612.0,7530.0,,,Cuba,Latin America & Caribbean ,Upper middle income,8110.55874283616
CUB,2017,1.80979178380274,,11247829.0,8010.0,,,Cuba,Latin America & Caribbean ,Upper middle income,8610.60829605429
CUB,2018,2.24794852913217,,11227118.0,8710.0,,,Cuba,Latin America & Caribbean ,Upper middle income,8911.46205998726
CUB,2019,-0.163087223606624,,11202846.0,9010.0,,97.6500015258789,Cuba,Latin America & Caribbean ,Upper middle income,9232.26115935183
CUB,2020,-10.9494359030206,,11176354.0,,,,Cuba,Latin America & Caribbean ,Upper middle income,9605.27914559614
CUB,2021,1.25448735650322,,11122168.0,,,,Cuba,Latin America & Caribbean ,Upper middle income,
CUB,2022,1.77465227724316,,11059820.0,,,,Cuba,Latin America & Caribbean ,Upper middle income,
CUB,2023,-1.92937123169681,,11019931.0,,,,Cuba,Latin America & Caribbean ,Upper middle income,
CUB,2024,-1.06173273220524,,10979783.0,,,,Cuba,Latin America & Caribbean ,Upper middle income,
CUW,2015,0.45815174597594,,157980.0,18780.0,,,Curacao,Latin America & Caribbean ,High income,19361.8129630226
CUW,2016,-1.06770769957464,,159664.0,18260.0,,,Curacao,Latin America & Caribbean ,High income,18944.0962772875
CUW,2017,-1.27620931537493,,160175.0,18230.0,,,Curacao,Latin America & Caribbean ,High income,18938.2440965187
CUW,2018,-2.10411142994484,,159336.0,18820.0,,,Curacao,Latin America & Caribbean ,High income,19119.1244887029
CUW,2019,-3.20613171902549,,157441.0,19140.0,,,Curacao,Latin America & Caribbean ,High income,19220.6865793075
CUW,2020,-18.4384703505393,,155482.0,16190.0,,,Curacao,Latin America & Caribbean ,High income,16299.8134349902
CUW,2021,4.18371193053579,,153948.0,17950.0,,,Curacao,Latin America & Caribbean ,High income,17795.5826616182
CUW,2022,6.90599999999999,,153321.0,20480.0,,,Curacao,Latin America & Caribbean ,High income,20057.1404747175
CUW,2023,4.20199999999977,,154654.0,21450.0,,,Curacao,Latin America & Caribbean ,High income,21217.8110321785
CUW,2024,5.02690000000014,,155967.0,22590.0,,,Curacao,Latin America & Caribbean ,High income,22832.8953958667
CYM,2015,2.83312242670048,,61642.0,44430.0,,,Cayman Islands,Latin America & Caribbean ,High income,76379.2098777987
CYM,2016,3.23997361448569,,63100.0,47830.0,,,Cayman Islands,Latin America & Caribbean ,High income,77802.2535658023
CYM,2017,3.18404730726789,,64535.0,51890.0,,,Cayman Islands,Latin America & Caribbean ,High income,80053.9442657031
CYM,2018,4.26726567162505,,65941.0,57880.0,,,Cayman Islands,Latin America & Caribbean ,High income,83865.5540393356
CYM,2019,3.91563637725301,,67327.0,64520.0,,,Cayman Islands,Latin America & Caribbean ,High income,88254.2902486867
CYM,2020,-4.95480732200573,,68684.0,62420.0,,,Cayman Islands,Latin America & Caribbean ,High income,82338.7977439023
CYM,2021,4.86941655353661,,70108.0,76260.0,,,Cayman Islands,Latin America & Caribbean ,High income,86449.6749037302
CYM,2022,5.77566708028824,,71591.0,74060.0,,,Cayman Islands,Latin America & Caribbean ,High income,93030.7051447803
CYM,2023,5.8155918263088,,73038.0,75720.0,,,Cayman Islands,Latin America & Caribbean ,High income,99143.5180243123
CYM,2024,,,74457.0,,,,Cayman Islands,Latin America & Caribbean ,High income,
CYP,2015,3.41892038889013,,1219502.0,,,,Cyprus,Europe & Central Asia,High income,23088.44140625
CYP,2016,6.57359080924678,,1237112.0,,,,Cyprus,Europe & Central Asia,High income,24280.056640625
CYP,2017,5.75083236554525,,1254275.0,,,,Cyprus,Europe & Central Asia,High income,26247.44921875
CYP,2018,6.27166360056404,,1270737.0,,,,Cyprus,Europe & Central Asia,High income,29120.375
CYP,2019,5.87559583386607,,1286671.0,,,,Cyprus,Europe & Central Asia,High income,29227.173828125
CYP,2020,-3.22063018637567,,1302247.0,,,,Cyprus,Europe & Central Asia,High income,28130.341796875
CYP,2021,11.3975590801512,,1317309.0,,,,Cyprus,Europe & Central Asia,High income,32937.83984375
CYP,2022,8.27372597293814,,1331370.0,,,,Cyprus,Europe & Central Asia,High income,33231.04296875
CYP,2023,3.61945644636856,,1344976.0,,,,Cyprus,Europe & Central Asia,High income,36623.69140625
CYP,2024,3.94077381708404,,1358282.0,,,,Cyprus,Europe & Central Asia,High income,38674.29296875
CZE,2015,4.95875848915604,,10546059.0,,,,Czechia,Europe & Central Asia,High income,17931.5987670768
CZE,2016,2.58087013921376,,10566332.0,,,,Czechia,Europe & Central Asia,High income,18753.9686718096
CZE,2017,5.17356529967881,,10594438.0,,,,Czechia,Europe & Central Asia,High income,20913.197632212
CZE,2018,2.83030588267866,,10629928.0,,,,Czechia,Europe & Central Asia,High income,23705.9329811299
CZE,2019,3.56577658128261,,10671870.0,,,,Czechia,Europe & Central Asia,High income,24062.7190013343
CZE,2020,-5.30487955463876,,10697858.0,,,,Czechia,Europe & Central Asia,High income,23472.8915454417
CZE,2021,4.02901832055149,,10505772.0,,,,Czechia,Europe & Central Asia,High income,27696.4619527544
CZE,2022,2.8471706583814,,10672118.0,,,,Czechia,Europe & Central Asia,High income,28282.2236715857
CZE,2023,0.0475803308973752,,10864042.0,,,,Czechia,Europe & Central Asia,High income,31761.5944102491
CZE,2024,1.23308611983484,,10905028.0,,,,Czechia,Europe & Central Asia,High income,31823.3078290564
DEU,2015,1.66300602334775,,81686611.0,,,,Germany,Europe & Central Asia,High income,41929.7549110722
DEU,2016,2.22222216259371,,82348669.0,,,,Germany,Europe & Central Asia,High income,42948.9381932694
DEU,2017,2.797906720551,,82657002.0,,,,Germany,Europe & Central Asia,High income,45553.9341495339
DEU,2018,1.13569604599849,,82905782.0,,,,Germany,Europe & Central Asia,High income,48916.1686612154
DEU,2019,0.977734697038784,,83092962.0,,,,Germany,Europe & Central Asia,High income,47656.199739747
DEU,2020,-4.13191443239947,,83160871.0,,,,Germany,Europe & Central Asia,High income,47394.8734504469
DEU,2021,3.90999994204108,,83196078.0,,,,Germany,Europe & Central Asia,High income,52349.2459994422
DEU,2022,1.8092581243061,,83177813.0,,,,Germany,Europe & Central Asia,High income,50506.5179638543
DEU,2023,-0.869647578573321,,83287273.0,,,,Germany,Europe & Central Asia,High income,54776.7668235491
DEU,2024,-0.495851897260366,,83516593.0,,,,Germany,Europe & Central Asia,High income,56103.7323182554
DJI,2015,7.30898563450799,,1020313.0,,,,Djibouti,"Middle East, North Africa, Afghanistan & Pakistan",Lower middle income,2376.12554719873
DJI,2016,7.1234323372872,,1037653.0,,,,Djibouti,"Middle East, North Africa, Afghanistan & Pakistan",Lower middle income,2510.4300076241
DJI,2017,5.458091517212,,1054841.0,,,,Djibouti,"Middle East, North Africa, Afghanistan & Pakistan",Lower middle income,2618.95521147369
DJI,2018,4.77433934943193,,1071882.0,,,,Djibouti,"Middle East, North Africa, Afghanistan & Pakistan",Lower middle income,2718.08338799203
DJI,2019,5.54508081154978,,1088709.0,,,,Djibouti,"Middle East, North Africa, Afghanistan & Pakistan",Lower middle income,2837.16902340932
DJI,2020,1.2021151728969,,1105188.0,,,,Djibouti,"Middle East, North Africa, Afghanistan & Pakistan",Lower middle income,2844.88810647853
DJI,2021,4.40715667561153,,1121248.0,,,,Djibouti,"Middle East, North Africa, Afghanistan & Pakistan",Lower middle income,3025.91126413549
DJI,2022,5.16653702854374,,1137096.0,,,,Djibouti,"Middle East, North Africa, Afghanistan & Pakistan",Lower middle income,3133.25779772463
DJI,2023,6.80733529403308,,1152944.0,,,,Djibouti,"Middle East, North Africa, Afghanistan & Pakistan",Lower middle income,3381.29779710722
DJI,2024,6.98048467276334,,1168722.0,,,,Djibouti,"Middle East, North Africa, Afghanistan & Pakistan",Lower middle income,3552.72335079222
DMA,2015,-3.37338262476895,,70410.0,,,,Dominica,Latin America & Caribbean ,Upper middle income,8282.59874702141
DMA,2016,1.44724556489263,,69606.0,,,,Dominica,Latin America & Caribbean ,Upper middle income,8802.56172041363
DMA,2017,-7.5443637547282,,68496.0,,,,Dominica,Latin America & Caribbean ,Upper middle income,8224.64896571414
DMA,2018,2.964010610466,,68174.0,,,,Dominica,Latin America & Caribbean ,Upper middle income,9215.3085405645
DMA,2019,3.94809757938053,,67880.0,,,,Dominica,Latin America & Caribbean ,Upper middle income,9491.14995962374
DMA,2020,-15.7064024545862,,67573.0,,,,Dominica,Latin America & Caribbean ,Upper middle income,7827.74842680426
DMA,2021,5.37983838954712,,67202.0,,,,Dominica,Latin America & Caribbean ,Upper middle income,8376.40414141113
DMA,2022,10.3968076616121,,66826.0,,,,Dominica,Latin America & Caribbean ,Upper middle income,9323.66089490562
DMA,2023,3.65221012208734,,66510.0,,,,Dominica,Latin America & Caribbean ,Upper middle income,9912.96212766668
DMA,2024,2.052738472526,,66205.0,,,,Dominica,Latin America & Caribbean ,Upper middle income,10405.2787777582
DNK,2015,2.10441456445301,,5683483.0,,,,Denmark,Europe & Central Asia,High income,53094.0133607574
DNK,2016,3.07304549209093,,5728010.0,,,,Denmark,Europe & Central Asia,High income,54500.9260410217
DNK,2017,3.05647723922718,,5764980.0,,,,Denmark,Europe & Central Asia,High income,57521.5514992225
DNK,2018,1.8600074900921,,5793636.0,,,,Denmark,Europe & Central Asia,High income,61324.7665045565
DNK,2019,1.71140093932736,,5814422.0,,,,Denmark,Europe & Central Asia,High income,59404.2663247723
DNK,2020,-1.78010601831291,,5831404.0,,,,Denmark,Europe & Central Asia,High income,60985.4885601514
DNK,2021,6.50025445756295,,5856733.0,,,,Denmark,Europe & Central Asia,High income,69340.7334922138
DNK,2022,0.443832614908331,,5903037.0,,,,Denmark,Europe & Central Asia,High income,67781.0940939514
DNK,2023,0.604587766175584,,5946952.0,,,,Denmark,Europe & Central Asia,High income,68043.5466971243
DNK,2024,3.47783593140312,,5976992.0,,,,Denmark,Europe & Central Asia,High income,71026.4832271897
DOM,2015,6.98771131236387,,10434829.0,,,,Dominican Republic,Latin America & Caribbean ,Upper middle income,6800.95309395474
DOM,2016,6.71974078681295,,10551430.0,,,93.7799987792969,Dominican Republic,Latin America & Caribbean ,Upper middle income,7160.44200982307
DOM,2017,3.93386176401576,,10666843.0,,,93.232235984521,Dominican Republic,Latin America & Caribbean ,Upper middle income,7412.71571571512
DOM,2018,7.09751640210159,,10782053.0,,,93.4355831240379,Dominican Republic,Latin America & Caribbean ,Upper middle income,7882.98221584944
DOM,2019,4.8940301149584,,10894043.0,,,93.6758208343989,Dominican Republic,Latin America & Caribbean ,Upper middle income,8183.01623600375
DOM,2020,-7.92905234231061,,11008300.0,,,93.7009782823312,Dominican Republic,Latin America & Caribbean ,Upper middle income,7135.22273255899
DOM,2021,14.0124289062207,,11123476.0,,,93.7368933438107,Dominican Republic,Latin America & Caribbean ,Upper middle income,8527.0754858205
DOM,2022,5.23795652902595,,11230734.0,,,93.7022375646963,Dominican Republic,Latin America & Caribbean ,Upper middle income,10104.2449349081
DOM,2023,2.19229848237939,,11331265.0,,,94.3123758236054,Dominican Republic,Latin America & Caribbean ,Upper middle income,10630.431743829
DOM,2024,4.95352204492849,,11427557.0,,,94.0299987792969,Dominican Republic,Latin America & Caribbean ,Upper middle income,10875.6618443092
DZA,2015,3.20000000089023,,40019529.0,5390.0,,,Algeria,"Middle East, North Africa, Afghanistan & Pakistan",Upper middle income,4685.05902729002
DZA,2016,3.90000000017621,,40850721.0,4920.0,,,Algeria,"Middle East, North Africa, Afghanistan & Pakistan",Upper middle income,4424.98529027556
DZA,2017,1.49999999895587,,41689299.0,4440.0,,,Algeria,"Middle East, North Africa, Afghanistan & Pakistan",Upper middle income,4554.66753957828
DZA,2018,1.40000000088281,,42505035.0,4450.0,,,Algeria,"Middle East, North Africa, Afghanistan & Pakistan",Upper middle income,4577.21029180491
DZA,2019,0.899999999219148,,43294546.0,4480.0,,,Algeria,"Middle East, North Africa, Afghanistan & Pakistan",Upper middle income,4468.45341883656
DZA,2020,-4.99999999908597,,44042091.0,4020.0,,,Algeria,"Middle East, North Africa, Afghanistan & Pakistan",Upper middle income,3743.5419522929
DZA,2021,3.79999999900707,,44761099.0,4120.0,,,Algeria,"Middle East, North Africa, Afghanistan & Pakistan",Upper middle income,4160.55926736925
DZA,2022,3.60000000094915,,45477389.0,4430.0,,,Algeria,"Middle East, North Africa, Afghanistan & Pakistan",Upper middle income,4960.30334332888
DZA,2023,4.10000000005964,,46164219.0,4950.0,,,Algeria,"Middle East, North Africa, Afghanistan & Pakistan",Upper middle income,5370.477235078
DZA,2024,3.69999999907979,,46814308.0,5370.0,,,Algeria,"Middle East, North Africa, Afghanistan & Pakistan",Upper middle income,5752.99076651465
ECU,2015,0.119692109287612,,16266225.0,,,,Ecuador,Latin America & Caribbean ,Upper middle income,5976.1596805651
ECU,2016,-0.687954245877947,,16505139.0,,,94.3499984741211,Ecuador,Latin America & Caribbean ,Upper middle income,5917.63771271481
ECU,2017,5.97039880954841,,16759519.0,,,92.8300018310547,Ecuador,Latin America & Caribbean ,Upper middle income,6233.32244797718
ECU,2018,1.04429460679607,,17049547.0,,,,Ecuador,Latin America & Caribbean ,Upper middle income,6303.91886658338
ECU,2019,0.1654044646003,,17340021.0,,,,Ecuador,Latin America & Caribbean ,Upper middle income,6205.05765246766
ECU,2020,-9.24509619165865,,17546065.0,,,93.629997253418,Ecuador,Latin America & Caribbean ,Upper middle income,5463.64515348598
ECU,2021,9.42189269033631,,17682454.0,,,94.4800033569336,Ecuador,Latin America & Caribbean ,Upper middle income,6061.32350181711
ECU,2022,5.86842354862311,,17823897.0,,,96.2600021362305,Ecuador,Latin America & Caribbean ,Upper middle income,6515.58528418336
ECU,2023,1.98823813984235,,17980083.0,,,,Ecuador,Latin America & Caribbean ,Upper middle income,6737.84748379638
ECU,2024,-2.00125476341026,,18135478.0,,,,Ecuador,Latin America & Caribbean ,Upper middle income,6874.705739766
EGY,2015,4.37201907790141,,99597342.0,,,,"Egypt, Arab Rep.","Middle East, North Africa, Afghanistan & Pakistan",Lower middle income,3306.98159414141
EGY,2016,4.34664345555447,,101644589.0,,,,"Egypt, Arab Rep.","Middle East, North Africa, Afghanistan & Pakistan",Lower middle income,3270.6287768197
EGY,2017,4.18122099994778,,103696057.0,,,71.1699981689453,"Egypt, Arab Rep.","Middle East, North Africa, Afghanistan & Pakistan",Lower middle income,2395.10333299491
EGY,2018,5.3311086189448,,105682094.0,,,,"Egypt, Arab Rep.","Middle East, North Africa, Afghanistan & Pakistan",Lower middle income,2484.70315630508
EGY,2019,5.55209307156956,,107553158.0,,,,"Egypt, Arab Rep.","Middle East, North Africa, Afghanistan & Pakistan",Lower middle income,2962.98892023003
EGY,2020,3.55016483786838,,109315124.0,,,,"Egypt, Arab Rep.","Middle East, North Africa, Afghanistan & Pakistan",Lower middle income,3511.11381026379
EGY,2021,3.29064601202211,,110957008.0,,,82.083331279425,"Egypt, Arab Rep.","Middle East, North Africa, Afghanistan & Pakistan",Lower middle income,3827.35415374308
EGY,2022,6.58784560886967,,112618250.0,,,79.4565788949049,"Egypt, Arab Rep.","Middle East, North Africa, Afghanistan & Pakistan",Lower middle income,4233.30783744856
EGY,2023,3.76028052279247,,114535772.0,,,,"Egypt, Arab Rep.","Middle East, North Africa, Afghanistan & Pakistan",Lower middle income,3456.78968456253
EGY,2024,2.3991692678251,,116538258.0,,,,"Egypt, Arab Rep.","Middle East, North Africa, Afghanistan & Pakistan",Lower middle income,3338.47371395895
ERI,2015,,,3105546.0,,,,Eritrea,Sub-Saharan Africa ,Low income,
ERI,2016,,,3124698.0,,,,Eritrea,Sub-Saharan Africa ,Low income,
ERI,2017,,,3150347.0,,,,Eritrea,Sub-Saharan Africa ,Low income,
ERI,2018,,,3192760.0,,,,Eritrea,Sub-Saharan Africa ,Low income,
ERI,2019,,,3240194.0,,,,Eritrea,Sub-Saharan Africa ,Low income,
ERI,2020,,,3291271.0,,,,Eritrea,Sub-Saharan Africa ,Low income,
ERI,2021,,,3350183.0,,,,Eritrea,Sub-Saharan Africa ,Low income,
ERI,2022,,,3409447.0,,,,Eritrea,Sub-Saharan Africa ,Low income,
ERI,2023,,,3470390.0,,,,Eritrea,Sub-Saharan Africa ,Low income,
ERI,2024,,,3535603.0,,,,Eritrea,Sub-Saharan Africa ,Low income,
ESP,2016,,,,,,98.25,Spain,Europe & Central Asia,High income,26755.6061149398
ESP,2018,,,,,,98.4400024414062,Spain,Europe & Central Asia,High income,30602.4212881113
ESP,2020,,,,,,98.5899963378906,Spain,Europe & Central Asia,High income,27233.9426461608
ESP,2021,,,,,,99.6999969482422,Spain,Europe & Central Asia,High income,30799.4775937775
EST,2015,1.83815262882932,,1315407.0,,,,Estonia,Europe & Central Asia,High income,17722.1557669523
EST,2016,3.09301920751959,,1315790.0,,,,Estonia,Europe & Central Asia,High income,18666.3736521706
EST,2017,5.63467248963991,,1317384.0,,,,Estonia,Europe & Central Asia,High income,20851.5223496861
EST,2018,3.69969756161726,,1321977.0,,,,Estonia,Europe & Central Asia,High income,23618.1361254581
EST,2019,3.72664943466884,,1326898.0,,,,Estonia,Europe & Central Asia,High income,24021.2501413306
EST,2020,-2.88380751483778,,1329522.0,,,,Estonia,Europe & Central Asia,High income,23933.9939421065
EST,2021,8.25488044580031,,1330932.0,,,,Estonia,Europe & Central Asia,High income,27951.1659277744
EST,2022,-1.22616966587796,,1348840.0,,,,Estonia,Europe & Central Asia,High income,28340.3826549406
EST,2023,-2.74421914571231,,1370286.0,,,,Estonia,Europe & Central Asia,High income,30264.0064885057
EST,2024,-0.0900428648493801,,1372341.0,,,,Estonia,Europe & Central Asia,High income,31428.3547816104
ETH,2015,10.3924630141307,,103867135.0,,,,Ethiopia,Sub-Saharan Africa ,Not classified,597.912113218663
ETH,2016,9.43348265981905,,106718162.0,,,47.4900016784668,Ethiopia,Sub-Saharan Africa ,Not classified,641.651523286233
ETH,2017,9.56418965754014,,109666481.0,,,,Ethiopia,Sub-Saharan Africa ,Not classified,696.348429076216
ETH,2018,6.81614778557282,,112664152.0,,,,Ethiopia,Sub-Saharan Africa ,Not classified,739.702022272086
ETH,2019,8.36408573314054,,115737383.0,,,55.0499992370605,Ethiopia,Sub-Saharan Africa ,Not classified,793.473247210264
ETH,2020,6.05953089054807,,118917671.0,,,,Ethiopia,Sub-Saharan Africa ,Not classified,829.790982547947
ETH,2021,5.64153069257077,,122138588.0,,,54.8861260079206,Ethiopia,Sub-Saharan Africa ,Not classified,893.00983544905
ETH,2022,5.32175988403378,,125384287.0,,,60.4599990844727,Ethiopia,Sub-Saharan Africa ,Not classified,982.103161506992
ETH,2023,6.59424599357075,,128691692.0,,,,Ethiopia,Sub-Saharan Africa ,Not classified,1055.81091592527
ETH,2024,7.61277447511073,,132059767.0,,,,Ethiopia,Sub-Saharan Africa ,Not classified,1133.88279681719
FIN,2015,0.466503766322674,,5479531.0,,,,Finland,Europe & Central Asia,High income,42560.3456767103
FIN,2016,2.57193414898754,,5495303.0,,,,Finland,Europe & Central Asia,High income,43451.2562442158
FIN,2017,3.30337003591039,,5508214.0,,,,Finland,Europe & Central Asia,High income,46085.0174739036
FIN,2018,1.19297759742292,,5515525.0,,,,Finland,Europe & Central Asia,High income,49654.2497035329
FIN,2019,1.34973845741737,,5521606.0,,,,Finland,Europe & Central Asia,High income,48358.1807773701
FIN,2020,-2.49103605535707,,5529543.0,,,,Finland,Europe & Central Asia,High income,48828.6846862799
FIN,2021,2.67634641498897,,5541017.0,,,,Finland,Europe & Central Asia,High income,53099.1351400148
FIN,2022,0.763041912763526,,5556106.0,,,,Finland,Europe & Central Asia,High income,50440.560224974
FIN,2023,-0.939093459613758,,5583911.0,,,,Finland,Europe & Central Asia,High income,52834.2916752703
FIN,2024,0.416171964862073,,5619911.0,,,,Finland,Europe & Central Asia,High income,53149.7671934051
FJI,2015,4.50120041028725,,918578.0,,,,Fiji,East Asia & Pacific,Upper middle income,5097.53106864695
FJI,2016,2.44565179664245,,919166.0,,,,Fiji,East Asia & Pacific,Upper middle income,5363.79026679243
FJI,2017,5.35336455965039,,918759.0,,,,Fiji,East Asia & Pacific,Upper middle income,5826.84814459328
FJI,2018,3.81235122208561,,917180.0,,,,Fiji,East Asia & Pacific,Upper middle income,6085.41979485376
FJI,2019,-0.581946709343867,,914899.0,,,,Fiji,East Asia & Pacific,Upper middle income,5842.07344577597
FJI,2020,-17.1835352599354,,914963.0,,,,Fiji,East Asia & Pacific,Upper middle income,4620.6457238014
FJI,2021,-4.3459619989752,,916711.0,,,,Fiji,East Asia & Pacific,Upper middle income,4536.73312110335
FJI,2022,17.7451269773594,,919422.0,,,,Fiji,East Asia & Pacific,Upper middle income,5414.12092119088
FJI,2023,9.44245856738313,,924145.0,,,,Fiji,East Asia & Pacific,Upper middle income,5926.20586394763
FJI,2024,3.53085896076352,,928784.0,,,,Fiji,East Asia & Pacific,Upper middle income,6425.74151715712
FRA,2015,1.06675474783462,,66548272.0,,,,France,Europe & Central Asia,High income,36702.4323733379
FRA,2016,0.860031075424033,,66724104.0,,,,France,Europe & Central Asia,High income,37024.2157133669
FRA,2017,2.08361485997399,,66918020.0,,,,France,Europe & Central Asia,High income,38687.1626407164
FRA,2018,1.64590872395887,,67158348.0,,,,France,Europe & Central Asia,High income,41418.1766484844
FRA,2019,2.02744646419237,,67382061.0,,,,France,Europe & Central Asia,High income,40408.2848574751
FRA,2020,-7.44064589948231,,67601110.0,,,,France,Europe & Central Asia,High income,39169.8606000707
FRA,2021,6.88233783360239,,67842811.0,,,,France,Europe & Central Asia,High income,43725.0999521245
FRA,2022,2.71676264185913,,68184457.0,,,,France,Europe & Central Asia,High income,40988.6396406579
FRA,2023,1.43921494437743,,68372286.0,,,,France,Europe & Central Asia,High income,44700.1384177544
FRA,2024,1.19046798275883,,68551653.0,,,,France,Europe & Central Asia,High income,46103.0840855884
FRO,2015,0.958001934486234,,48899.0,,,,Faroe Islands,Europe & Central Asia,High income,52637.1903526574
FRO,2016,1.38644795938293,,49464.0,,,,Faroe Islands,Europe & Central Asia,High income,56875.2803813296
FRO,2017,3.51201367488443,,50180.0,,,,Faroe Islands,Europe & Central Asia,High income,59387.353086482
FRO,2018,2.76370952267429,,50996.0,,,,Faroe Islands,Europe & Central Asia,High income,62526.4908515743
FRO,2019,4.53851028676189,,51792.0,,,,Faroe Islands,Europe & Central Asia,High income,63068.2872688483
FRO,2020,-1.63732118017028,,52565.0,,,,Faroe Islands,Europe & Central Asia,High income,62243.1905561324
FRO,2021,5.06636291600633,,53296.0,,,,Faroe Islands,Europe & Central Asia,High income,69415.1853254579
FRO,2022,3.86099981669155,,53912.0,,,,Faroe Islands,Europe & Central Asia,High income,67058.2022648126
FRO,2023,3.15873872329266,,54414.0,,,,Faroe Islands,Europe & Central Asia,High income,72465.3769660215
FRO,2024,0.843716851362103,,54681.0,,,,Faroe Islands,Europe & Central Asia,High income,74119.6607553879
GAB,2015,3.8788993950789,,2040989.0,,,,Gabon,Sub-Saharan Africa ,Upper middle income,7047.12654634355
GAB,2016,2.09144220829562,,2100306.0,,,,Gabon,Sub-Saharan Africa ,Upper middle income,6677.07003901644
GAB,2017,0.472642030911146,,2156900.0,,,,Gabon,Sub-Saharan Africa ,Upper middle income,6921.73373135624
GAB,2018,0.83791658082157,,2212318.0,,,,Gabon,Sub-Saharan Africa ,Upper middle income,7624.2775233771
GAB,2019,3.92080879452831,,2267706.0,,,,Gabon,Sub-Saharan Africa ,Upper middle income,7441.1786472281
GAB,2020,-1.83776106357656,,2322539.0,,,,Gabon,Sub-Saharan Africa ,Upper middle income,6605.80346077565
GAB,2021,1.46795731487489,,2376722.0,,,88.8600006103516,Gabon,Sub-Saharan Africa ,Upper middle income,8181.40914134656
GAB,2022,3.03761449530657,,2430747.0,,,,Gabon,Sub-Saharan Africa ,Upper middle income,8409.2074145028
GAB,2023,2.43893665064327,,2484789.0,,,,Gabon,Sub-Saharan Africa ,Upper middle income,7802.82433276138
GAB,2024,3.39403899592401,,2538952.0,,,,Gabon,Sub-Saharan Africa ,Upper middle income,8230.04311451151
GEO,2015,3.35102350265353,,3725276.0,,,,Georgia,Europe & Central Asia,Upper middle income,4086.6223465965
GEO,2016,3.45021517996871,,3727505.0,,,,Georgia,Europe & Central Asia,Upper middle income,4143.40125686315
GEO,2017,5.15990261658827,,3728004.0,,,99.3600006103516,Georgia,Europe & Central Asia,Upper middle income,4418.75206546679
GEO,2018,6.062036412677,,3726549.0,,,99.6500015258789,Georgia,Europe & Central Asia,Upper middle income,4804.0546040444
GEO,2019,5.38071926589951,,3720161.0,,,99.9020818812072,Georgia,Europe & Central Asia,Upper middle income,4741.2832715876
GEO,2020,-6.2904717853839,,3722716.0,,,99.9403171161963,Georgia,Europe & Central Asia,Upper middle income,4300.85701291207
GEO,2021,10.6442336580969,,3708610.0,,,99.9656063568431,Georgia,Europe & Central Asia,Upper middle income,5083.60695484577
GEO,2022,10.9585321385624,,3712502.0,,,99.5699996948242,Georgia,Europe & Central Asia,Upper middle income,6729.84659930283
GEO,2023,7.83220126555726,,3715483.0,,,99.5599975585938,Georgia,Europe & Central Asia,Upper middle income,8283.66960652261
GEO,2024,9.67979387500691,,3699557.0,,,99.6800003051758,Georgia,Europe & Central Asia,Upper middle income,9241.49122313713
GHA,2015,2.12075933817334,,28696068.0,,,,Ghana,Sub-Saharan Africa ,Lower middle income,1722.77282833606
GHA,2016,3.37346574966936,,29356742.0,,,,Ghana,Sub-Saharan Africa ,Lower middle income,1912.47991339951
GHA,2017,8.12889488100956,,30008354.0,,,64.4899978637695,Ghana,Sub-Saharan Africa ,Lower middle income,2012.28662641265
GHA,2018,6.20007768127284,,30637585.0,,,,Ghana,Sub-Saharan Africa ,Lower middle income,2195.32166016377
GHA,2019,6.5077747939152,,31258945.0,,,,Ghana,Sub-Saharan Africa ,Lower middle income,2186.65822682613
GHA,2020,0.513941670628171,,31887809.0,,,,Ghana,Sub-Saharan Africa ,Lower middle income,2195.45481659987
GHA,2021,5.07646643533542,,32518665.0,,,76.4899978637695,Ghana,Sub-Saharan Africa ,Lower middle income,2445.18662529344
GHA,2022,3.80484980952164,,33149152.0,,,,Ghana,Sub-Saharan Africa ,Lower middle income,2229.89122647803
GHA,2023,3.14009099763754,,33787914.0,,,,Ghana,Sub-Saharan Africa ,Lower middle income,2383.90410483418
GHA,2024,5.59045469593266,,34427414.0,,,,Ghana,Sub-Saharan Africa ,Lower middle income,2390.77237652715
GIB,2015,,,33193.0,,,,Gibraltar,Europe & Central Asia,High income,
GIB,2016,,,33658.0,,,,Gibraltar,Europe & Central Asia,High income,
GIB,2017,,,34245.0,,,,Gibraltar,Europe & Central Asia,High income,
GIB,2018,,,34854.0,,,,Gibraltar,Europe & Central Asia,High income,
GIB,2019,,,35494.0,,,,Gibraltar,Europe & Central Asia,High income,
GIB,2020,,,36173.0,,,,Gibraltar,Europe & Central Asia,High income,
GIB,2021,,,36858.0,,,,Gibraltar,Europe & Central Asia,High income,
GIB,2022,,,37609.0,,,,Gibraltar,Europe & Central Asia,High income,
GIB,2023,,,38471.0,,,,Gibraltar,Europe & Central Asia,High income,
GIB,2024,,,39329.0,,,,Gibraltar,Europe & Central Asia,High income,
GIN,2015,3.82591056949435,,11767070.0,,,,Guinea,Sub-Saharan Africa ,Lower middle income,747.356966759448
GIN,2016,10.82062719659,,12073030.0,,,,Guinea,Sub-Saharan Africa ,Lower middle income,711.996509782316
GIN,2017,10.3000053427355,,12385659.0,,,,Guinea,Sub-Saharan Africa ,Lower middle income,833.598621691121
GIN,2018,6.35849192736715,,12704774.0,,,39.6199989318848,Guinea,Sub-Saharan Africa ,Lower middle income,933.273615633705
GIN,2019,5.61691446889876,,13034346.0,,,,Guinea,Sub-Saharan Africa ,Lower middle income,1031.34146480732
GIN,2020,4.70459096113575,,13371183.0,,,,Guinea,Sub-Saharan Africa ,Lower middle income,1053.66097696415
GIN,2021,5.5823328114905,,13710513.0,,,,Guinea,Sub-Saharan Africa ,Lower middle income,1244.96550477914
GIN,2022,3.97240784200721,,14055137.0,,,,Guinea,Sub-Saharan Africa ,Lower middle income,1416.59612011764
GIN,2023,5.54172668627702,,14405468.0,,,,Guinea,Sub-Saharan Africa ,Lower middle income,1555.49375806861
GIN,2024,5.35004659051708,,14754785.0,,,,Guinea,Sub-Saharan Africa ,Lower middle income,1694.95375862193
GMB,2015,4.0580738039996,,2224529.0,,,,"Gambia, The",Sub-Saharan Africa ,Low income,619.536364296461
GMB,2016,1.94335965478776,,2283769.0,,,,"Gambia, The",Sub-Saharan Africa ,Low income,650.056501323611
GMB,2017,4.8226112492757,,2342189.0,,,,"Gambia, The",Sub-Saharan Africa ,Low income,642.522641296331
GMB,2018,7.23489033258579,,2399632.0,,,53.1599998474121,"Gambia, The",Sub-Saharan Africa ,Low income,696.219806960615
GMB,2019,6.22205315994859,,2456844.0,,,,"Gambia, The",Sub-Saharan Africa ,Low income,738.186751987483
GMB,2020,0.591487287873974,,2515733.0,,,,"Gambia, The",Sub-Saharan Africa ,Low income,720.335143352133
GMB,2021,5.25596878816744,,2576010.0,,,51.6399993896484,"Gambia, The",Sub-Saharan Africa ,Low income,781.890925169531
GMB,2022,5.49299823010114,,2636470.0,,,,"Gambia, The",Sub-Saharan Africa ,Low income,836.244875868476
GMB,2023,5.9167957146697,,2697845.0,,,,"Gambia, The",Sub-Saharan Africa ,Low income,883.024111719809
GMB,2024,5.55126069510321,,2759988.0,,,,"Gambia, The",Sub-Saharan Africa ,Low income,871.340291776294
GNB,2015,6.1340893623123,,1786457.0,,,,Guinea-Bissau,Sub-Saharan Africa ,Low income,645.066837207039
GNB,2016,5.4326782650304,,1831893.0,,,,Guinea-Bissau,Sub-Saharan Africa ,Low income,679.665386626818
GNB,2017,4.66367943913264,,1877072.0,,,,Guinea-Bissau,Sub-Saharan Africa ,Low income,783.123186602022
GNB,2018,3.76145359637003,,1922168.0,,,,Guinea-Bissau,Sub-Saharan Africa ,Low income,808.531613218504
GNB,2019,5.32749571119344,,1967696.0,,,54.8800010681152,Guinea-Bissau,Sub-Saharan Africa ,Low income,811.216425885129
GNB,2020,2.89139814952995,,2013255.0,,,,Guinea-Bissau,Sub-Saharan Africa ,Low income,846.915855715971
GNB,2021,5.05055831244401,,2058841.0,,,,Guinea-Bissau,Sub-Saharan Africa ,Low income,926.780921081233
GNB,2022,5.52987253058352,,2105529.0,,,63.9300003051758,Guinea-Bissau,Sub-Saharan Africa ,Low income,883.199131457831
GNB,2023,5.82749502627256,,2153339.0,,,,Guinea-Bissau,Sub-Saharan Africa ,Low income,988.087886357022
GNB,2024,4.14631137217332,,2201352.0,,,,Guinea-Bissau,Sub-Saharan Africa ,Low income,1007.74151728028
GNQ,2015,-9.11004114881537,,1453923.0,,,,Equatorial Guinea,Sub-Saharan Africa ,Upper middle income,9068.91003238645
GNQ,2016,-8.81641723219757,,1508186.0,,,,Equatorial Guinea,Sub-Saharan Africa ,Upper middle income,7453.19797948517
GNQ,2017,-5.66750850486686,,1562396.0,,,,Equatorial Guinea,Sub-Saharan Africa ,Upper middle income,7809.10465655488
GNQ,2018,-6.23654406734575,,1616422.0,,,,Equatorial Guinea,Sub-Saharan Africa ,Upper middle income,8102.47084834031
GNQ,2019,-5.48182537893445,,1670177.0,,,,Equatorial Guinea,Sub-Saharan Africa ,Upper middle income,6804.14923073888
GNQ,2020,-4.79108083383294,,1716468.0,,,,Equatorial Guinea,Sub-Saharan Africa ,Upper middle income,5764.05502912947
GNQ,2021,0.860269956382069,,1758786.0,,,,Equatorial Guinea,Sub-Saharan Africa ,Upper middle income,6945.63069794539
GNQ,2022,3.22350831658598,,1803545.0,,,,Equatorial Guinea,Sub-Saharan Africa ,Upper middle income,7589.29964909381
GNQ,2023,-5.08930872071532,,1847549.0,,,,Equatorial Guinea,Sub-Saharan Africa ,Upper middle income,6677.793435386
GNQ,2024,0.907248245986736,,1892516.0,,,,Equatorial Guinea,Sub-Saharan Africa ,Upper middle income,6745.40013244916
GRC,2015,-0.228301892172851,,10820883.0,,,,Greece,Europe & Central Asia,High income,17980.7298238137
GRC,2016,-0.0317947678412054,,10775971.0,,,,Greece,Europe & Central Asia,High income,17919.2426377048
GRC,2017,1.47312472702352,,10754679.0,,,,Greece,Europe & Central Asia,High income,18631.9930129293
GRC,2018,2.06467207892409,,10732882.0,,,,Greece,Europe & Central Asia,High income,19873.4015238771
GRC,2019,2.27718065334808,,10721582.0,,,,Greece,Europe & Central Asia,High income,19335.3602002969
GRC,2020,-9.19623149726978,,10698599.0,,,,Greece,Europe & Central Asia,High income,17886.733165236
GRC,2021,8.65449786002131,,10569207.0,,,,Greece,Europe & Central Asia,High income,20654.7001960815
GRC,2022,5.52198580589408,,10436882.0,,,,Greece,Europe & Central Asia,High income,20886.5243087629
GRC,2023,2.13591131996631,,10407351.0,,,,Greece,Europe & Central Asia,High income,23343.7103964562
GRC,2024,2.0865743380603,,10405134.0,,,,Greece,Europe & Central Asia,High income,24626.1481858973
GRD,2015,6.44522314693144,,114676.0,,,,Grenada,Latin America & Caribbean ,Upper middle income,8694.12438005692
GRD,2016,3.7396039558691,,115130.0,,,,Grenada,Latin America & Caribbean ,Upper middle income,9221.23461079424
GRD,2017,4.43867566948151,,115438.0,,,,Grenada,Latin America & Caribbean ,Upper middle income,9751.42661155932
GRD,2018,4.36144039364797,,115691.0,,,,Grenada,Latin America & Caribbean ,Upper middle income,10083.021279225
GRD,2019,0.676511738873756,,115981.0,,,,Grenada,Latin America & Caribbean ,Upper middle income,10462.7929159533
GRD,2020,-13.7566222572107,,116341.0,,,,Grenada,Latin America & Caribbean ,Upper middle income,8968.55890108484
GRD,2021,4.6977240232674,,116688.0,,,,Grenada,Latin America & Caribbean ,Upper middle income,9617.28902905373
GRD,2022,7.31023806981959,,116913.0,,,,Grenada,Latin America & Caribbean ,Upper middle income,10469.3867012856
GRD,2023,4.52657497450693,,117081.0,,,,Grenada,Latin America & Caribbean ,Upper middle income,11414.4781691181
GRD,2024,3.96332516398188,,117207.0,,,,Grenada,Latin America & Caribbean ,Upper middle income,11705.0902976658
GRL,2015,-2.52931802394475,,56114.0,,,,Greenland,Europe & Central Asia,High income,44536.3549705377
GRL,2016,4.68195410972302,,56186.0,,,,Greenland,Europe & Central Asia,High income,48181.7453541266
GRL,2017,0.0527281828800312,,56172.0,,,,Greenland,Europe & Central Asia,High income,50765.7494665372
GRL,2018,0.62306542854094,,56023.0,,,,Greenland,Europe & Central Asia,High income,54545.135857765
GRL,2019,2.83217756798683,,56225.0,,,,Greenland,Europe & Central Asia,High income,53309.2035905065
GRL,2020,0.250789762104304,,56367.0,,,,Greenland,Europe & Central Asia,High income,54812.6661771023
GRL,2021,1.63409410992996,,56653.0,,,,Greenland,Europe & Central Asia,High income,58135.9939910203
GRL,2022,2.00455580865604,,56661.0,,,,Greenland,Europe & Central Asia,High income,55635.0006491223
GRL,2023,0.865961986998158,,56865.0,,,,Greenland,Europe & Central Asia,High income,58498.9707973609
GRL,2024,,,56836.0,,,,Greenland,Europe & Central Asia,High income,
GTM,2015,4.09217081621244,,15971743.0,,,,Guatemala,Latin America & Caribbean ,Upper middle income,3893.50533299068
GTM,2016,2.67780277623314,,16268760.0,,,,Guatemala,Latin America & Caribbean ,Upper middle income,4060.13784737643
GTM,2017,3.07985126948702,,16567357.0,,,,Guatemala,Latin America & Caribbean ,Upper middle income,4324.99768915601
GTM,2018,3.40687348346576,,16845685.0,,,80.8099975585938,Guatemala,Latin America & Caribbean ,Upper middle income,4352.94593289707
GTM,2019,4.01789785040324,,17103803.0,,,,Guatemala,Latin America & Caribbean ,Upper middle income,4511.99839552697
GTM,2020,-1.78555175063326,,17357325.0,,,,Guatemala,Latin America & Caribbean ,Upper middle income,4477.61785000665
GTM,2021,8.04170378184928,,17598650.0,,,,Guatemala,Latin America & Caribbean ,Upper middle income,4912.62240414681
GTM,2022,4.18451817243695,,17847877.0,,,83.0299987792969,Guatemala,Latin America & Caribbean ,Upper middle income,5358.70156997677
GTM,2023,3.5331575177533,,18124838.0,,,83.0440590538501,Guatemala,Latin America & Caribbean ,Upper middle income,5758.32760847852
GTM,2024,3.65186382894819,,18406359.0,,,82.1100006103516,Guatemala,Latin America & Caribbean ,Upper middle income,6150.02571438505
GUM,2015,0.825688073394488,,164905.0,,,,Guam,East Asia & Pacific,High income,35165.7014644795
GUM,2016,0.18198362147406,,164233.0,,,,Guam,East Asia & Pacific,High income,35930.6594898711
GUM,2017,0.890099909173486,,163490.0,,,,Guam,East Asia & Pacific,High income,36779.0078903909
GUM,2018,-0.828231904933389,,162679.0,,,,Guam,East Asia & Pacific,High income,37195.9503070464
GUM,2019,2.52360203340596,,161808.0,,,,Guam,East Asia & Pacific,High income,39274.9431424899
GUM,2020,-10.5188595714539,,162158.0,,,,Guam,East Asia & Pacific,High income,36482.9363953675
GUM,2021,2.0581832574708,,163730.0,,,,Guam,East Asia & Pacific,High income,38074.8793745801
GUM,2022,5.09986426216793,,165180.0,,,,Guam,East Asia & Pacific,High income,41833.1517132825
GUM,2023,,,166506.0,,,,Guam,East Asia & Pacific,High income,
GUM,2024,,,167777.0,,,,Guam,East Asia & Pacific,High income,
GUY,2015,0.687404590619494,,758781.0,,,,Guyana,Latin America & Caribbean ,High income,5640.41560569466
GUY,2016,3.80745626378814,,763548.0,,,,Guyana,Latin America & Caribbean ,High income,5870.87823759835
GUY,2017,3.73449154571284,,768479.0,,,,Guyana,Latin America & Caribbean ,High income,6178.6650437298
GUY,2018,4.44091288475967,,791556.0,,,,Guyana,Latin America & Caribbean ,High income,6048.38697180418
GUY,2019,5.35284003535665,,807665.0,,,,Guyana,Latin America & Caribbean ,High income,6405.82443444562
GUY,2020,43.479651716849,,807481.0,,,85.6399993896484,Guyana,Latin America & Caribbean ,High income,6775.70939096303
GUY,2021,20.0599975568418,,815482.0,,,,Guyana,Latin America & Caribbean ,High income,9860.87014834386
GUY,2022,63.3346343654855,,821637.0,,,,Guyana,Latin America & Caribbean ,High income,17913.4928066879
GUY,2023,33.795011115873,,826353.0,,,,Guyana,Latin America & Caribbean ,High income,20473.7002190617
GUY,2024,43.8193108024355,,831087.0,,,,Guyana,Latin America & Caribbean ,High income,29675.2443873316
HKG,2015,2.38777942738729,,7291300.0,,,,"Hong Kong SAR, China",East Asia & Pacific,High income,42432.1619740441
HKG,2016,2.17542886502997,,7336600.0,,,,"Hong Kong SAR, China",East Asia & Pacific,High income,43734.1980702999
HKG,2017,3.79611114629799,,7393200.0,,,,"Hong Kong SAR, China",East Asia & Pacific,High income,46160.429791493
HKG,2018,2.84695146463069,,7452600.0,,,,"Hong Kong SAR, China",East Asia & Pacific,High income,48537.5668888343
HKG,2019,-1.6724459934221,,7507900.0,,,,"Hong Kong SAR, China",East Asia & Pacific,High income,48359.0011950597
HKG,2020,-6.54480412699255,,7481000.0,,,,"Hong Kong SAR, China",East Asia & Pacific,High income,46109.2299946609
HKG,2021,6.45444409087024,,7413100.0,,,,"Hong Kong SAR, China",East Asia & Pacific,High income,49770.5642374739
HKG,2022,-3.68378414495199,,7346100.0,,,,"Hong Kong SAR, China",East Asia & Pacific,High income,48825.8441873536
HKG,2023,3.2238599613664,,7536100.0,,,,"Hong Kong SAR, China",East Asia & Pacific,High income,50562.3633144379
HKG,2024,2.50498758466826,,7524100.0,,,,"Hong Kong SAR, China",East Asia & Pacific,High income,54074.6928519479
HND,2015,3.84007997093951,,9237305.0,,,,Honduras,Latin America & Caribbean ,Lower middle income,2271.20265980349
HND,2016,3.89297219726413,,9412380.0,,,88.9899978637695,Honduras,Latin America & Caribbean ,Lower middle income,2307.34468351082
HND,2017,4.84291391050387,,9588137.0,,,,Honduras,Latin America & Caribbean ,Lower middle income,2413.0076562942
HND,2018,3.84499476966735,,9765210.0,,,87.2099990844727,Honduras,Latin America & Caribbean ,Lower middle income,2464.64241531918
HND,2019,2.55963434592314,,9943633.0,,,88.5100021362305,Honduras,Latin America & Caribbean ,Lower middle income,2502.32744328073
HND,2020,-8.96508223267296,,10119640.0,,,,Honduras,Latin America & Caribbean ,Lower middle income,2307.61494319511
HND,2021,12.5652843771279,,10289877.0,,,,Honduras,Latin America & Caribbean ,Lower middle income,2735.14751503977
HND,2022,4.14356194013767,,10463872.0,,,88.2764147235016,Honduras,Latin America & Caribbean ,Lower middle income,3003.28996826399
HND,2023,3.57584760454412,,10644851.0,,,87.0899963378906,Honduras,Latin America & Caribbean ,Lower middle income,3227.45762509776
HND,2024,3.55397003296669,,10825703.0,,,88.25,Honduras,Latin America & Caribbean ,Lower middle income,3426.43483328923
HRV,2015,2.31998692708386,,4151725.0,13580.0,,,Croatia,Europe & Central Asia,High income,12283.7840620053
HRV,2016,3.46646114288178,,4106867.0,13080.0,,,Croatia,Europe & Central Asia,High income,12820.1653893008
HRV,2017,3.28396321643012,,4041407.0,13350.0,,,Croatia,Europe & Central Asia,High income,13901.7878144679
HRV,2018,2.91107593407843,,3988775.0,14670.0,,,Croatia,Europe & Central Asia,High income,15460.3669595491
HRV,2019,3.10152683894853,,3949390.0,15800.0,,,Croatia,Europe & Central Asia,High income,15563.5987295029
HRV,2020,-8.31086401501189,,3914206.0,15130.0,,,Croatia,Europe & Central Asia,High income,14807.5608543265
HRV,2021,12.6322190351024,,3878981.0,17420.0,,,Croatia,Europe & Central Asia,High income,17788.7865816658
HRV,2022,7.29445343642668,,3855641.0,19370.0,,,Croatia,Europe & Central Asia,High income,18465.5414420364
HRV,2023,3.76164540703459,,3859686.0,20750.0,,,Croatia,Europe & Central Asia,High income,22184.2279304842
HRV,2024,3.82688702890739,,3866200.0,22250.0,,,Croatia,Europe & Central Asia,High income,24050.4397933135
HTI,2015,1.40000000859727,,10523242.0,,,,Haiti,Latin America & Caribbean ,Lower middle income,1411.12684746796
HTI,2016,1.81246807847532,,10671457.0,,,,Haiti,Latin America & Caribbean ,Lower middle income,1318.40268167953
HTI,2017,2.51027134544685,,10817754.0,,,68.0100021362305,Haiti,Latin America & Caribbean ,Lower middle income,1395.23945184461
HTI,2018,1.66781095484656,,10962362.0,,,,Haiti,Latin America & Caribbean ,Lower middle income,1496.38048970156
HTI,2019,-1.72309699839232,,11105163.0,,,,Haiti,Latin America & Caribbean ,Lower middle income,1352.17204191532
HTI,2020,-3.30550546965893,,11243848.0,,,,Haiti,Latin America & Caribbean ,Lower middle income,1290.32538667383
HTI,2021,-1.79823988931486,,11374586.0,,,,Haiti,Latin America & Caribbean ,Lower middle income,1841.33189337222
HTI,2022,-1.68198396897978,,11503606.0,,,,Haiti,Latin America & Caribbean ,Lower middle income,1760.62635668777
HTI,2023,-1.86388420254838,,11637398.0,,,,Haiti,Latin America & Caribbean ,Lower middle income,1705.75808460999
HTI,2024,-4.16963395808132,,11772557.0,,,,Haiti,Latin America & Caribbean ,Lower middle income,2142.62330526788
HUN,2015,3.65981615406955,,9797755.0,,,,Hungary,Europe & Central Asia,High income,12782.9412577973
HUN,2016,2.43864141309342,,9759755.0,,,,Hungary,Europe & Central Asia,High income,13215.8605277789
HUN,2017,4.12418389451805,,9726756.0,,,,Hungary,Europe & Central Asia,High income,14736.1668157258
HUN,2018,5.60613813768876,,9706964.0,,,,Hungary,Europe & Central Asia,High income,16605.0570511887
HUN,2019,5.07718495088933,,9694824.0,,,,Hungary,Europe & Central Asia,High income,17012.8598553199
HUN,2020,-4.33872540024058,,9670419.0,,,,Hungary,Europe & Central Asia,High income,16386.9308821258
HUN,2021,7.22291580811137,,9630932.0,,,,Hungary,Europe & Central Asia,High income,19030.628130329
HUN,2022,4.15238057779229,,9605074.0,,,,Hungary,Europe & Central Asia,High income,18428.028825614
HUN,2023,-0.817107370513455,,9592186.0,,,,Hungary,Europe & Central Asia,High income,22230.6277875187
HUN,2024,0.560117843140432,,9562065.0,,,,Hungary,Europe & Central Asia,High income,23292.3263882478
IDN,2015,4.87632230022123,,261799249.0,,,,Indonesia,East Asia & Pacific,Upper middle income,3288.22269725538
IDN,2016,5.03306918280177,,264627418.0,,,95.379997253418,Indonesia,East Asia & Pacific,Upper middle income,3521.46943457574
IDN,2017,5.06978590134916,,267346658.0,,,,Indonesia,East Asia & Pacific,Upper middle income,3798.88326174526
IDN,2018,5.17429153955024,,269951846.0,,,95.6600036621094,Indonesia,East Asia & Pacific,Upper middle income,3860.95353090726
IDN,2019,5.01928768046282,,272489381.0,,,,Indonesia,East Asia & Pacific,Upper middle income,4106.94856160358
IDN,2020,-2.06551182934165,,274814866.0,,,96.0,Indonesia,East Asia & Pacific,Upper middle income,3853.70288774146
IDN,2021,3.70288562827751,,276758053.0,,,,Indonesia,East Asia & Pacific,Upper middle income,4287.17313995098
IDN,2022,5.30719722664799,,278830529.0,,,,Indonesia,East Asia & Pacific,Upper middle income,4730.83484836107
IDN,2023,5.04902331835997,,281190067.0,,,,Indonesia,East Asia & Pacific,Upper middle income,4876.30774512252
IDN,2024,5.03034469419038,,283487931.0,,,,Indonesia,East Asia & Pacific,Upper middle income,4925.43048751861
IMN,2015,-0.385866882198087,,83593.0,,,,Isle of Man,Europe & Central Asia,High income,84753.5187422732
IMN,2016,6.95230284899407,,83466.0,,,,Isle of Man,Europe & Central Asia,High income,82025.9454509241
IMN,2017,2.83775807093689,,83609.0,,,,Isle of Man,Europe & Central Asia,High income,83481.3038489014
IMN,2018,2.2133975392251,,83805.0,,,,Isle of Man,Europe & Central Asia,High income,89393.8244248812
IMN,2019,0.254877847398262,,83957.0,,,,Isle of Man,Europe & Central Asia,High income,87127.5517977404
IMN,2020,-8.83681697473475,,84064.0,,,,Isle of Man,Europe & Central Asia,High income,79513.5330346598
IMN,2021,3.83783632334639,,84106.0,,,,Isle of Man,Europe & Central Asia,High income,94299.969348965
IMN,2022,-4.16539345213232,,84132.0,,,,Isle of Man,Europe & Central Asia,High income,88328.548125887
IMN,2023,,,84165.0,,,,Isle of Man,Europe & Central Asia,High income,
IMN,2024,,,84160.0,,,,Isle of Man,Europe & Central Asia,High income,
IND,2015,7.99625378571471,,1328024498.0,,,,India,South Asia,Lower middle income,1583.99815907985
IND,2016,8.25630550179086,,1343944296.0,,,,India,South Asia,Lower middle income,1707.50892912243
IND,2017,6.79538341897911,,1359657400.0,,,,India,South Asia,Lower middle income,1950.10468280866
IND,2018,6.45385134497769,,1374659064.0,,,73.6975430256976,India,South Asia,Lower middle income,1966.25455171679
IND,2019,3.87143694070356,,1389030312.0,,,74.9084268267486,India,South Asia,Lower middle income,2041.42863698585
IND,2020,-5.77772470686801,,1402617695.0,,,75.5437727049002,India,South Asia,Lower middle income,1907.04251637669
IND,2021,9.68959249192875,,1414203896.0,,,76.0715766188242,India,South Asia,Lower middle income,2239.61384367482
IND,2022,7.60936497768895,,1425423212.0,,,76.3199996948242,India,South Asia,Lower middle income,2347.44829434623
IND,2023,9.19075493028345,,1438069596.0,,,81.6999969482422,India,South Asia,Lower middle income,2530.12031278204
IND,2024,6.49476552383821,,1450935791.0,,,,India,South Asia,Lower middle income,2694.73780859961
IRL,2015,24.6239856364006,,4701957.0,,,,Ireland,Europe & Central Asia,High income,64250.1385181257
IRL,2016,1.22271661130947,,4762722.0,,,,Ireland,Europe & Central Asia,High income,64129.5571542383
IRL,2017,10.1088576065965,,4827445.0,,,,Ireland,Europe & Central Asia,High income,72161.4047531385
IRL,2018,7.68865937437435,,4898022.0,,,,Ireland,Europe & Central Asia,High income,80804.1123164826
IRL,2019,4.97288003766816,,4976456.0,,,,Ireland,Europe & Central Asia,High income,81827.6688873996
IRL,2020,7.15369505735335,,5039747.0,,,,Ireland,Europe & Central Asia,High income,86514.0706108754
IRL,2021,16.2581881158197,,5110585.0,,,,Ireland,Europe & Central Asia,High income,103783.446284479
IRL,2022,7.51113888415304,,5212836.0,,,,Ireland,Europe & Central Asia,High income,105190.685952731
IRL,2023,-2.53637409313261,,5311538.0,,,,Ireland,Europe & Central Asia,High income,106818.917130804
IRL,2024,2.59946721553708,,5395790.0,,,,Ireland,Europe & Central Asia,High income,112894.953240805
IRN,2015,-1.42488493937503,,82619362.0,,,,"Iran, Islamic Rep.","Middle East, North Africa, Afghanistan & Pakistan",Upper middle income,4952.73355532178
IRN,2016,8.8150866425182,,83812228.0,,,85.5400009155273,"Iran, Islamic Rep.","Middle East, North Africa, Afghanistan & Pakistan",Upper middle income,5710.59947089104
IRN,2017,3.02685468694025,,85026754.0,,,85.9467259623201,"Iran, Islamic Rep.","Middle East, North Africa, Afghanistan & Pakistan",Upper middle income,6000.93346404409
IRN,2018,-3.74796015711334,,86117998.0,,,86.8687468655024,"Iran, Islamic Rep.","Middle East, North Africa, Afghanistan & Pakistan",Upper middle income,4783.01067340237
IRN,2019,-2.36143538770575,,87051648.0,,,87.3787031852537,"Iran, Islamic Rep.","Middle East, North Africa, Afghanistan & Pakistan",Upper middle income,3997.4935449585
IRN,2020,4.44180865358672,,87723443.0,,,87.9027874156509,"Iran, Islamic Rep.","Middle East, North Africa, Afghanistan & Pakistan",Upper middle income,3202.50003502169
IRN,2021,4.13089685034471,,88455488.0,,,88.4554880174224,"Iran, Islamic Rep.","Middle East, North Africa, Afghanistan & Pakistan",Upper middle income,4605.14881318992
IRN,2022,4.35281087521344,,89524246.0,,,88.5939994931719,"Iran, Islamic Rep.","Middle East, North Africa, Afghanistan & Pakistan",Upper middle income,4721.20437099984
IRN,2023,5.33235117216407,,90608707.0,,,88.9233339833467,"Iran, Islamic Rep.","Middle East, North Africa, Afghanistan & Pakistan",Upper middle income,5049.29931642754
IRN,2024,3.66312056830718,,91567738.0,,,,"Iran, Islamic Rep.","Middle East, North Africa, Afghanistan & Pakistan",Upper middle income,5190.16959024821
IRQ,2015,2.60676642939541,,37560535.0,,,,Iraq,"Middle East, North Africa, Afghanistan & Pakistan",Upper middle income,4440.14189252367
IRQ,2016,13.7873730187089,,38469627.0,,,83.3000030517578,Iraq,"Middle East, North Africa, Afghanistan & Pakistan",Upper middle income,4334.42096404188
IRQ,2017,-1.81975035118309,,39337353.0,,,85.5999984741211,Iraq,"Middle East, North Africa, Afghanistan & Pakistan",Upper middle income,4759.2846435467
IRQ,2018,2.63385099105624,,40265624.0,,,,Iraq,"Middle East, North Africa, Afghanistan & Pakistan",Upper middle income,5646.68932074742
IRQ,2019,5.51379057542323,,41192171.0,,,,Iraq,"Middle East, North Africa, Afghanistan & Pakistan",Upper middle income,5671.8568632942
IRQ,2020,-12.0367930931152,,42116605.0,,,,Iraq,"Middle East, North Africa, Afghanistan & Pakistan",Upper middle income,4295.18945121228
IRQ,2021,1.50218070952037,,43071211.0,,,84.0588635813164,Iraq,"Middle East, North Africa, Afghanistan & Pakistan",Upper middle income,4868.49431080783
IRQ,2022,7.95904804992662,,44070551.0,,,,Iraq,"Middle East, North Africa, Afghanistan & Pakistan",Upper middle income,6520.73154560584
IRQ,2023,0.517705525131191,,45074049.0,,,,Iraq,"Middle East, North Africa, Afghanistan & Pakistan",Upper middle income,5965.31835077761
IRQ,2024,-1.54525198318304,,46042015.0,,,,Iraq,"Middle East, North Africa, Afghanistan & Pakistan",Upper middle income,6073.61032342708
ISL,2015,3.76859023848581,,330815.0,,,,Iceland,Europe & Central Asia,High income,53505.6964079339
ISL,2016,6.21808764217616,,335439.0,,,,Iceland,Europe & Central Asia,High income,62854.0906407932
ISL,2017,3.48506703916689,,343400.0,,,,Iceland,Europe & Central Asia,High income,72976.3729990975
ISL,2018,4.66077032612084,,352721.0,,,,Iceland,Europe & Central Asia,High income,75633.8651351915
ISL,2019,1.13821230465001,,360563.0,,,,Iceland,Europe & Central Asia,High income,69296.3144361601
ISL,2020,-6.64587816297836,,366463.0,,,,Iceland,Europe & Central Asia,High income,60127.9393575616
ISL,2021,5.1805719742238,,372520.0,,,,Iceland,Europe & Central Asia,High income,70425.4064277273
ISL,2022,8.82069395623492,,382003.0,,,,Iceland,Europe & Central Asia,High income,76350.4550416502
ISL,2023,5.18615760140189,,385663.0,,,,Iceland,Europe & Central Asia,High income,82138.7892973557
ISL,2024,-0.970676468918384,,386506.0,,,,Iceland,Europe & Central Asia,High income,86040.5309851288
ISR,2015,2.23760317482488,,8380100.0,,,,Israel,"Middle East, North Africa, Afghanistan & Pakistan",High income,36213.1041481958
ISR,2016,4.45978271860821,,8546000.0,,,,Israel,"Middle East, North Africa, Afghanistan & Pakistan",High income,37671.5389138798
ISR,2017,4.3469311670646,,8713300.0,,,,Israel,"Middle East, North Africa, Afghanistan & Pakistan",High income,41138.470964272
ISR,2018,4.00389862187025,,8882800.0,,,,Israel,"Middle East, North Africa, Afghanistan & Pakistan",High income,42362.6652754196
ISR,2019,3.71049632750405,,9054000.0,,,,Israel,"Middle East, North Africa, Afghanistan & Pakistan",High income,44250.6313628073
ISR,2020,-2.02161548237589,,9215100.0,,,,Israel,"Middle East, North Africa, Afghanistan & Pakistan",High income,44575.5719045492
ISR,2021,9.38837403354628,,9371400.0,,,,Israel,"Middle East, North Africa, Afghanistan & Pakistan",High income,52270.9040241956
ISR,2022,6.26326343841286,,9557500.0,,,,Israel,"Middle East, North Africa, Afghanistan & Pakistan",High income,54949.621556429
ISR,2023,1.82652049482384,,9849000.0,,,,Israel,"Middle East, North Africa, Afghanistan & Pakistan",High income,52003.7200729997
ISR,2024,0.871968424377442,,9974400.0,,,,Israel,"Middle East, North Africa, Afghanistan & Pakistan",High income,54176.6844383302
ITA,2015,0.885667635240807,,60229605.0,,,,Italy,Europe & Central Asia,High income,30639.8829751432
ITA,2016,1.23622108511661,,60115223.0,,,,Italy,Europe & Central Asia,High income,31391.5692898108
ITA,2017,1.60369995294101,,60002252.0,,,,Italy,Europe & Central Asia,High income,32844.115660604
ITA,2018,0.826646712344115,,60148658.0,,,,Italy,Europe & Central Asia,High income,34904.1081923834
ITA,2019,0.429162533780342,,59729081.0,,,99.3499984741211,Italy,Europe & Central Asia,High income,33812.788724868
ITA,2020,-8.86822122185345,,59438851.0,,,,Italy,Europe & Central Asia,High income,32091.4866621366
ITA,2021,8.93106210800055,,59133173.0,,,,Italy,Europe & Central Asia,High income,36852.5425414951
ITA,2022,4.82117669913565,,59013667.0,,,,Italy,Europe & Central Asia,High income,35653.9042103495
ITA,2023,0.975694840127005,,58984216.0,,,,Italy,Europe & Central Asia,High income,39277.0838783918
ITA,2024,0.692676948440536,,58952704.0,,,,Italy,Europe & Central Asia,High income,40385.3413957669
JAM,2015,0.92148712399856,,2802534.0,,,,Jamaica,Latin America & Caribbean ,Upper middle income,5339.30718256806
JAM,2016,2.76043761369557,,2809915.0,,,,Jamaica,Latin America & Caribbean ,Upper middle income,5302.29553353854
JAM,2017,2.29303371291363,,2815764.0,,,,Jamaica,Latin America & Caribbean ,Upper middle income,5605.43541173019
JAM,2018,2.51584458612513,,2820097.0,,,,Jamaica,Latin America & Caribbean ,Upper middle income,5976.90362644337
JAM,2019,1.80943147301357,,2823271.0,,,,Jamaica,Latin America & Caribbean ,Upper middle income,6030.68896415921
JAM,2020,-8.30441923583135,,2830739.0,,,,Jamaica,Latin America & Caribbean ,Upper middle income,5299.04530804283
JAM,2021,5.70467978309095,,2837682.0,,,,Jamaica,Latin America & Caribbean ,Upper middle income,5625.67806271236
JAM,2022,6.43930323656186,,2839144.0,,,,Jamaica,Latin America & Caribbean ,Upper middle income,6626.47502388538
JAM,2023,2.74634433906714,,2839786.0,,,,Jamaica,Latin America & Caribbean ,Upper middle income,7542.40084275345
JAM,2024,-0.535039063867487,,2839175.0,,,,Jamaica,Latin America & Caribbean ,Upper middle income,7753.8006955432
JOR,2015,2.49652879315188,,9544729.0,,,,Jordan,"Middle East, North Africa, Afghanistan & Pakistan",Lower middle income,4042.75678097555
JOR,2016,1.9941808493012,,10006367.0,,,,Jordan,"Middle East, North Africa, Afghanistan & Pakistan",Lower middle income,3986.71677010853
JOR,2017,2.47359815449045,,10234226.0,,,,Jordan,"Middle East, North Africa, Afghanistan & Pakistan",Lower middle income,4065.61628749384
JOR,2018,1.91907091341564,,10462306.0,,,95.4300003051758,Jordan,"Middle East, North Africa, Afghanistan & Pakistan",Lower middle income,4145.43989673265
JOR,2019,1.75124077866225,,10671891.0,,,,Jordan,"Middle East, North Africa, Afghanistan & Pakistan",Lower middle income,4170.1144003465
JOR,2020,-1.10275188309046,,10865228.0,,,,Jordan,"Middle East, North Africa, Afghanistan & Pakistan",Lower middle income,4022.0401356135
JOR,2021,3.65564358999147,,11066356.0,,,,Jordan,"Middle East, North Africa, Afghanistan & Pakistan",Lower middle income,4183.49998326866
JOR,2022,2.64743514912058,,11256263.0,,,,Jordan,"Middle East, North Africa, Afghanistan & Pakistan",Lower middle income,4332.25159897931
JOR,2023,2.88408339281683,,11439213.0,,,94.8499984741211,Jordan,"Middle East, North Africa, Afghanistan & Pakistan",Lower middle income,4466.08314208575
JOR,2024,2.48889409603647,,11552876.0,,,,Jordan,"Middle East, North Africa, Afghanistan & Pakistan",Lower middle income,4618.09592498567
JPN,2015,1.56062669680782,,127141000.0,,,,Japan,East Asia & Pacific,High income,34960.6393843385
JPN,2016,0.753826745789127,,127076000.0,,,,Japan,East Asia & Pacific,High income,39375.4731620781
JPN,2017,1.67533175173359,,126972000.0,,,,Japan,East Asia & Pacific,High income,38834.0529341227
JPN,2018,0.643391023533141,,126811000.0,,,,Japan,East Asia & Pacific,High income,39751.1330982711
JPN,2019,-0.402169200894946,,126633000.0,,,,Japan,East Asia & Pacific,High income,40415.9567649547
JPN,2020,-4.16876457146743,,126261000.0,,,,Japan,East Asia & Pacific,High income,40028.7341726762
JPN,2021,2.69657404187188,,125681593.0,,,,Japan,East Asia & Pacific,High income,40094.5599795288
JPN,2022,0.941998775483285,,125124989.0,,,,Japan,East Asia & Pacific,High income,34065.6438962526
JPN,2023,1.47503481053384,,124516650.0,,,,Japan,East Asia & Pacific,High income,33836.1756271617
JPN,2024,0.104309021773304,,123975371.0,,,,Japan,East Asia & Pacific,High income,32487.0778047567
KAZ,2015,1.20000000053288,,18084169.0,,,,Kazakhstan,Europe & Central Asia,Upper middle income,10196.1226255982
KAZ,2016,1.09999999910173,,18363600.0,,,,Kazakhstan,Europe & Central Asia,Upper middle income,7475.56688689424
KAZ,2017,4.10000000257358,,18651931.0,,,,Kazakhstan,Europe & Central Asia,Upper middle income,8943.08416791984
KAZ,2018,4.09999999309841,,18932727.0,,,,Kazakhstan,Europe & Central Asia,Upper middle income,9472.48527327758
KAZ,2019,4.50000000091883,,19209555.0,,,,Kazakhstan,Europe & Central Asia,Upper middle income,9457.12614657136
KAZ,2020,-2.49999999628,,19482117.0,,,,Kazakhstan,Europe & Central Asia,Upper middle income,8781.50797787648
KAZ,2021,4.29999999729456,,19743603.0,,,,Kazakhstan,Europe & Central Asia,Upper middle income,9983.60103576902
KAZ,2022,3.19999999970734,,20034609.0,,,,Kazakhstan,Europe & Central Asia,Upper middle income,11255.3396437881
KAZ,2023,5.09999999973641,,20330104.0,,,,Kazakhstan,Europe & Central Asia,Upper middle income,12879.4275257974
KAZ,2024,4.99999999996936,,20592571.0,,,,Kazakhstan,Europe & Central Asia,Upper middle income,14154.6324958076
KHM,2015,7.20703472529512,,15623251.0,1430.0,,,Cambodia,East Asia & Pacific,Lower middle income,1547.32010444393
KHM,2016,7.90550116130704,,15852803.0,1550.0,,,Cambodia,East Asia & Pacific,Lower middle income,1675.19555711109
KHM,2017,8.07503915535979,,16073372.0,1690.0,,,Cambodia,East Asia & Pacific,Lower middle income,1826.35391688754
KHM,2018,8.77622376224463,,16274522.0,1920.0,,,Cambodia,East Asia & Pacific,Lower middle income,2036.67377566578
KHM,2019,7.93695013588524,,16481304.0,2100.0,,87.6600036621094,Cambodia,East Asia & Pacific,Lower middle income,2225.87705485686
KHM,2020,-3.55572193406549,,16725474.0,2050.0,,82.5991675957413,Cambodia,East Asia & Pacific,Lower middle income,2081.73914242939
KHM,2021,3.08984284148661,,16974305.0,2120.0,,71.9300003051758,Cambodia,East Asia & Pacific,Lower middle income,2167.40324198499
KHM,2022,5.12990110773977,,17201724.0,2270.0,,,Cambodia,East Asia & Pacific,Lower middle income,2325.03050040841
KHM,2023,5.00733043811898,,17423880.0,2390.0,,,Cambodia,East Asia & Pacific,Lower middle income,2429.74853452838
KHM,2024,5.97510939607335,,17638801.0,2550.0,,,Cambodia,East Asia & Pacific,Lower middle income,2627.87969756224
KIR,2018,,,,,,97.9599990844727,Kiribati,East Asia & Pacific,Lower middle income,1912.73809378187
KIR,2020,,,,,,98.6322966077083,Kiribati,East Asia & Pacific,Lower middle income,1751.78249168214
KWT,2017,,,,,,96.0400009155273,Kuwait,"Middle East, North Africa, Afghanistan & Pakistan",High income,29047.6536135703
KWT,2018,,,,,,96.0599975585938,Kuwait,"Middle East, North Africa, Afghanistan & Pakistan",High income,32067.9623756889
KWT,2020,,,,,,96.4599990844727,Kuwait,"Middle East, North Africa, Afghanistan & Pakistan",High income,25236.0755848941
LAO,2017,,,,,,73.7200012207031,Lao PDR,East Asia & Pacific,Lower middle income,2432.43059478511
LAO,2023,,,,,,75.6399993896484,Lao PDR,East Asia & Pacific,Lower middle income,2066.94979776957
LBN,2018,,,,,,92.6699981689453,Lebanon,"Middle East, North Africa, Afghanistan & Pakistan",Lower middle income,9174.53666204759
LBN,2019,,,,,,92.0144800114203,Lebanon,"Middle East, North Africa, Afghanistan & Pakistan",Lower middle income,8905.88005497437
LKA,2016,,,,,,92.3899993896484,Sri Lanka,South Asia,Lower middle income,4149.19190775593
LKA,2017,,,,,,91.9000015258789,Sri Lanka,South Asia,Lower middle income,4398.88828068715
LKA,2018,,,,,,91.7099990844727,Sri Lanka,South Asia,Lower middle income,4358.56095906047
LKA,2019,,,,,,92.25,Sri Lanka,South Asia,Lower middle income,4081.94772722003
LKA,2020,,,,,,92.379997253418,Sri Lanka,South Asia,Lower middle income,3847.60137695639
LKA,2021,,,,,,92.4300003051758,Sri Lanka,South Asia,Lower middle income,3996.96240014909
LKA,2022,,,,,,92.4899978637695,Sri Lanka,South Asia,Lower middle income,3342.63650253855
LKA,2023,,,,,,92.6600036621094,Sri Lanka,South Asia,Lower middle income,3798.89016573011
LSO,2016,,,,,,97.2699966430664,Lesotho,Sub-Saharan Africa ,Lower middle income,992.491840678465
LSO,2018,,,,,,86.2399978637695,Lesotho,Sub-Saharan Africa ,Lower middle income,1170.65569702819
LSO,2019,,,,,,92.4974361965842,Lesotho,Sub-Saharan Africa ,Lower middle income,1082.05706777516
LSO,2024,,,,,,90.4499969482422,Lesotho,Sub-Saharan Africa ,Lower middle income,971.90771824829
MAC,2016,,,,,,96.5400009155273,"Macao SAR, China",East Asia & Pacific,High income,68911.6755919628
MDG,2018,,,,,,76.6800003051758,Madagascar,Sub-Saharan Africa ,Low income,500.45718552916
MDG,2021,,,,,,74.6900024414062,Madagascar,Sub-Saharan Africa ,Low income,483.469463351195
MDV,2016,,,,,,97.7300033569336,Maldives,South Asia,Upper middle income,9947.80744731739
MDV,2017,,,,,,94.5100021362305,Maldives,South Asia,Upper middle income,10509.628805812
MDV,2019,,,,,,98.2099990844727,Maldives,South Asia,Upper middle income,11740.2724029785
MEX,2016,,,,,,94.8600006103516,Mexico,Latin America & Caribbean ,Upper middle income,9097.92397674769
MEX,2017,,,,,,94.9700012207031,Mexico,Latin America & Caribbean ,Upper middle income,9649.27816772402
MEX,2018,,,,,,95.379997253418,Mexico,Latin America & Caribbean ,Upper middle income,10084.7937562021
MEX,2019,,,,,,95.3889403219417,Mexico,Latin America & Caribbean ,Upper middle income,10369.5553585271
MEX,2020,,,,,,95.25,Mexico,Latin America & Caribbean ,Upper middle income,8841.27075039868
MEX,2021,,,,,,95.6890981310362,Mexico,Latin America & Caribbean ,Upper middle income,10314.0506722115
MEX,2022,,,,,,95.8486603965766,Mexico,Latin America & Caribbean ,Upper middle income,11405.7940473759
MEX,2023,,,,,,95.8346901734281,Mexico,Latin America & Caribbean ,Upper middle income,13860.9597809326
MEX,2024,,,,,,95.7654716766416,Mexico,Latin America & Caribbean ,Upper middle income,14185.7812248529
MHL,2019,,,,,,98.1800003051758,Marshall Islands,East Asia & Pacific,Upper middle income,5292.33985502306
MHL,2021,,,,,,95.8342549583425,Marshall Islands,East Asia & Pacific,Upper middle income,6315.31279603534
MLI,2018,,,,,,35.4700012207031,Mali,Sub-Saharan Africa ,Low income,996.379292136901
MMR,2016,,,,,,84.7799987792969,Myanmar,East Asia & Pacific,Lower middle income,1229.19713491328
MMR,2018,,,,,,95.823239379743,Myanmar,East Asia & Pacific,Lower middle income,1298.21310327675
MMR,2019,,,,,,89.0699996948242,Myanmar,East Asia & Pacific,Lower middle income,1425.98954241668
MMR,2020,,,,,,93.5471293315427,Myanmar,East Asia & Pacific,Lower middle income,1490.21683599469
MNE,2018,,,,,,98.5299987792969,Montenegro,Europe & Central Asia,Upper middle income,8673.59128084795
MNG,2018,,,,,,96.9000015258789,Mongolia,East Asia & Pacific,Upper middle income,4107.64288528468
MNG,2019,,,,,,98.4599990844727,Mongolia,East Asia & Pacific,Upper middle income,4347.54610314873
MNG,2020,,,,,,99.1800003051758,Mongolia,East Asia & Pacific,Upper middle income,4001.25193077703
MNG,2021,,,,,,99.272758866107,Mongolia,East Asia & Pacific,Upper middle income,4517.61578018785
MNG,2022,,,,,,98.7300033569336,Mongolia,East Asia & Pacific,Upper middle income,4993.51487463495
MNG,2023,,,,,,98.6399993896484,Mongolia,East Asia & Pacific,Upper middle income,5838.63108083902
MOZ,2017,,,,,,60.6599998474121,Mozambique,Sub-Saharan Africa ,Low income,470.93856305196
MOZ,2020,,,,,,59.7799987792969,Mozambique,Sub-Saharan Africa ,Low income,462.433876479921
MOZ,2022,,,,,,61.6778205151772,Mozambique,Sub-Saharan Africa ,Low income,578.251663751351
MRT,2020,,,,,,59.5299987792969,Mauritania,Sub-Saharan Africa ,Lower middle income,1795.76459566714
MUS,2016,,,,,,93.1600036621094,Mauritius,Sub-Saharan Africa ,Upper middle income,10095.1225574156
MUS,2021,,,,,,93.0304719147886,Mauritius,Sub-Saharan Africa ,Upper middle income,9177.71195973013
MUS,2023,,,,,,94.3265215627,Mauritius,Sub-Saharan Africa ,Upper middle income,11269.9684462139
MWI,2017,,,,,,72.848752416256,Malawi,Sub-Saharan Africa ,Low income,495.769683367165
MWI,2018,,,,,,76.7200012207031,Malawi,Sub-Saharan Africa ,Low income,533.202567189331
MWI,2020,,,,,,70.1500015258789,Malawi,Sub-Saharan Africa ,Low income,602.507478176106
MYS,2016,,,,,,94.879997253418,Malaysia,East Asia & Pacific,Upper middle income,9476.53409809923
MYS,2017,,,,,,95.0800018310547,Malaysia,East Asia & Pacific,Upper middle income,9862.54806612235
MYS,2018,,,,,,94.8499984741211,Malaysia,East Asia & Pacific,Upper middle income,10901.8019954421
MYS,2019,,,,,,94.9700012207031,Malaysia,East Asia & Pacific,Upper middle income,10920.191763972
MYS,2022,,,,,,95.7699966430664,Malaysia,East Asia & Pacific,Upper middle income,11754.5678336248
NAM,2016,,,,,,88.2018591728156,Namibia,Sub-Saharan Africa ,Lower middle income,4395.68776162376
NAM,2018,,,,,,88.3295050309237,Namibia,Sub-Saharan Africa ,Lower middle income,5308.60813408705
NAM,2023,,,,,,87.6399993896484,Namibia,Sub-Saharan Africa ,Lower middle income,4187.60500396525
NER,2018,,,,,,33.0499992370605,Niger,Sub-Saharan Africa ,Low income,578.568035680892
NER,2022,,,,,,35.6100006103516,Niger,Sub-Saharan Africa ,Low income,609.745147574878
NGA,2016,,,,,,58.2200012207031,Nigeria,Sub-Saharan Africa ,Lower middle income,2070.4127339595
NGA,2021,,,,,,63.1599998474121,Nigeria,Sub-Saharan Africa ,Lower middle income,2787.48779224428
NGA,2024,,,,,,70.4100036621094,Nigeria,Sub-Saharan Africa ,Lower middle income,1084.16041805436
NPL,2016,,,,,,65.5,Nepal,South Asia,Lower middle income,877.256454696737
NPL,2017,,,,,,66.8755351165163,Nepal,South Asia,Lower middle income,1034.28374906846
NPL,2019,,,,,,68.7099990844727,Nepal,South Asia,Lower middle income,1203.14294706401
NRU,2021,,,,,,94.6079860099096,Nauru,East Asia & Pacific,High income,14979.099896799
NRU,2023,,,,,,96.5899963378906,Nauru,East Asia & Pacific,High income,12752.4723855838
OMN,2017,,,,,,95.5800018310547,Oman,"Middle East, North Africa, Afghanistan & Pakistan",High income,17820.0661809335
OMN,2018,,,,,,95.6500015258789,Oman,"Middle East, North Africa, Afghanistan & Pakistan",High income,19901.7615642016
OMN,2020,,,,,,96.9000015258789,Oman,"Middle East, North Africa, Afghanistan & Pakistan",High income,16784.8630630058
OMN,2022,,,,,,97.3399963378906,Oman,"Middle East, North Africa, Afghanistan & Pakistan",High income,23223.5829405935
PAK,2017,,,,,,59.1300010681152,Pakistan,"Middle East, North Africa, Afghanistan & Pakistan",Lower middle income,1519.23459514248
PAK,2018,,,,,,57.0099983215332,Pakistan,"Middle East, North Africa, Afghanistan & Pakistan",Lower middle income,1569.33814626355
PAK,2019,,,,,,58.0,Pakistan,"Middle East, North Africa, Afghanistan & Pakistan",Lower middle income,1390.41690981745
PAK,2021,,,,,,58.8600006103516,Pakistan,"Middle East, North Africa, Afghanistan & Pakistan",Lower middle income,1455.31922370186
PAN,2018,,,,,,95.4100036621094,Panama,Latin America & Caribbean ,High income,16151.3273433486
PAN,2019,,,,,,95.7399978637695,Panama,Latin America & Caribbean ,High income,16477.9066268111
PAN,2021,,,,,,96.2400288895206,Panama,Latin America & Caribbean ,High income,15509.8069124139
PAN,2023,,,,,,96.1092282909577,Panama,Latin America & Caribbean ,High income,18797.1933994045
PAN,2024,,,,,,96.256135181795,Panama,Latin America & Caribbean ,High income,19161.2188501596
PER,2016,,,,,,94.1699981689453,Peru,Latin America & Caribbean ,Upper middle income,6217.03599995447
PER,2017,,,,,,94.1500015258789,Peru,Latin America & Caribbean ,Upper middle income,6736.16693725487
PER,2018,,,,,,94.4100036621094,Peru,Latin America & Caribbean ,Upper middle income,6978.49121548627
PER,2020,,,,,,94.5,Peru,Latin America & Caribbean ,Upper middle income,6133.32552410183
PER,2024,,,,,,93.6600036621094,Peru,Latin America & Caribbean ,Upper middle income,8452.37167056621
PHL,2019,,,,,,96.2799987792969,Philippines,East Asia & Pacific,Lower middle income,3400.78949767074
PHL,2020,,,,,,98.4700012207031,Philippines,East Asia & Pacific,Lower middle income,3227.57910235199
PLW,2020,,,,,,100.0,Palau,East Asia & Pacific,High income,14708.2119536914
PNG,2017,,,,,,70.0599975585938,Papua New Guinea,East Asia & Pacific,Lower middle income,2477.76530986323
PNG,2022,,,,,,87.144148905762,Papua New Guinea,East Asia & Pacific,Lower middle income,3102.28968594061
PRI,2017,,,,,,92.3899993896484,Puerto Rico (US),Latin America & Caribbean ,High income,30328.479490518
PRY,2016,,,,,,94.6500015258789,Paraguay,Latin America & Caribbean ,Upper middle income,5775.15963399596
PRY,2018,,,,,,94.0199966430664,Paraguay,Latin America & Caribbean ,Upper middle income,6258.44991640984
PRY,2019,,,,,,93.2099990844727,Paraguay,Latin America & Caribbean ,Upper middle income,5821.18199548738
PRY,2020,,,,,,94.5400009155273,Paraguay,Latin America & Caribbean ,Upper middle income,5365.47220721104
PRY,2024,,,,,,94.8600006103516,Paraguay,Latin America & Caribbean ,Upper middle income,6416.09708970845
PSE,2016,,,,,,96.7200012207031,West Bank and Gaza,"Middle East, North Africa, Afghanistan & Pakistan",Lower middle income,3527.61382413178
PSE,2017,,,,,,96.9199981689453,West Bank and Gaza,"Middle East, North Africa, Afghanistan & Pakistan",Lower middle income,3620.36048715937
PSE,2018,,,,,,97.2200012207031,West Bank and Gaza,"Middle East, North Africa, Afghanistan & Pakistan",Lower middle income,3562.33094270256
PSE,2019,,,,,,97.379997253418,West Bank and Gaza,"Middle East, North Africa, Afghanistan & Pakistan",Lower middle income,3656.85827137011
PSE,2020,,,,,,97.5100021362305,West Bank and Gaza,"Middle East, North Africa, Afghanistan & Pakistan",Lower middle income,3233.56863835858
PSE,2021,,,,,,97.6857135394122,West Bank and Gaza,"Middle East, North Africa, Afghanistan & Pakistan",Lower middle income,3678.63565662194
PSE,2022,,,,,,97.8399963378906,West Bank and Gaza,"Middle East, North Africa, Afghanistan & Pakistan",Lower middle income,3799.95527015163
PSE,2024,,,,,,97.9449803653341,West Bank and Gaza,"Middle East, North Africa, Afghanistan & Pakistan",Lower middle income,2592.30591217647
PYF,2015,1.80334081452726,,277866.0,,,,French Polynesia,East Asia & Pacific,High income,19166.9594761931
PYF,2016,2.30219823670438,,279178.0,,,,French Polynesia,East Asia & Pacific,High income,19690.0775734589
PYF,2017,4.29263363103487,,280087.0,,,,French Polynesia,East Asia & Pacific,High income,20826.9312492172
PYF,2018,1.80687498305207,,279815.0,,,,French Polynesia,East Asia & Pacific,High income,21925.616043938
PYF,2019,2.68946658143334,,279034.0,,,,French Polynesia,East Asia & Pacific,High income,21582.5892046801
PYF,2020,-10.5738138632489,,279209.0,,,,French Polynesia,East Asia & Pacific,High income,19966.4838503859
PYF,2021,3.36590242421546,,279792.0,,,,French Polynesia,East Asia & Pacific,High income,21426.3854449835
PYF,2022,2.9373470716322,,280378.0,,,,French Polynesia,East Asia & Pacific,High income,20053.9569369322
PYF,2023,2.77284077155413,,281118.0,,,,French Polynesia,East Asia & Pacific,High income,21832.2831795569
PYF,2024,1.12638897730247,,281807.0,,,,French Polynesia,East Asia & Pacific,High income,22439.8838746025
ROU,2021,,,,,,99.1600036621094,Romania,Europe & Central Asia,High income,14907.9803652143
RUS,2021,,,,,,99.9300003051758,Russian Federation,Europe & Central Asia,High income,12425.029296875
RWA,2018,,,,,,73.2200012207031,Rwanda,Sub-Saharan Africa ,Low income,771.773511207309
RWA,2020,,,,,,80.0500030517578,Rwanda,Sub-Saharan Africa ,Low income,778.701498925026
RWA,2022,,,,,,78.7600021362305,Rwanda,Sub-Saharan Africa ,Low income,975.469323735369
SAU,2017,,,,,,95.3300018310547,Saudi Arabia,"Middle East, North Africa, Afghanistan & Pakistan",High income,23929.2907135982
SAU,2020,,,,,,97.5899963378906,Saudi Arabia,"Middle East, North Africa, Afghanistan & Pakistan",High income,24338.8307301067
SAU,2024,,,,,,97.9300003051758,Saudi Arabia,"Middle East, North Africa, Afghanistan & Pakistan",High income,35121.6628687742
SEN,2016,,,,,,46.0999984741211,Senegal,Sub-Saharan Africa ,Lower middle income,1266.43957151587
SEN,2017,,,,,,51.9000015258789,Senegal,Sub-Saharan Africa ,Lower middle income,1356.80518449031
SEN,2018,,,,,,46.6100006103516,Senegal,Sub-Saharan Africa ,Lower middle income,1452.55612562445
SEN,2019,,,,,,46.8300018310547,Senegal,Sub-Saharan Africa ,Lower middle income,1431.18128932159
SEN,2023,,,,,,50.3600006103516,Senegal,Sub-Saharan Africa ,Lower middle income,1698.03387300843
SGP,2016,,,,,,97.0500030517578,Singapore,East Asia & Pacific,High income,57005.5887176547
SGP,2017,,,,,,97.1999969482422,Singapore,East Asia & Pacific,High income,61236.251270627
SGP,2018,,,,,,97.3399963378906,Singapore,East Asia & Pacific,High income,66881.6067035265
SGP,2019,,,,,,97.4800033569336,Singapore,East Asia & Pacific,High income,65952.0378959293
SGP,2020,,,,,,97.129997253418,Singapore,East Asia & Pacific,High income,61410.0792630788
SGP,2021,,,,,,97.6500015258789,Singapore,East Asia & Pacific,High income,80056.1288247844
SLE,2017,,,,,,44.8300018310547,Sierra Leone,Sub-Saharan Africa ,Low income,779.186007841728
SLE,2018,,,,,,48.8216576787275,Sierra Leone,Sub-Saharan Africa ,Low income,845.914540460932
SLE,2019,,,,,,43.5800018310547,Sierra Leone,Sub-Saharan Africa ,Low income,843.712517809977
SLV,2015,2.40000008852115,,6183676.0,,,,El Salvador,Latin America & Caribbean ,Upper middle income,3790.34089108162
SLV,2016,2.53906241135864,,6200800.0,,,88.1399993896484,El Salvador,Latin America & Caribbean ,Upper middle income,3901.34014965811
SLV,2017,2.24761908134138,,6213533.0,,,88.4800033569336,El Salvador,Latin America & Caribbean ,Upper middle income,4020.12671373919
SLV,2018,2.4124442237792,,6219807.0,,,89.0100021362305,El Salvador,Latin America & Caribbean ,Upper middle income,4183.54620971358
SLV,2019,2.43747159065784,,6222318.0,,,89.1399993896484,El Salvador,Latin America & Caribbean ,Upper middle income,4320.11671534627
SLV,2020,-7.893101359867,,6234673.0,,,89.9800033569336,El Salvador,Latin America & Caribbean ,Upper middle income,3997.19279583709
SLV,2021,11.9047617015957,,6255782.0,,,89.0586486323527,El Salvador,Latin America & Caribbean ,Upper middle income,4642.60743101342
SLV,2022,2.95461516549889,,6280319.0,,,89.3518526572018,El Salvador,Latin America & Caribbean ,Upper middle income,5074.60210221806
SLV,2023,3.5391566928735,,6309624.0,,,89.8499984741211,El Salvador,Latin America & Caribbean ,Upper middle income,5365.44491399171
SLV,2024,2.60202016121069,,6338193.0,,,89.7699966430664,El Salvador,Latin America & Caribbean ,Upper middle income,5579.65969165029
SMR,2022,,,,,,99.9100036621094,San Marino,Europe & Central Asia,High income,54190.8417700372
SOM,2019,,,,,,63.6841427350076,"Somalia, Fed. Rep.",Sub-Saharan Africa ,Low income,539.954816211694
SOM,2022,,,,,,54.1199989318848,"Somalia, Fed. Rep.",Sub-Saharan Africa ,Low income,573.141165798229
SRB,2016,,,,,,98.8399963378906,Serbia,Europe & Central Asia,Upper middle income,5982.37030126471
SRB,2019,,,,,,99.4800033569336,Serbia,Europe & Central Asia,Upper middle income,7755.632986437
SRB,2022,,,,,,99.3399963378906,Serbia,Europe & Central Asia,Upper middle income,10024.8191112596
STP,2019,,,,,,87.4400024414062,Sao Tome and Principe,Sub-Saharan Africa ,Lower middle income,1935.2931816596
SWZ,2015,1.70425806017289,,1142813.0,,,,Eswatini,Sub-Saharan Africa ,Lower middle income,3419.82276559528
SWZ,2016,2.94916821059911,,1149507.0,,,,Eswatini,Sub-Saharan Africa ,Lower middle income,3238.17611961364
SWZ,2017,3.52095345987983,,1158195.0,,,,Eswatini,Sub-Saharan Africa ,Lower middle income,3853.09956569679
SWZ,2018,0.0653956557843571,,1168929.0,,,,Eswatini,Sub-Saharan Africa ,Lower middle income,3972.65450620357
SWZ,2019,6.43186888691574,,1179874.0,,,,Eswatini,Sub-Saharan Africa ,Lower middle income,3913.14577547336
SWZ,2020,-2.95183453409287,,1192729.0,,,,Eswatini,Sub-Saharan Africa ,Lower middle income,3466.56936278145
SWZ,2021,4.23621913615419,,1206593.0,,,,Eswatini,Sub-Saharan Africa ,Lower middle income,3984.00229174306
SWZ,2022,0.386070835562705,,1218917.0,,,90.75,Eswatini,Sub-Saharan Africa ,Lower middle income,3894.1620089869
SWZ,2023,3.53257662836211,,1230506.0,,,,Eswatini,Sub-Saharan Africa ,Lower middle income,3755.52111232464
SWZ,2024,2.97391075973985,,1242822.0,,,,Eswatini,Sub-Saharan Africa ,Lower middle income,3909.55892378182
SYR,2021,,,,,,94.4199981689453,Syrian Arab Republic,"Middle East, North Africa, Afghanistan & Pakistan",Low income,663.614245706815
TCD,2015,3.30415979759636,,14647621.0,1130.0,,,Chad,Sub-Saharan Africa ,Low income,993.990730610869
TCD,2016,-4.12250332670322,,15114655.0,940.0,,22.3099994659424,Chad,Sub-Saharan Africa ,Low income,861.831767630746
TCD,2017,-1.61746922760291,,15622759.0,830.0,,,Chad,Sub-Saharan Africa ,Low income,854.46120040098
TCD,2018,5.74111580758154,,16156531.0,890.0,,,Chad,Sub-Saharan Africa ,Low income,948.656629871231
TCD,2019,5.3828220290379,,16685223.0,920.0,,30.6299991607666,Chad,Sub-Saharan Africa ,Low income,893.336441643325
TCD,2020,-0.393646583111035,,17224679.0,890.0,,,Chad,Sub-Saharan Africa ,Low income,866.947814890409
TCD,2021,0.29344264815208,,17828273.0,890.0,,,Chad,Sub-Saharan Africa ,Low income,946.358500208374
TCD,2022,4.12969897676332,,18455316.0,950.0,,,Chad,Sub-Saharan Africa ,Low income,966.036468278568
TCD,2023,3.98004368401293,,19319064.0,960.0,,,Chad,Sub-Saharan Africa ,Low income,949.333453674592
TCD,2024,4.19925854085865,,20299123.0,940.0,,,Chad,Sub-Saharan Africa ,Low income,961.55975562506
TGO,2017,,,,,,60.9182911842179,Togo,Sub-Saharan Africa ,Low income,792.765700965864
TGO,2019,,,,,,66.5400009155273,Togo,Sub-Saharan Africa ,Low income,826.255209019798
TGO,2022,,,,,,72.5999984741211,Togo,Sub-Saharan Africa ,Low income,951.232378690387
THA,2016,,,,,,91.9800033569336,Thailand,East Asia & Pacific,Upper middle income,5833.57715617098
THA,2018,,,,,,93.7699966430664,Thailand,East Asia & Pacific,Upper middle income,7099.77650081458
THA,2019,,,,,,91.2699966430664,Thailand,East Asia & Pacific,Upper middle income,7605.69657797759
THA,2022,,,,,,91.0999984741211,Thailand,East Asia & Pacific,Upper middle income,6909.35281815827
TKM,2022,,,,,,99.9000015258789,Turkmenistan,Europe & Central Asia,Upper middle income,5837.84224538947
TLS,2016,,,,,,65.7799987792969,Timor-Leste,East Asia & Pacific,Lower middle income,1335.54391073349
TLS,2022,,,,,,72.4700012207031,Timor-Leste,East Asia & Pacific,Lower middle income,2343.24954740187
TON,2016,,,,,,97.1500015258789,Tonga,East Asia & Pacific,Upper middle income,3987.98626206287
TON,2019,,,,,,91.0500030517578,Tonga,East Asia & Pacific,Upper middle income,4788.83342304684
TUN,2018,,,,,,79.4800033569336,Tunisia,"Middle East, North Africa, Afghanistan & Pakistan",Lower middle income,3628.10366464236
TUN,2019,,,,,,80.5500030517578,Tunisia,"Middle East, North Africa, Afghanistan & Pakistan",Lower middle income,3528.87213306798
TUN,2021,,,,,,83.6800003051758,Tunisia,"Middle East, North Africa, Afghanistan & Pakistan",Lower middle income,3906.93926319391
TUN,2023,,,,,,86.25,Tunisia,"Middle East, North Africa, Afghanistan & Pakistan",Lower middle income,3951.11683376921
TUR,2016,,,,,,95.8600006103516,Turkiye,Europe & Central Asia,Upper middle income,10984.3643169061
TUR,2017,,,,,,96.1500015258789,Turkiye,Europe & Central Asia,Upper middle income,10756.3877677883
TUR,2019,,,,,,96.7399978637695,Turkiye,Europe & Central Asia,Upper middle income,9395.23378001368
TUR,2021,,,,,,97.2600021362305,Turkiye,Europe & Central Asia,Upper middle income,9981.76398411336
TUV,2022,,,,,,100.0,Tuvalu,East Asia & Pacific,Upper middle income,5911.32727055301
TZA,2020,,,,,,82.232634463345,Tanzania,Sub-Saharan Africa ,Lower middle income,1117.41528320313
TZA,2022,,,,,,78.2099990844727,Tanzania,Sub-Saharan Africa ,Lower middle income,1207.52062988281
UGA,2016,,,,,,69.0999984741211,Uganda,Sub-Saharan Africa ,Low income,752.696571725656
UGA,2021,,,,,,79.0582329588683,Uganda,Sub-Saharan Africa ,Low income,882.791717542504
URY,2016,,,,,,98.5599975585938,Uruguay,Latin America & Caribbean ,High income,17009.7584207276
URY,2017,,,,,,98.620002746582,Uruguay,Latin America & Caribbean ,High income,19184.6502617082
URY,2018,,,,,,98.6999969482422,Uruguay,Latin America & Caribbean ,High income,19249.9404677501
URY,2019,,,,,,98.7699966430664,Uruguay,Latin America & Caribbean ,High income,18315.7316980028
URY,2020,,,,,,98.9665883559203,Uruguay,Latin America & Caribbean ,High income,15757.5355995779
URY,2022,,,,,,98.8499984741211,Uruguay,Latin America & Caribbean ,High income,20818.6146091144
URY,2023,,,,,,98.8671517186373,Uruguay,Latin America & Caribbean ,High income,23019.4221560046
URY,2024,,,,,,98.9100036621094,Uruguay,Latin America & Caribbean ,High income,23906.5133029408
UZB,2016,,,,,,99.9899978637695,Uzbekistan,Europe & Central Asia,Lower middle income,2753.37951427589
UZB,2018,,,,,,99.9899978637695,Uzbekistan,Europe & Central Asia,Lower middle income,1813.08530813664
UZB,2019,,,,,,100.0,Uzbekistan,Europe & Central Asia,Lower middle income,2041.38480729431
UZB,2021,,,,,,100.0,Uzbekistan,Europe & Central Asia,Lower middle income,2258.51964119278
UZB,2022,,,,,,100.0,Uzbekistan,Europe & Central Asia,Lower middle income,2578.66689394219
VEN,2016,,,,,,97.129997253418,"Venezuela, RB",Latin America & Caribbean ,Not classified,3670.15737848208
VEN,2017,,,,,,97.1867494381301,"Venezuela, RB",Latin America & Caribbean ,Not classified,3791.33160682077
VGB,2015,,,34498.0,,,,British Virgin Islands,Latin America & Caribbean ,High income,
VGB,2016,,,33878.0,,,,British Virgin Islands,Latin America & Caribbean ,High income,
VGB,2017,,,32699.0,,,,British Virgin Islands,Latin America & Caribbean ,High income,
VGB,2018,,,34657.0,,,,British Virgin Islands,Latin America & Caribbean ,High income,
VGB,2019,,,36395.0,,,,British Virgin Islands,Latin America & Caribbean ,High income,
VGB,2020,,,37135.0,,,,British Virgin Islands,Latin America & Caribbean ,High income,
VGB,2021,,,37809.0,,,,British Virgin Islands,Latin America & Caribbean ,High income,
VGB,2022,,,38319.0,,,,British Virgin Islands,Latin America & Caribbean ,High income,
VGB,2023,,,38985.0,,,,British Virgin Islands,Latin America & Caribbean ,High income,
VGB,2024,,,39471.0,,,,British Virgin Islands,Latin America & Caribbean ,High income,
VNM,2019,,,,,,95.75,Viet Nam,East Asia & Pacific,Lower middle income,3440.90025375434
VNM,2022,,,,,,96.129997253418,Viet Nam,East Asia & Pacific,Lower middle income,4147.69777213621
VUT,2019,,,,,,92.7475057391313,Vanuatu,East Asia & Pacific,Lower middle income,3207.44650452083
VUT,2020,,,,,,89.8307065699515,Vanuatu,East Asia & Pacific,Lower middle income,3042.98711598286
VUT,2023,,,,,,87.9599990844727,Vanuatu,East Asia & Pacific,Lower middle income,3482.61458237637
WSM,2016,,,,,,99.4000015258789,Samoa,East Asia & Pacific,Upper middle income,4147.07097674888
WSM,2017,,,,,,100.0,Samoa,East Asia & Pacific,Upper middle income,4307.59381964907
WSM,2019,,,,,,97.9899978637695,Samoa,East Asia & Pacific,Upper middle income,4351.94234943706
ZAF,2016,,,,,,91.7399978637695,South Africa,Sub-Saharan Africa ,Upper middle income,5651.20585165749
ZAF,2019,,,,,,95.0199966430664,South Africa,Sub-Saharan Africa ,Upper middle income,6533.71121032856
ZAF,2021,,,,,,90.0,South Africa,Sub-Saharan Africa ,Upper middle income,6828.75624590017
ZAF,2024,,,,,,91.1500015258789,South Africa,Sub-Saharan Africa ,Upper middle income,6267.186814093
ZMB,2018,,,,,,71.129997253418,Zambia,Sub-Saharan Africa ,Lower middle income,1463.89997855593
ZMB,2020,,,,,,81.7591544152556,Zambia,Sub-Saharan Africa ,Lower middle income,951.644316655957
ZMB,2021,,,,,,79.9450094407671,Zambia,Sub-Saharan Africa ,Lower middle income,1127.16077872857
ZMB,2022,,,,,,79.9751431296375,Zambia,Sub-Saharan Africa ,Lower middle income,1447.12310138035
ZMB,2023,,,,,,82.0418064991238,Zambia,Sub-Saharan Africa ,Lower middle income,1330.72780576709
ZWE,2019,,,,,,93.2300033569336,Zimbabwe,Sub-Saharan Africa ,Lower middle income,2184.32923855469
